Comuna,Codigo_comuna,Barrio,Codigo_barrio,Estrato_0,Estrato_1,Estrato_2,Estrato_3,Estrato_4,Estrato_5,Estrato_6,Annio
POPULAR,01,SANTO DOMINGO SAVIO No. 1,0101,0,694,2253,0,0,0,0,2009
POPULAR,01,SANTO DOMINGO SAVIO No. 2,0102,0,5,3,0,0,0,0,2009
POPULAR,01,POPULAR,0103,0,386,2694,0,0,0,0,2009
POPULAR,01,GRANIZAL,0104,0,219,1491,0,0,0,0,2009
POPULAR,01,MOSCU No. 2,0105,0,311,1861,0,0,0,0,2009
POPULAR,01,VILLA GUADALUPE,0106,0,313,1511,6,0,0,0,2009
POPULAR,01,SAN PABLO,0107,0,92,223,0,0,0,0,2009
POPULAR,01,EL COMPROMISO,0108,0,519,2,0,0,0,0,2009
POPULAR,01,ALDEA PABLO VI,0109,0,320,1,0,0,0,0,2009
POPULAR,01,LA ESPERANZA No. 2,0110,0,432,26,0,0,0,0,2009
POPULAR,01,LA AVANZADA,0111,0,783,10,0,0,0,0,2009
POPULAR,01,CARPINELO,0112,0,1172,7,1,0,0,0,2009
SANTA CRUZ,02,LA ISLA,0201,0,281,1614,1,0,0,0,2009
SANTA CRUZ,02,EL PLAYON DE LOS COMUNEROS,0202,0,576,1034,0,0,0,0,2009
SANTA CRUZ,02,PABLO VI,0203,0,3,699,0,0,0,0,2009
SANTA CRUZ,02,LA FRONTERA,0204,0,125,714,0,0,0,0,2009
SANTA CRUZ,02,LA FRANCIA,0205,0,294,1957,1,0,0,0,2009
SANTA CRUZ,02,ANDALUCIA,0206,0,99,1338,0,0,0,0,2009
SANTA CRUZ,02,VILLA DEL SOCORRO,0207,0,166,1620,1,0,0,0,2009
SANTA CRUZ,02,VILLA NIZA,0208,0,107,870,0,0,0,0,2009
SANTA CRUZ,02,MOSCU No. 1,0209,0,168,1388,5,0,0,0,2009
SANTA CRUZ,02,SANTA CRUZ,0210,0,98,1734,0,0,0,0,2009
SANTA CRUZ,02,LA ROSA,0211,0,241,853,0,0,0,0,2009
MANRIQUE,03,LA SALLE,0301,0,45,1747,0,0,0,0,2009
MANRIQUE,03,LAS GRANJAS,0302,0,276,3743,3,0,0,0,2009
MANRIQUE,03,CAMPO VALDES No. 2,0303,0,0,2,0,0,0,0,2009
MANRIQUE,03,SANTA INES,0304,0,213,1015,1,0,0,0,2009
MANRIQUE,03,EL RAIZAL,0305,0,296,1549,1,0,0,0,2009
MANRIQUE,03,EL POMAR,0306,0,0,2,0,0,0,0,2009
MANRIQUE,03,MANRIQUE CENTRAL No. 2,0307,0,0,1,0,0,0,0,2009
MANRIQUE,03,MANRIQUE ORIENTAL,0308,0,27,1600,289,0,0,0,2009
MANRIQUE,03,VERSALLES No. 1,0309,0,551,2018,0,0,0,0,2009
MANRIQUE,03,VERSALLES No. 2,0310,0,773,20,0,0,0,0,2009
MANRIQUE,03,LA CRUZ,0311,0,932,5,1,0,0,0,2009
MANRIQUE,03,ORIENTE,0312,1,492,8,2,0,0,0,2009
MANRIQUE,03,MARIA CANO-CARAMBOLAS,0313,0,635,1,0,0,0,0,2009
MANRIQUE,03,SAN JOSE LA CIMA No. 1,0314,0,18,4,0,0,0,0,2009
MANRIQUE,03,SAN JOSE LA CIMA No. 2,0315,0,22,2,0,0,0,0,2009
ARANJUEZ,04,BERLIN,0401,0,0,1,0,0,0,0,2009
ARANJUEZ,04,SAN ISIDRO,0402,0,1,6,0,0,0,0,2009
ARANJUEZ,04,PALERMO,0403,0,270,792,0,0,0,0,2009
ARANJUEZ,04,BERMEJAL-LOS ALAMOS,0404,0,185,935,0,0,0,0,2009
ARANJUEZ,04,MORAVIA,0405,0,1437,2476,0,0,0,0,2009
ARANJUEZ,04,SAN PEDRO,0408,0,11,448,256,0,0,0,2009
ARANJUEZ,04,CAMPO VALDES No. 1,0410,0,0,0,1,0,0,0,2009
ARANJUEZ,04,ARANJUEZ,0413,0,0,1,0,0,0,0,2009
ARANJUEZ,04,MIRANDA,0415,0,9,897,18,0,0,0,2009
CASTILLA,05,TOSCANA,0501,0,47,537,415,0,0,0,2009
CASTILLA,05,HECTOR ABAD GOMEZ,0507,0,58,497,114,0,0,0,2009
CASTILLA,05,BELALCAZAR,0508,0,0,1,0,0,0,0,2009
DOCE DE OCTUBRE,06,SANTANDER,0601,0,27,2058,1,0,0,0,2009
DOCE DE OCTUBRE,06,DOCE DE OCTUBRE No. 1,0602,0,64,2197,3,0,0,0,2009
DOCE DE OCTUBRE,06,DOCE DE OCTUBRE No. 2,0603,0,28,2068,18,1,0,0,2009
DOCE DE OCTUBRE,06,PEDREGAL,0604,0,0,3,1,0,0,0,2009
DOCE DE OCTUBRE,06,LA ESPERANZA,0605,0,1,1,0,0,0,0,2009
DOCE DE OCTUBRE,06,SAN MARTIN DE PORRES,0606,0,29,1675,570,0,0,0,2009
DOCE DE OCTUBRE,06,KENNEDY,0607,0,40,4021,50,1,0,0,2009
DOCE DE OCTUBRE,06,PICACHO,0608,0,1140,958,2,0,0,0,2009
DOCE DE OCTUBRE,06,PICACHITO,0609,0,660,84,0,0,0,0,2009
DOCE DE OCTUBRE,06,MIRADOR DEL DOCE,0610,0,503,46,0,0,0,0,2009
DOCE DE OCTUBRE,06,PROGRESO No. 2,0611,0,699,61,0,0,0,0,2009
DOCE DE OCTUBRE,06,EL TRIUNFO,0612,0,575,44,0,0,0,0,2009
ROBLEDO,07,CERRO EL VOLADOR,0702,0,1,93,40,0,0,0,2009
ROBLEDO,07,FACULTAD DE MINAS,0705,0,1,0,0,0,0,0,2009
ROBLEDO,07,BOSQUES DE SAN PABLO,0707,0,0,0,1,0,0,0,2009
ROBLEDO,07,LOPEZ DE MESA,0710,0,0,7,3,0,0,0,2009
ROBLEDO,07,EL DIAMANTE,0711,0,21,2046,292,11,0,0,2009
ROBLEDO,07,AURES No. 1,0712,0,33,2884,89,0,0,0,2009
ROBLEDO,07,AURES No. 2,0713,0,71,2519,2,0,0,0,2009
ROBLEDO,07,BELLO HORIZONTE,0714,0,2,997,71,0,0,0,2009
ROBLEDO,07,VILLA FLORA,0715,0,6,577,79,0,0,0,2009
ROBLEDO,07,PALENQUE,0716,0,0,0,2,0,0,0,2009
ROBLEDO,07,ROBLEDO,0717,0,2,5,0,0,0,0,2009
ROBLEDO,07,FUENTE CLARA,0719,0,146,220,0,0,0,0,2009
ROBLEDO,07,SANTA MARGARITA,0720,0,402,703,0,0,0,0,2009
ROBLEDO,07,PAJARITO,0723,0,0,1,0,0,0,0,2009
ROBLEDO,07,NUEVA VILLA DE LA IGUANA,0725,0,515,38,0,0,0,0,2009
VILLA HERMOSA,08,VILLA HERMOSA,0801,0,0,5,7,0,0,0,2009
VILLA HERMOSA,08,LA MANSION,0802,0,0,2,0,0,0,0,2009
VILLA HERMOSA,08,SAN MIGUEL,0803,0,0,0,1,0,0,0,2009
VILLA HERMOSA,08,LA LADERA,0804,0,0,1,0,0,0,0,2009
VILLA HERMOSA,08,BATALLON GIRARDOT,0805,0,0,5,0,0,0,0,2009
VILLA HERMOSA,08,LLANADITAS,0806,0,1334,7,7,0,0,0,2009
VILLA HERMOSA,08,LOS MANGOS,0807,0,584,1893,13,1,0,0,2009
VILLA HERMOSA,08,ENCISO,0808,0,9,629,919,0,0,0,2009
VILLA HERMOSA,08,SUCRE,0809,0,11,179,508,0,0,0,2009
VILLA HERMOSA,08,EL PINAL,0810,1,221,2156,0,0,0,0,2009
VILLA HERMOSA,08,TRECE DE NOVIEMBRE,0811,0,1230,2,0,0,0,0,2009
VILLA HERMOSA,08,LA LIBERTAD,0812,0,641,752,0,0,0,0,2009
VILLA HERMOSA,08,VILLA TINA,0813,0,937,1337,0,0,0,0,2009
VILLA HERMOSA,08,SAN ANTONIO,0814,0,653,64,0,0,0,0,2009
VILLA HERMOSA,08,LAS ESTANCIAS,0815,0,821,874,1,0,0,0,2009
VILLA HERMOSA,08,VILLA TURBAY,0816,0,656,5,1,0,0,0,2009
VILLA HERMOSA,08,LA SIERRA,0817,0,508,5,0,0,0,0,2009
VILLA HERMOSA,08,VILLA LILIAM,0819,0,348,616,0,0,0,0,2009
BUENOS AIRES,09,JUAN PABLO II,0901,0,213,126,0,0,0,0,2009
BUENOS AIRES,09,BARRIOS DE JESUS,0902,0,137,805,13,0,0,0,2009
BUENOS AIRES,09,BOMBONA No. 2,0903,0,10,866,426,0,0,0,2009
BUENOS AIRES,09,LOS CERROS-EL VERGEL,0904,0,1,0,0,0,0,0,2009
BUENOS AIRES,09,ALEJANDRO ECHAVARRIA,0905,0,0,2,0,0,0,0,2009
BUENOS AIRES,09,BUENOS AIRES,0907,0,2,1,0,0,0,0,2009
BUENOS AIRES,09,LA MILAGROSA,0910,0,0,8,3,0,0,0,2009
BUENOS AIRES,09,EL SALVADOR,0912,0,0,1,0,0,0,0,2009
BUENOS AIRES,09,LORETO,0913,0,38,1854,1080,0,0,0,2009
BUENOS AIRES,09,OCHO DE MARZO,0917,0,239,42,1,0,0,0,2009
LA AMERICA,12,FERRINI,1201,0,1,5,0,0,0,0,2009
LA AMERICA,12,LA FLORESTA,1205,0,0,1,0,0,0,0,2009
LA AMERICA,12,CALASANZ PARTE ALTA,1213,0,0,4,0,0,0,0,2009
SAN JAVIER,13,EL PESEBRE,1301,0,1079,157,0,0,0,0,2009
SAN JAVIER,13,BLANQUIZAL,1302,0,457,429,1,0,0,0,2009
SAN JAVIER,13,SANTA ROSA DE LIMA,1303,0,1,0,0,0,0,0,2009
SAN JAVIER,13,LOS ALCAZARES,1304,0,3,2,0,0,0,0,2009
SAN JAVIER,13,METROPOLITANO,1305,0,4,2,0,0,0,0,2009
SAN JAVIER,13,LA PRADERA,1306,0,2,4,0,0,0,0,2009
SAN JAVIER,13,JUAN XXIII LA QUIEBRA,1307,0,441,629,0,0,0,0,2009
SAN JAVIER,13,SAN JAVIER No. 2,1308,0,0,0,1,0,0,0,2009
SAN JAVIER,13,SAN JAVIER No. 1,1309,0,1,5,0,0,0,0,2009
SAN JAVIER,13,VEINTE DE JULIO,1310,0,161,1302,21,0,0,0,2009
SAN JAVIER,13,BELENCITO,1311,0,4,0,0,0,0,0,2009
SAN JAVIER,13,BETANIA,1312,0,106,995,29,0,0,0,2009
SAN JAVIER,13,EL CORAZON,1313,0,25,684,2,0,0,0,2009
SAN JAVIER,13,LAS INDEPENDENCIAS,1314,0,2210,75,1,0,0,0,2009
SAN JAVIER,13,NUEVOS CONQUISTADORES,1315,0,1535,23,1,0,0,0,2009
SAN JAVIER,13,EL SALADO,1316,0,1276,139,59,0,0,0,2009
SAN JAVIER,13,EDUARDO SANTOS,1317,0,51,313,188,0,0,0,2009
SAN JAVIER,13,ANTONIO NARIÑO,1318,0,390,1568,109,0,0,0,2009
SAN JAVIER,13,EL SOCORRO,1319,0,28,675,76,0,0,0,2009
GUAYABAL,15,LA COLINA,1511,0,14,1408,783,0,0,0,2009
BELEN,16,BELEN,1603,0,0,1,0,0,0,0,2009
BELEN,16,LA HONDONADA,1609,0,0,1,2,0,0,0,2009
BELEN,16,EL RINCON,1610,0,398,2160,475,0,0,0,2009
BELEN,16,LOMA DE LOS BERNAL,1611,0,0,2,0,0,0,0,2009
BELEN,16,LA GLORIA,1612,0,1,3,0,0,0,0,2009
BELEN,16,ALTAVISTA,1613,0,29,1625,419,0,0,0,2009
BELEN,16,LOS ALPES,1615,0,1,4,0,0,0,0,2009
BELEN,16,LAS VIOLETAS,1616,0,47,1739,164,0,0,0,2009
SAN CRISTOBAL,60,CABECERA URBANA SAN CRISTOBAL,6000,0,135,2129,657,0,0,0,2009
SAN CRISTOBAL,60,LA LOMA,6001,1,218,1274,50,0,0,0,2009
SAN CRISTOBAL,60,LA PALMA-EL PATIO,6002,0,63,317,5,0,0,0,2009
SAN CRISTOBAL,60,LAS PLAYAS,6003,0,2,55,2,0,0,0,2009
SAN CRISTOBAL,60,EL UVITO,6004,0,5,34,0,0,0,0,2009
SAN CRISTOBAL,60,NARANJAL,6005,0,3,33,0,0,0,0,2009
SAN CRISTOBAL,60,LA CUCHILLA,6006,0,12,55,1,0,0,0,2009
SAN CRISTOBAL,60,EL LLANO,6007,0,26,144,6,0,0,0,2009
SAN CRISTOBAL,60,TRAVESIAS,6008,0,27,149,11,0,0,0,2009
SAN CRISTOBAL,60,PEDREGAL ALTO,6009,0,8,210,3,0,0,0,2009
SAN CRISTOBAL,60,PAJARITO,6011,0,262,1313,12,2,0,0,2009
SAN CRISTOBAL,60,EL PICACHO,6012,0,19,3,0,0,0,0,2009
SAN CRISTOBAL,60,EL CARMELO,6013,0,0,5,0,0,0,0,2009
SAN CRISTOBAL,60,YOLOMBO,6014,0,2,9,0,0,0,0,2009
SAN CRISTOBAL,60,SAN JOSE DE LA MONTAÑA,6015,0,13,88,4,0,0,0,2009
SAN CRISTOBAL,60,BOQUERON,6016,0,8,40,2,0,0,0,2009
ALTAVISTA,70,ALTAVISTA SECTOR CENTRAL,7001,0,202,1518,29,1,0,0,2009
ALTAVISTA,70,LA ESPERANZA,7083,0,0,45,0,0,0,0,2009
ALTAVISTA,70,BUGA PATIO BONITO,7084,0,5,27,1,0,0,0,2009
ALTAVISTA,70,EL CORAZON EL MORRO,7088,0,44,293,0,0,0,0,2009
ALTAVISTA,70,SAN JOSE DEL MANZANILLO,7089,0,112,157,0,0,0,0,2009
SAN ANTONIO DE PRADO,80,CABECERA SAN ANTONIO DE PRADO,8000,0,233,5236,1898,4,0,0,2009
SAN ANTONIO DE PRADO,80,EL VERGEL,8001,0,57,1042,42,1,0,0,2009
SAN ANTONIO DE PRADO,80,LA FLORIDA,8002,0,32,194,4,0,0,0,2009
SAN ANTONIO DE PRADO,80,LA VERDE,8005,0,24,216,1,2,1,0,2009
SAN ANTONIO DE PRADO,80,EL SALADO,8006,0,48,44,5,0,0,0,2009
SAN ANTONIO DE PRADO,80,EL ASTILLERO,8007,0,10,3,0,0,0,0,2009
SAN ANTONIO DE PRADO,80,YARUMALITO,8008,0,14,8,0,0,0,0,2009
SAN ANTONIO DE PRADO,80,SUBURBANO POTRERITO,8089,0,1,43,7,0,0,0,2009
SANTA ELENA,90,MEDIA LUNA,9005,0,4,18,10,0,0,0,2009
SANTA ELENA,90,PIEDRAS BLANCAS,9008,0,74,0,0,0,0,0,2009
POPULAR,01,SANTO DOMINGO SAVIO No. 1,0101,0,163,245,1,0,0,0,2010
POPULAR,01,SANTO DOMINGO SAVIO No. 2,0102,0,841,168,1,0,0,0,2010
POPULAR,01,POPULAR,0103,0,199,239,0,0,0,0,2010
POPULAR,01,GRANIZAL,0104,0,13,80,0,0,0,0,2010
POPULAR,01,MOSCU No. 2,0105,0,18,85,0,0,0,0,2010
POPULAR,01,VILLA GUADALUPE,0106,0,19,55,0,0,0,0,2010
POPULAR,01,SAN PABLO,0107,0,306,546,0,0,0,0,2010
POPULAR,01,EL COMPROMISO,0108,0,18,0,0,0,0,0,2010
POPULAR,01,ALDEA PABLO VI,0109,0,26,1,0,0,0,0,2010
POPULAR,01,LA ESPERANZA No. 2,0110,0,20,0,0,0,0,0,2010
POPULAR,01,LA AVANZADA,0111,0,51,1,0,0,0,0,2010
POPULAR,01,CARPINELO,0112,0,92,2,0,0,0,0,2010
SANTA CRUZ,02,LA ISLA,0201,0,30,132,0,0,0,0,2010
SANTA CRUZ,02,EL PLAYON DE LOS COMUNEROS,0202,0,75,93,0,0,0,0,2010
SANTA CRUZ,02,PABLO VI,0203,0,0,60,0,0,0,0,2010
SANTA CRUZ,02,LA FRONTERA,0204,0,36,65,0,0,0,0,2010
SANTA CRUZ,02,LA FRANCIA,0205,0,12,163,0,0,0,0,2010
SANTA CRUZ,02,ANDALUCIA,0206,0,8,114,1,0,0,0,2010
SANTA CRUZ,02,VILLA DEL SOCORRO,0207,0,11,136,0,0,0,0,2010
SANTA CRUZ,02,VILLA NIZA,0208,0,8,66,0,0,0,0,2010
SANTA CRUZ,02,MOSCU No. 1,0209,0,15,113,1,0,0,0,2010
SANTA CRUZ,02,SANTA CRUZ,0210,0,8,180,1,0,0,0,2010
SANTA CRUZ,02,LA ROSA,0211,0,23,69,0,0,0,0,2010
MANRIQUE,03,LA SALLE,0301,0,32,584,4,0,0,0,2010
MANRIQUE,03,LAS GRANJAS,0302,0,228,304,1,0,0,0,2010
MANRIQUE,03,CAMPO VALDES No. 2,0303,0,7,961,2048,0,0,0,2010
MANRIQUE,03,SANTA INES,0304,0,195,650,3,0,0,0,2010
MANRIQUE,03,EL RAIZAL,0305,0,26,58,0,0,0,0,2010
MANRIQUE,03,EL POMAR,0306,0,4,188,424,0,0,0,2010
MANRIQUE,03,MANRIQUE CENTRAL No. 2,0307,0,2,54,719,0,0,0,2010
MANRIQUE,03,MANRIQUE ORIENTAL,0308,0,0,153,33,0,0,0,2010
MANRIQUE,03,VERSALLES No. 1,0309,0,48,177,0,0,0,0,2010
MANRIQUE,03,VERSALLES No. 2,0310,0,71,2,0,0,0,0,2010
MANRIQUE,03,LA CRUZ,0311,0,143,0,0,0,0,0,2010
MANRIQUE,03,ORIENTE,0312,0,101,1,0,0,0,0,2010
MANRIQUE,03,MARIA CANO-CARAMBOLAS,0313,0,70,0,0,0,0,0,2010
MANRIQUE,03,SAN JOSE LA CIMA No. 1,0314,0,363,70,0,0,0,0,2010
MANRIQUE,03,SAN JOSE LA CIMA No. 2,0315,0,229,8,0,0,0,0,2010
ARANJUEZ,04,BERLIN,0401,0,71,314,1255,0,0,0,2010
ARANJUEZ,04,SAN ISIDRO,0402,0,106,649,1750,0,0,0,2010
ARANJUEZ,04,PALERMO,0403,0,18,82,4,0,0,0,2010
ARANJUEZ,04,BERMEJAL-LOS ALAMOS,0404,0,6,85,1,0,0,0,2010
ARANJUEZ,04,MORAVIA,0405,0,222,260,5,0,0,0,2010
ARANJUEZ,04,SEVILLA,0407,0,1,1,300,0,0,0,2010
ARANJUEZ,04,SAN PEDRO,0408,0,1,13,22,0,0,0,2010
ARANJUEZ,04,MANRIQUE CENTRAL No. 1,0409,0,4,73,1195,4,0,0,2010
ARANJUEZ,04,CAMPO VALDES No. 1,0410,0,3,60,2021,0,0,0,2010
ARANJUEZ,04,LAS ESMERALDAS,0411,0,6,287,660,0,0,0,2010
ARANJUEZ,04,LA PIÑUELA,0412,0,19,306,888,0,0,0,2010
ARANJUEZ,04,ARANJUEZ,0413,0,2,161,1162,0,0,0,2010
ARANJUEZ,04,BRASILIA,0414,0,6,292,1502,0,0,0,2010
ARANJUEZ,04,MIRANDA,0415,0,1,99,2,0,0,0,2010
CASTILLA,05,TOSCANA,0501,0,3,45,56,0,0,0,2010
CASTILLA,05,LAS BRISAS,0502,0,4,2,1161,1,0,0,2010
CASTILLA,05,FLORENCIA,0503,0,0,79,1525,0,0,0,2010
CASTILLA,05,TEJELO,0504,0,22,37,1759,0,0,0,2010
CASTILLA,05,BOYACA,0505,0,0,0,877,0,0,0,2010
CASTILLA,05,HECTOR ABAD GOMEZ,0507,0,10,53,46,0,0,0,2010
CASTILLA,05,BELALCAZAR,0508,0,0,373,352,0,0,0,2010
CASTILLA,05,GIRARDOT,0509,0,6,176,1574,0,0,0,2010
CASTILLA,05,TRICENTENARIO,0510,0,0,1,976,0,0,0,2010
CASTILLA,05,CASTILLA,0511,0,5,194,3557,0,0,0,2010
CASTILLA,05,FRANCISCO ANTONIO ZEA,0513,0,4,508,1076,0,0,0,2010
CASTILLA,05,ALFONSO LOPEZ,0514,0,21,452,1392,0,0,0,2010
CASTILLA,05,CARIBE,0517,0,0,0,118,0,0,0,2010
CASTILLA,05,EL PROGRESO,0519,0,5,1,379,18,0,0,2010
DOCE DE OCTUBRE,06,SANTANDER,0601,0,0,257,2,0,0,0,2010
DOCE DE OCTUBRE,06,DOCE DE OCTUBRE No. 1,0602,0,3,222,2,0,0,0,2010
DOCE DE OCTUBRE,06,DOCE DE OCTUBRE No. 2,0603,0,1,251,7,0,0,0,2010
DOCE DE OCTUBRE,06,PEDREGAL,0604,0,0,334,3002,0,0,0,2010
DOCE DE OCTUBRE,06,LA ESPERANZA,0605,0,5,525,3047,0,0,0,2010
DOCE DE OCTUBRE,06,SAN MARTIN DE PORRES,0606,0,2,197,79,0,0,0,2010
DOCE DE OCTUBRE,06,KENNEDY,0607,0,5,459,9,0,0,0,2010
DOCE DE OCTUBRE,06,PICACHO,0608,0,135,119,0,0,0,0,2010
DOCE DE OCTUBRE,06,PICACHITO,0609,0,69,15,1,0,0,0,2010
DOCE DE OCTUBRE,06,MIRADOR DEL DOCE,0610,0,50,8,0,0,0,0,2010
DOCE DE OCTUBRE,06,PROGRESO No. 2,0611,0,71,1,0,0,0,0,2010
DOCE DE OCTUBRE,06,EL TRIUNFO,0612,0,60,5,0,0,0,0,2010
ROBLEDO,07,CERRO EL VOLADOR,0702,0,1,6,0,0,0,0,2010
ROBLEDO,07,SAN GERMAN,0703,0,2,153,238,0,0,0,2010
ROBLEDO,07,FACULTAD DE MINAS,0705,0,0,0,3,0,0,0,2010
ROBLEDO,07,PILARICA,0706,0,0,7,13,1,0,0,2010
ROBLEDO,07,BOSQUES DE SAN PABLO,0707,0,0,0,10,1,0,0,2010
ROBLEDO,07,ALTAMIRA,0708,0,1,1,511,0,0,0,2010
ROBLEDO,07,CORDOBA,0709,0,226,409,652,0,0,0,2010
ROBLEDO,07,LOPEZ DE MESA,0710,0,0,3,671,0,0,0,2010
ROBLEDO,07,EL DIAMANTE,0711,0,3,210,40,0,0,0,2010
ROBLEDO,07,AURES No. 1,0712,0,3,364,35,0,0,0,2010
ROBLEDO,07,AURES No. 2,0713,0,12,351,23,0,0,0,2010
ROBLEDO,07,BELLO HORIZONTE,0714,0,1,164,30,0,0,0,2010
ROBLEDO,07,VILLA FLORA,0715,0,0,83,16,0,0,0,2010
ROBLEDO,07,PALENQUE,0716,0,2,79,714,0,0,0,2010
ROBLEDO,07,ROBLEDO,0717,0,44,308,447,1,0,0,2010
ROBLEDO,07,CUCARACHO,0718,0,83,290,869,1,0,0,2010
ROBLEDO,07,FUENTE CLARA,0719,0,35,52,1,0,0,0,2010
ROBLEDO,07,SANTA MARGARITA,0720,0,30,81,0,0,0,0,2010
ROBLEDO,07,OLAYA HERRERA,0722,0,1297,3,0,0,0,0,2010
ROBLEDO,07,PAJARITO,0723,0,2,66,218,0,0,0,2010
ROBLEDO,07,MONTECLARO,0724,0,0,2,163,0,0,0,2010
ROBLEDO,07,NUEVA VILLA DE LA IGUANA,0725,0,43,9,0,0,0,0,2010
VILLA HERMOSA,08,VILLA HERMOSA,0801,0,3,124,1436,0,0,0,2010
VILLA HERMOSA,08,LA MANSION,0802,0,3,124,921,4,0,0,2010
VILLA HERMOSA,08,SAN MIGUEL,0803,0,1,38,649,206,0,0,2010
VILLA HERMOSA,08,LA LADERA,0804,0,25,225,140,0,0,0,2010
VILLA HERMOSA,08,BATALLON GIRARDOT,0805,0,29,4,21,0,0,0,2010
VILLA HERMOSA,08,LLANADITAS,0806,0,151,3,1,0,0,0,2010
VILLA HERMOSA,08,LOS MANGOS,0807,1,69,236,1,0,0,0,2010
VILLA HERMOSA,08,ENCISO,0808,0,2,87,131,0,0,0,2010
VILLA HERMOSA,08,SUCRE,0809,0,0,29,120,0,0,0,2010
VILLA HERMOSA,08,EL PINAL,0810,0,35,213,5,0,0,0,2010
VILLA HERMOSA,08,TRECE DE NOVIEMBRE,0811,0,131,3,4,0,0,0,2010
VILLA HERMOSA,08,LA LIBERTAD,0812,0,54,41,1,0,0,0,2010
VILLA HERMOSA,08,VILLA TINA,0813,0,43,47,0,0,0,0,2010
VILLA HERMOSA,08,SAN ANTONIO,0814,0,59,3,0,0,0,0,2010
VILLA HERMOSA,08,LAS ESTANCIAS,0815,0,52,34,0,0,0,0,2010
VILLA HERMOSA,08,VILLA TURBAY,0816,0,31,0,0,0,0,0,2010
VILLA HERMOSA,08,LA SIERRA,0817,0,27,1,0,0,0,0,2010
VILLA HERMOSA,08,VILLA LILIAM,0819,0,17,35,0,1,0,0,2010
BUENOS AIRES,09,JUAN PABLO II,0901,0,29,9,3,0,0,0,2010
BUENOS AIRES,09,BARRIOS DE JESUS,0902,0,56,133,21,0,0,0,2010
BUENOS AIRES,09,BOMBONA No. 2,0903,0,0,404,201,1,0,0,2010
BUENOS AIRES,09,LOS CERROS-EL VERGEL,0904,0,1,389,757,1,0,0,2010
BUENOS AIRES,09,ALEJANDRO ECHAVARRIA,0905,0,13,114,1036,0,0,0,2010
BUENOS AIRES,09,BARRIO CAICEDO,0906,0,1,114,606,0,0,0,2010
BUENOS AIRES,09,BUENOS AIRES,0907,0,1,7,924,0,0,0,2010
BUENOS AIRES,09,MIRAFLORES,0908,0,0,8,572,5,0,0,2010
BUENOS AIRES,09,CATALUÑA,0909,0,3,9,1417,0,0,0,2010
BUENOS AIRES,09,LA MILAGROSA,0910,0,1,25,785,0,0,0,2010
BUENOS AIRES,09,GERONA,0911,0,2,30,1135,0,0,0,2010
BUENOS AIRES,09,EL SALVADOR,0912,0,9,412,1748,0,0,0,2010
BUENOS AIRES,09,LORETO,0913,0,2,320,357,1,0,0,2010
BUENOS AIRES,09,ASOMADERA No. 1,0914,0,68,542,63,0,0,0,2010
BUENOS AIRES,09,OCHO DE MARZO,0917,0,22,2,0,0,0,0,2010
LA CANDELARIA,10,PRADO,1001,0,1,2,166,22,0,0,2010
LA CANDELARIA,10,JESUS NAZARENO,1003,0,0,4,352,0,0,0,2010
LA CANDELARIA,10,EL CHAGUALO,1004,0,4,2,722,0,0,0,2010
LA CANDELARIA,10,ESTACION VILLA,1005,0,1,1,161,0,0,0,2010
LA CANDELARIA,10,SAN BENITO,1006,0,2,8,200,0,0,0,2010
LA CANDELARIA,10,GUAYAQUIL,1007,0,0,3,29,0,0,0,2010
LA CANDELARIA,10,CORAZON DE JESUS,1008,0,0,0,0,1,0,0,2010
LA CANDELARIA,10,CALLE NUEVA,1011,0,0,0,0,4,0,0,2010
LA CANDELARIA,10,COLON,1013,0,12,202,317,0,0,0,2010
LA CANDELARIA,10,LAS PALMAS,1014,0,13,557,583,0,0,0,2010
LA CANDELARIA,10,BOMBONA No. 1,1015,0,0,5,356,28,0,0,2010
LA CANDELARIA,10,BOSTON,1016,0,1,32,267,34,0,0,2010
LA CANDELARIA,10,LOS ANGELES,1017,0,0,6,153,6,0,0,2010
LA CANDELARIA,10,VILLA NUEVA,1018,0,3,3,8,20,0,0,2010
LA CANDELARIA,10,LA CANDELARIA,1019,0,0,0,9,2,0,0,2010
LA CANDELARIA,10,SAN DIEGO,1020,0,7,504,47,1,0,0,2010
LAURELES,11,CARLOS E. RESTREPO,1101,0,0,0,1,2,0,0,2010
LAURELES,11,SURAMERICANA,1102,0,0,0,0,1,0,0,2010
LAURELES,11,NARANJAL,1103,0,0,22,53,0,0,0,2010
LAURELES,11,SAN JOAQUIN,1104,0,0,0,24,4,0,0,2010
LAURELES,11,LOS CONQUISTADORES,1105,0,0,0,0,0,2,0,2010
LAURELES,11,BOLIVARIANA,1106,0,0,0,0,2,2,0,2010
LAURELES,11,LAURELES,1107,0,0,0,0,0,1,0,2010
LAURELES,11,LA CASTELLANA,1109,0,0,0,0,0,3,0,2010
LAURELES,11,LORENA,1110,0,0,0,0,6,1,0,2010
LAURELES,11,EL VELODROMO,1111,0,0,0,0,5,0,0,2010
LAURELES,11,ESTADIO,1112,0,0,0,0,0,2,0,2010
LAURELES,11,LOS COLORES,1113,0,0,0,0,2,0,0,2010
LAURELES,11,CUARTA BRIGADA,1114,0,0,1,0,1,0,0,2010
LAURELES,11,FLORIDA NUEVA,1115,0,0,0,1,2,1,0,2010
LA AMERICA,12,FERRINI,1201,0,0,17,28,3,1,0,2010
LA AMERICA,12,CALASANZ,1202,0,0,0,0,0,1,0,2010
LA AMERICA,12,LOS PINOS,1203,0,0,0,0,5,0,0,2010
LA AMERICA,12,LA AMERICA,1204,0,0,0,173,12,0,0,2010
LA AMERICA,12,LA FLORESTA,1205,0,0,0,237,34,0,0,2010
LA AMERICA,12,SANTA LUCIA,1206,0,0,0,817,5,1,0,2010
LA AMERICA,12,EL DANUBIO,1207,0,0,0,164,5,0,0,2010
LA AMERICA,12,CAMPO ALEGRE,1208,0,0,1,96,1,0,0,2010
LA AMERICA,12,SANTA MONICA,1209,0,0,0,13,17,0,0,2010
LA AMERICA,12,CRISTOBAL,1210,0,0,0,472,2,0,0,2010
LA AMERICA,12,SANTA TERESITA,1212,0,1,0,2,2,2,0,2010
LA AMERICA,12,CALASANZ PARTE ALTA,1213,0,1,271,153,0,0,0,2010
SAN JAVIER,13,EL PESEBRE,1301,0,73,68,24,0,0,0,2010
SAN JAVIER,13,BLANQUIZAL,1302,0,60,67,1,0,0,0,2010
SAN JAVIER,13,SANTA ROSA DE LIMA,1303,0,3,372,7,1,0,0,2010
SAN JAVIER,13,LOS ALCAZARES,1304,0,3,17,657,94,0,0,2010
SAN JAVIER,13,METROPOLITANO,1305,0,99,257,75,0,0,0,2010
SAN JAVIER,13,LA PRADERA,1306,0,35,627,1208,1,0,0,2010
SAN JAVIER,13,JUAN XXIII LA QUIEBRA,1307,0,319,71,3,0,0,0,2010
SAN JAVIER,13,SAN JAVIER No. 2,1308,0,0,12,294,84,0,0,2010
SAN JAVIER,13,SAN JAVIER No. 1,1309,0,0,4,489,0,0,0,2010
SAN JAVIER,13,VEINTE DE JULIO,1310,0,9,78,12,0,0,0,2010
SAN JAVIER,13,BELENCITO,1311,0,0,75,153,2,0,0,2010
SAN JAVIER,13,BETANIA,1312,0,1,59,7,0,0,0,2010
SAN JAVIER,13,EL CORAZON,1313,0,11,60,0,0,0,0,2010
SAN JAVIER,13,LAS INDEPENDENCIAS,1314,0,125,4,0,0,0,0,2010
SAN JAVIER,13,NUEVOS CONQUISTADORES,1315,0,88,4,0,0,0,0,2010
SAN JAVIER,13,EL SALADO,1316,0,69,9,18,0,0,0,2010
SAN JAVIER,13,EDUARDO SANTOS,1317,0,2,15,4,0,0,0,2010
SAN JAVIER,13,ANTONIO NARIÑO,1318,0,22,95,8,0,0,0,2010
SAN JAVIER,13,EL SOCORRO,1319,0,0,51,3,0,0,0,2010
EL POBLADO,14,BARRIO COLOMBIA,1401,0,0,1,14,0,0,0,2010
EL POBLADO,14,VILLA CARLOTA,1403,0,0,0,0,2,0,0,2010
EL POBLADO,14,CASTROPOL,1404,0,0,0,1,0,0,0,2010
EL POBLADO,14,LALINDE,1405,0,0,0,0,0,0,1,2010
EL POBLADO,14,ALTOS DEL POBLADO,1408,0,0,0,0,0,0,1,2010
EL POBLADO,14,EL TESORO,1409,0,3,87,23,0,0,0,2010
EL POBLADO,14,LOS NARANJOS,1410,0,5,70,107,0,0,2,2010
EL POBLADO,14,LOS BALSOS No. 1,1411,0,2,78,1,0,0,1,2010
EL POBLADO,14,SAN LUCAS,1412,0,6,1,46,0,0,0,2010
EL POBLADO,14,EL DIAMANTE No. 2,1413,0,0,0,0,0,0,1,2010
EL POBLADO,14,EL CASTILLO,1414,0,0,0,0,0,0,1,2010
EL POBLADO,14,LOS BALSOS No. 2,1415,0,0,1,0,0,0,1,2010
EL POBLADO,14,ALEJANDRIA,1416,0,0,92,43,0,0,0,2010
EL POBLADO,14,LA FLORIDA,1417,0,1,28,1,0,0,0,2010
EL POBLADO,14,MANILA,1419,0,0,0,8,1,0,0,2010
GUAYABAL,15,TENCHE,1502,0,0,5,4,0,0,0,2010
GUAYABAL,15,TRINIDAD,1503,0,81,66,1729,7,0,0,2010
GUAYABAL,15,SANTA FE,1504,0,0,0,2,16,0,0,2010
GUAYABAL,15,CAMPO AMOR,1507,0,2,6,350,13,0,0,2010
GUAYABAL,15,CRISTO REY,1509,0,5,10,1597,8,0,0,2010
GUAYABAL,15,GUAYABAL,1510,0,0,1,135,4,0,0,2010
GUAYABAL,15,LA COLINA,1511,0,5,286,259,0,0,0,2010
BELEN,16,FATIMA,1601,0,1,1,260,7,0,0,2010
BELEN,16,ROSALES,1602,0,0,1,1,1,2,0,2010
BELEN,16,BELEN,1603,0,1,0,166,9,0,0,2010
BELEN,16,GRANADA,1604,0,2,2,222,8,0,0,2010
BELEN,16,SAN BERNARDO,1605,0,9,3,2409,2,0,0,2010
BELEN,16,LAS PLAYAS,1606,0,5,4,1349,0,0,0,2010
BELEN,16,DIEGO ECHAVARRIA,1607,0,1,0,157,1,0,0,2010
BELEN,16,LA MOTA,1608,0,0,74,75,1,0,0,2010
BELEN,16,LA HONDONADA,1609,0,72,88,473,1,0,0,2010
BELEN,16,EL RINCON,1610,0,46,163,209,0,0,0,2010
BELEN,16,LOMA DE LOS BERNAL,1611,0,0,110,2,1,3,0,2010
BELEN,16,LA GLORIA,1612,0,2,9,330,40,0,0,2010
BELEN,16,ALTAVISTA,1613,0,3,99,71,0,0,0,2010
BELEN,16,LA PALMA,1614,0,0,3,46,2,1,0,2010
BELEN,16,LOS ALPES,1615,0,1,7,624,0,0,0,2010
BELEN,16,LAS VIOLETAS,1616,0,3,187,26,0,0,0,2010
BELEN,16,LAS MERCEDES,1617,0,7,111,1014,1,1,0,2010
BELEN,16,NUEVA VILLA DEL ABURRA,1618,0,0,2,4,0,0,0,2010
BELEN,16,MIRAVALLE,1619,0,0,0,0,1,0,0,2010
BELEN,16,CERRO NUTIBARA,1621,0,0,0,0,1,0,0,2010
SAN SEBASTIAN DE PALMITAS,50,LA SUIZA,5001,0,26,9,0,0,0,0,2010
SAN SEBASTIAN DE PALMITAS,50,LA FRISOLA,5002,0,52,62,1,0,0,0,2010
SAN SEBASTIAN DE PALMITAS,50,LA VOLCANA GUAYABAL,5003,0,26,36,0,0,0,0,2010
SAN SEBASTIAN DE PALMITAS,50,PALMITAS SECTOR CENTRAL,5004,0,58,72,9,0,0,0,2010
SAN SEBASTIAN DE PALMITAS,50,LA ALDEA,5005,0,57,100,3,0,0,0,2010
SAN SEBASTIAN DE PALMITAS,50,POTRERA MISERENGA,5006,0,85,57,1,0,0,0,2010
SAN SEBASTIAN DE PALMITAS,50,LA URQUITA,5007,0,43,51,5,0,0,0,2010
SAN CRISTOBAL,60,CABECERA URBANA SAN CRISTOBAL,6000,0,5,84,19,0,0,0,2010
SAN CRISTOBAL,60,LA LOMA,6001,0,169,40,3,0,0,0,2010
SAN CRISTOBAL,60,LA PALMA-EL PATIO,6002,0,1,39,1,0,0,0,2010
SAN CRISTOBAL,60,LAS PLAYAS,6003,0,0,5,1,0,0,0,2010
SAN CRISTOBAL,60,EL UVITO,6004,0,2,5,0,0,0,0,2010
SAN CRISTOBAL,60,NARANJAL,6005,0,0,1,0,0,0,0,2010
SAN CRISTOBAL,60,LA CUCHILLA,6006,0,1,1,0,0,0,0,2010
SAN CRISTOBAL,60,EL LLANO,6007,0,2,11,0,0,0,0,2010
SAN CRISTOBAL,60,TRAVESIAS,6008,0,1,16,0,0,0,0,2010
SAN CRISTOBAL,60,PEDREGAL ALTO,6009,0,0,13,0,0,0,0,2010
SAN CRISTOBAL,60,PAJARITO,6011,0,17,89,240,0,0,0,2010
SAN CRISTOBAL,60,EL PICACHO,6012,0,7,4,0,0,0,0,2010
SAN CRISTOBAL,60,EL CARMELO,6013,0,0,1,0,0,0,0,2010
SAN CRISTOBAL,60,YOLOMBO,6014,0,1,6,2,0,0,0,2010
SAN CRISTOBAL,60,SAN JOSE DE LA MONTAÑA,6015,0,0,5,0,0,0,0,2010
SAN CRISTOBAL,60,BOQUERON,6016,0,1,7,0,0,0,0,2010
ALTAVISTA,70,ALTAVISTA SECTOR CENTRAL,7001,0,20,121,0,0,0,0,2010
ALTAVISTA,70,EL CORAZON EL MORRO,7088,0,25,54,0,0,0,0,2010
ALTAVISTA,70,SAN JOSE DEL MANZANILLO,7089,0,5,14,0,0,0,0,2010
SAN ANTONIO DE PRADO,80,CABECERA SAN ANTONIO DE PRADO,8000,0,15,266,890,2,0,0,2010
SAN ANTONIO DE PRADO,80,EL VERGEL,8001,0,2,41,1,0,0,0,2010
SAN ANTONIO DE PRADO,80,LA FLORIDA,8002,0,0,7,0,0,0,0,2010
SAN ANTONIO DE PRADO,80,LA VERDE,8005,0,3,7,0,0,0,0,2010
SAN ANTONIO DE PRADO,80,EL SALADO,8006,0,3,7,0,0,0,0,2010
SAN ANTONIO DE PRADO,80,EL ASTILLERO,8007,0,2,1,1,0,0,0,2010
SAN ANTONIO DE PRADO,80,YARUMALITO,8008,0,0,3,0,0,0,0,2010
SAN ANTONIO DE PRADO,80,SUBURBANO POTRERITO,8089,0,0,4,0,0,0,0,2010
SANTA ELENA,90,EL CERRO,9001,0,2,35,3,0,0,0,2010
SANTA ELENA,90,EL LLANO SE,9002,0,15,67,2,0,0,0,2010
SANTA ELENA,90,EL PLAN,9003,0,9,122,17,1,0,0,2010
SANTA ELENA,90,LAS PALMAS,9004,0,44,2,0,0,0,0,2010
SANTA ELENA,90,MEDIA LUNA,9005,0,7,31,10,0,0,0,2010
SANTA ELENA,90,SANTA ELENA SECTOR CENTRAL,9006,0,22,162,28,0,0,0,2010
SANTA ELENA,90,EL PLACER,9007,0,7,27,5,0,0,0,2010
SANTA ELENA,90,PIEDRAS BLANCAS,9008,0,44,38,0,0,0,0,2010
SANTA ELENA,90,PIEDRA GORDA,9012,0,15,61,4,0,0,0,2010
SANTA ELENA,90,BARRO BLANCO,9013,0,13,79,8,0,0,0,2010
POPULAR,01,SANTO DOMINGO SAVIO No. 1,0101,0,169,314,0,0,0,0,2011
POPULAR,01,SANTO DOMINGO SAVIO No. 2,0102,0,133,34,0,0,0,0,2011
POPULAR,01,POPULAR,0103,0,107,342,1,0,0,0,2011
POPULAR,01,GRANIZAL,0104,0,25,180,0,0,0,0,2011
POPULAR,01,MOSCU No. 2,0105,1,52,203,0,0,0,0,2011
POPULAR,01,VILLA GUADALUPE,0106,0,39,153,0,0,0,0,2011
POPULAR,01,SAN PABLO,0107,0,75,262,0,0,0,0,2011
POPULAR,01,EL COMPROMISO,0108,0,70,0,0,0,0,0,2011
POPULAR,01,ALDEA PABLO VI,0109,0,54,0,0,0,0,0,2011
POPULAR,01,LA ESPERANZA No. 2,0110,0,43,6,0,0,0,0,2011
POPULAR,01,LA AVANZADA,0111,0,112,0,0,0,0,0,2011
POPULAR,01,CARPINELO,0112,0,174,0,0,0,0,0,2011
SANTA CRUZ,02,LA ISLA,0201,0,31,194,0,0,0,0,2011
SANTA CRUZ,02,EL PLAYON DE LOS COMUNEROS,0202,0,60,88,0,0,0,0,2011
SANTA CRUZ,02,PABLO VI,0203,0,0,83,0,0,0,0,2011
SANTA CRUZ,02,LA FRONTERA,0204,0,17,71,0,0,0,0,2011
SANTA CRUZ,02,LA FRANCIA,0205,0,19,217,0,0,0,0,2011
SANTA CRUZ,02,ANDALUCIA,0206,0,8,126,0,0,0,0,2011
SANTA CRUZ,02,VILLA DEL SOCORRO,0207,0,29,261,0,0,0,0,2011
SANTA CRUZ,02,VILLA NIZA,0208,0,13,119,0,0,0,0,2011
SANTA CRUZ,02,MOSCU No. 1,0209,0,13,142,0,0,0,0,2011
SANTA CRUZ,02,SANTA CRUZ,0210,0,15,200,0,0,0,0,2011
SANTA CRUZ,02,LA ROSA,0211,0,46,94,0,0,0,0,2011
MANRIQUE,03,LA SALLE,0301,0,18,240,1,0,0,0,2011
MANRIQUE,03,LAS GRANJAS,0302,0,80,415,0,0,0,0,2011
MANRIQUE,03,CAMPO VALDES No. 2,0303,0,0,88,133,0,0,0,2011
MANRIQUE,03,SANTA INES,0304,0,60,160,0,0,0,0,2011
MANRIQUE,03,EL RAIZAL,0305,0,36,165,0,0,0,0,2011
MANRIQUE,03,EL POMAR,0306,0,0,15,36,0,0,0,2011
MANRIQUE,03,MANRIQUE CENTRAL No. 2,0307,0,1,14,70,0,0,0,2011
MANRIQUE,03,MANRIQUE ORIENTAL,0308,0,2,187,34,0,0,0,2011
MANRIQUE,03,VERSALLES No. 1,0309,0,64,185,0,0,0,0,2011
MANRIQUE,03,VERSALLES No. 2,0310,0,132,0,0,0,0,0,2011
MANRIQUE,03,LA CRUZ,0311,1,183,1,0,0,0,0,2011
MANRIQUE,03,ORIENTE,0312,0,116,1,0,0,0,0,2011
MANRIQUE,03,MARIA CANO-CARAMBOLAS,0313,0,149,0,0,0,0,0,2011
MANRIQUE,03,SAN JOSE LA CIMA No. 1,0314,0,47,10,0,0,0,0,2011
MANRIQUE,03,SAN JOSE LA CIMA No. 2,0315,0,37,2,0,0,0,0,2011
ARANJUEZ,04,BERLIN,0401,0,9,34,82,1,0,0,2011
ARANJUEZ,04,SAN ISIDRO,0402,0,16,95,115,0,0,0,2011
ARANJUEZ,04,PALERMO,0403,0,45,104,1,0,0,0,2011
ARANJUEZ,04,BERMEJAL-LOS ALAMOS,0404,0,19,104,0,0,0,0,2011
ARANJUEZ,04,MORAVIA,0405,0,236,372,2,1,0,0,2011
ARANJUEZ,04,SEVILLA,0407,0,0,1,46,1,0,0,2011
ARANJUEZ,04,SAN PEDRO,0408,0,1,75,42,1,0,0,2011
ARANJUEZ,04,MANRIQUE CENTRAL No. 1,0409,0,0,4,117,0,0,0,2011
ARANJUEZ,04,CAMPO VALDES No. 1,0410,0,0,8,156,1,0,0,2011
ARANJUEZ,04,LAS ESMERALDAS,0411,0,4,39,52,0,0,0,2011
ARANJUEZ,04,LA PIÑUELA,0412,0,2,28,67,0,0,0,2011
ARANJUEZ,04,ARANJUEZ,0413,0,0,21,72,0,0,0,2011
ARANJUEZ,04,BRASILIA,0414,0,0,38,168,0,0,0,2011
ARANJUEZ,04,MIRANDA,0415,0,0,162,2,0,0,0,2011
CASTILLA,05,TOSCANA,0501,0,8,60,26,0,0,0,2011
CASTILLA,05,LAS BRISAS,0502,0,0,1,48,1,0,0,2011
CASTILLA,05,FLORENCIA,0503,0,0,5,95,0,0,0,2011
CASTILLA,05,TEJELO,0504,0,4,3,123,0,0,0,2011
CASTILLA,05,BOYACA,0505,0,0,0,35,0,0,0,2011
CASTILLA,05,HECTOR ABAD GOMEZ,0507,0,19,63,11,0,0,0,2011
CASTILLA,05,BELALCAZAR,0508,0,1,57,32,0,0,0,2011
CASTILLA,05,GIRARDOT,0509,0,1,27,118,0,0,0,2011
CASTILLA,05,TRICENTENARIO,0510,0,0,3,50,0,0,0,2011
CASTILLA,05,CASTILLA,0511,0,0,20,196,0,0,0,2011
CASTILLA,05,FRANCISCO ANTONIO ZEA,0513,0,0,67,81,0,0,0,2011
CASTILLA,05,ALFONSO LOPEZ,0514,0,2,38,83,0,0,0,2011
CASTILLA,05,CARIBE,0517,0,0,0,4,0,0,0,2011
CASTILLA,05,EL PROGRESO,0519,0,0,0,18,4,0,0,2011
DOCE DE OCTUBRE,06,SANTANDER,0601,0,1,280,0,0,0,0,2011
DOCE DE OCTUBRE,06,DOCE DE OCTUBRE No. 1,0602,0,5,244,0,0,0,0,2011
DOCE DE OCTUBRE,06,DOCE DE OCTUBRE No. 2,0603,0,1,263,5,0,0,0,2011
DOCE DE OCTUBRE,06,PEDREGAL,0604,0,0,37,205,0,0,0,2011
DOCE DE OCTUBRE,06,LA ESPERANZA,0605,0,2,62,235,0,0,0,2011
DOCE DE OCTUBRE,06,SAN MARTIN DE PORRES,0606,0,0,224,53,1,0,0,2011
DOCE DE OCTUBRE,06,KENNEDY,0607,0,8,434,6,0,0,0,2011
DOCE DE OCTUBRE,06,PICACHO,0608,0,149,118,4,0,0,0,2011
DOCE DE OCTUBRE,06,PICACHITO,0609,0,96,5,0,0,0,0,2011
DOCE DE OCTUBRE,06,MIRADOR DEL DOCE,0610,0,63,8,0,0,0,0,2011
DOCE DE OCTUBRE,06,PROGRESO No. 2,0611,0,73,7,0,0,0,0,2011
DOCE DE OCTUBRE,06,EL TRIUNFO,0612,0,87,3,0,0,0,0,2011
ROBLEDO,07,CERRO EL VOLADOR,0702,0,0,15,3,0,0,0,2011
ROBLEDO,07,SAN GERMAN,0703,0,2,16,17,2,0,0,2011
ROBLEDO,07,FACULTAD DE MINAS,0705,0,0,0,3,0,0,0,2011
ROBLEDO,07,PILARICA,0706,0,0,0,2,2,1,0,2011
ROBLEDO,07,BOSQUES DE SAN PABLO,0707,0,0,0,4,6,0,0,2011
ROBLEDO,07,ALTAMIRA,0708,0,1,0,30,0,0,0,2011
ROBLEDO,07,CORDOBA,0709,0,17,45,35,0,0,0,2011
ROBLEDO,07,LOPEZ DE MESA,0710,0,0,1,33,0,0,0,2011
ROBLEDO,07,EL DIAMANTE,0711,0,2,207,19,0,0,0,2011
ROBLEDO,07,AURES No. 1,0712,0,3,304,5,0,1,0,2011
ROBLEDO,07,AURES No. 2,0713,0,17,280,51,0,0,0,2011
ROBLEDO,07,BELLO HORIZONTE,0714,0,0,104,9,0,0,0,2011
ROBLEDO,07,VILLA FLORA,0715,0,0,82,12,2,0,0,2011
ROBLEDO,07,PALENQUE,0716,0,0,13,49,2,0,0,2011
ROBLEDO,07,ROBLEDO,0717,0,1,32,45,1,0,0,2011
ROBLEDO,07,CUCARACHO,0718,0,9,51,75,1,0,0,2011
ROBLEDO,07,FUENTE CLARA,0719,0,38,39,1,0,0,0,2011
ROBLEDO,07,SANTA MARGARITA,0720,0,46,79,1,0,0,0,2011
ROBLEDO,07,OLAYA HERRERA,0722,0,175,1,0,0,0,0,2011
ROBLEDO,07,PAJARITO,0723,0,1,11,30,0,0,0,2011
ROBLEDO,07,MONTECLARO,0724,0,0,0,15,0,0,0,2011
ROBLEDO,07,NUEVA VILLA DE LA IGUANA,0725,0,77,7,0,0,0,0,2011
VILLA HERMOSA,08,VILLA HERMOSA,0801,0,0,15,97,0,0,0,2011
VILLA HERMOSA,08,LA MANSION,0802,0,0,20,65,0,0,0,2011
VILLA HERMOSA,08,SAN MIGUEL,0803,0,0,12,45,6,0,0,2011
VILLA HERMOSA,08,LA LADERA,0804,0,2,16,6,0,0,0,2011
VILLA HERMOSA,08,BATALLON GIRARDOT,0805,0,2,2,4,0,0,0,2011
VILLA HERMOSA,08,LLANADITAS,0806,0,256,2,0,0,0,0,2011
VILLA HERMOSA,08,LOS MANGOS,0807,0,100,237,2,1,0,0,2011
VILLA HERMOSA,08,ENCISO,0808,0,3,108,109,0,0,0,2011
VILLA HERMOSA,08,SUCRE,0809,0,0,20,64,0,0,0,2011
VILLA HERMOSA,08,EL PINAL,0810,0,27,261,1,0,0,0,2011
VILLA HERMOSA,08,TRECE DE NOVIEMBRE,0811,0,193,6,0,0,0,0,2011
VILLA HERMOSA,08,LA LIBERTAD,0812,0,74,94,0,0,0,0,2011
VILLA HERMOSA,08,VILLA TINA,0813,0,120,148,0,0,0,0,2011
VILLA HERMOSA,08,SAN ANTONIO,0814,0,99,4,0,0,0,0,2011
VILLA HERMOSA,08,LAS ESTANCIAS,0815,0,77,73,0,0,0,0,2011
VILLA HERMOSA,08,VILLA TURBAY,0816,0,54,0,0,0,0,0,2011
VILLA HERMOSA,08,LA SIERRA,0817,0,45,0,0,0,0,0,2011
VILLA HERMOSA,08,VILLA LILIAM,0819,0,55,41,0,0,0,0,2011
BUENOS AIRES,09,JUAN PABLO II,0901,0,43,17,0,0,0,0,2011
BUENOS AIRES,09,BARRIOS DE JESUS,0902,0,21,139,11,0,0,0,2011
BUENOS AIRES,09,BOMBONA No. 2,0903,0,1,157,69,2,0,0,2011
BUENOS AIRES,09,LOS CERROS-EL VERGEL,0904,0,0,41,74,1,0,0,2011
BUENOS AIRES,09,ALEJANDRO ECHAVARRIA,0905,0,4,15,76,0,0,0,2011
BUENOS AIRES,09,BARRIO CAICEDO,0906,0,1,20,88,0,0,0,2011
BUENOS AIRES,09,BUENOS AIRES,0907,0,0,1,113,0,0,0,2011
BUENOS AIRES,09,MIRAFLORES,0908,0,0,2,73,9,0,0,2011
BUENOS AIRES,09,CATALUÑA,0909,0,0,4,108,0,0,0,2011
BUENOS AIRES,09,LA MILAGROSA,0910,0,0,2,77,0,0,0,2011
BUENOS AIRES,09,GERONA,0911,0,0,12,127,0,0,0,2011
BUENOS AIRES,09,EL SALVADOR,0912,0,1,37,172,0,0,0,2011
BUENOS AIRES,09,LORETO,0913,0,3,285,110,3,0,0,2011
BUENOS AIRES,09,ASOMADERA No. 1,0914,0,8,45,3,3,0,0,2011
BUENOS AIRES,09,ASOMADERA No. 2,0915,0,1,1,0,0,0,0,2011
BUENOS AIRES,09,OCHO DE MARZO,0917,0,33,1,0,0,0,0,2011
LA CANDELARIA,10,PRADO,1001,0,0,0,25,74,0,0,2011
LA CANDELARIA,10,JESUS NAZARENO,1003,0,0,1,41,3,0,0,2011
LA CANDELARIA,10,EL CHAGUALO,1004,0,0,0,46,1,0,0,2011
LA CANDELARIA,10,ESTACION VILLA,1005,0,0,0,12,4,0,0,2011
LA CANDELARIA,10,SAN BENITO,1006,0,0,1,22,1,0,0,2011
LA CANDELARIA,10,GUAYAQUIL,1007,0,1,2,3,6,0,0,2011
LA CANDELARIA,10,CORAZON DE JESUS,1008,0,0,1,0,5,0,0,2011
LA CANDELARIA,10,CALLE NUEVA,1011,0,0,2,1,3,0,0,2011
LA CANDELARIA,10,COLON,1013,0,0,20,29,2,0,0,2011
LA CANDELARIA,10,LAS PALMAS,1014,0,0,109,63,0,0,0,2011
LA CANDELARIA,10,BOMBONA No. 1,1015,0,1,1,33,25,0,0,2011
LA CANDELARIA,10,BOSTON,1016,0,1,6,19,60,0,0,2011
LA CANDELARIA,10,LOS ANGELES,1017,0,0,1,13,25,0,0,2011
LA CANDELARIA,10,VILLA NUEVA,1018,0,0,0,9,41,0,0,2011
LA CANDELARIA,10,LA CANDELARIA,1019,0,0,0,8,10,0,0,2011
LA CANDELARIA,10,SAN DIEGO,1020,0,0,65,8,0,0,0,2011
LAURELES,11,CARLOS E. RESTREPO,1101,0,0,0,1,2,0,0,2011
LAURELES,11,SURAMERICANA,1102,0,0,0,0,3,1,0,2011
LAURELES,11,NARANJAL,1103,0,0,6,12,0,1,0,2011
LAURELES,11,SAN JOAQUIN,1104,0,0,0,6,7,0,0,2011
LAURELES,11,LOS CONQUISTADORES,1105,0,0,0,0,0,1,0,2011
LAURELES,11,BOLIVARIANA,1106,0,0,0,0,3,4,0,2011
LAURELES,11,LAURELES,1107,0,0,1,0,0,7,0,2011
LAURELES,11,LAS ACACIAS,1108,0,0,0,0,1,3,0,2011
LAURELES,11,LA CASTELLANA,1109,0,0,1,0,1,2,0,2011
LAURELES,11,LORENA,1110,0,0,0,2,9,3,0,2011
LAURELES,11,EL VELODROMO,1111,0,0,0,0,9,2,0,2011
LAURELES,11,ESTADIO,1112,0,0,0,0,0,3,0,2011
LAURELES,11,LOS COLORES,1113,0,0,0,0,7,4,0,2011
LAURELES,11,CUARTA BRIGADA,1114,0,0,0,0,0,1,0,2011
LAURELES,11,FLORIDA NUEVA,1115,0,0,0,3,6,3,0,2011
LA AMERICA,12,FERRINI,1201,0,0,4,4,2,0,0,2011
LA AMERICA,12,CALASANZ,1202,0,0,0,0,0,2,0,2011
LA AMERICA,12,LOS PINOS,1203,0,0,0,0,8,0,0,2011
LA AMERICA,12,LA AMERICA,1204,0,0,0,18,11,0,0,2011
LA AMERICA,12,LA FLORESTA,1205,0,0,0,26,9,0,0,2011
LA AMERICA,12,SANTA LUCIA,1206,0,0,0,57,2,0,0,2011
LA AMERICA,12,EL DANUBIO,1207,0,0,1,23,12,0,0,2011
LA AMERICA,12,CAMPO ALEGRE,1208,0,0,1,25,12,0,0,2011
LA AMERICA,12,SANTA MONICA,1209,0,0,0,2,29,0,0,2011
LA AMERICA,12,CRISTOBAL,1210,0,0,1,50,1,0,0,2011
LA AMERICA,12,SIMON BOLIVAR,1211,0,0,0,0,0,2,0,2011
LA AMERICA,12,SANTA TERESITA,1212,0,0,0,1,4,6,0,2011
LA AMERICA,12,CALASANZ PARTE ALTA,1213,0,0,38,42,1,0,0,2011
SAN JAVIER,13,EL PESEBRE,1301,0,151,81,26,1,0,0,2011
SAN JAVIER,13,BLANQUIZAL,1302,0,88,55,2,0,0,0,2011
SAN JAVIER,13,SANTA ROSA DE LIMA,1303,0,0,34,1,1,0,0,2011
SAN JAVIER,13,LOS ALCAZARES,1304,0,0,7,65,4,0,0,2011
SAN JAVIER,13,METROPOLITANO,1305,0,21,42,11,0,0,0,2011
SAN JAVIER,13,LA PRADERA,1306,0,8,84,127,1,0,0,2011
SAN JAVIER,13,JUAN XXIII LA QUIEBRA,1307,0,254,113,0,0,0,0,2011
SAN JAVIER,13,SAN JAVIER No. 2,1308,0,0,3,29,3,0,0,2011
SAN JAVIER,13,SAN JAVIER No. 1,1309,0,0,1,43,0,0,0,2011
SAN JAVIER,13,VEINTE DE JULIO,1310,0,19,164,23,0,0,0,2011
SAN JAVIER,13,BELENCITO,1311,0,0,8,16,8,0,0,2011
SAN JAVIER,13,BETANIA,1312,0,0,106,13,0,0,0,2011
SAN JAVIER,13,EL CORAZON,1313,0,6,81,0,0,0,0,2011
SAN JAVIER,13,LAS INDEPENDENCIAS,1314,0,208,4,0,1,0,0,2011
SAN JAVIER,13,NUEVOS CONQUISTADORES,1315,0,143,2,0,0,0,0,2011
SAN JAVIER,13,EL SALADO,1316,0,115,40,24,0,0,0,2011
SAN JAVIER,13,EDUARDO SANTOS,1317,0,4,21,12,0,0,0,2011
SAN JAVIER,13,ANTONIO NARIÑO,1318,0,52,231,11,0,0,0,2011
SAN JAVIER,13,EL SOCORRO,1319,0,2,113,4,0,0,0,2011
EL POBLADO,14,BARRIO COLOMBIA,1401,0,0,0,5,0,0,0,2011
EL POBLADO,14,VILLA CARLOTA,1403,0,0,0,0,0,1,0,2011
EL POBLADO,14,CASTROPOL,1404,0,0,0,0,0,1,1,2011
EL POBLADO,14,LALINDE,1405,0,0,0,0,0,1,0,2011
EL POBLADO,14,ALTOS DEL POBLADO,1408,0,0,1,0,0,0,0,2011
EL POBLADO,14,EL TESORO,1409,0,0,7,3,0,0,0,2011
EL POBLADO,14,LOS NARANJOS,1410,0,0,12,15,0,0,0,2011
EL POBLADO,14,LOS BALSOS No. 1,1411,0,0,13,0,0,0,0,2011
EL POBLADO,14,SAN LUCAS,1412,0,0,1,7,0,0,0,2011
EL POBLADO,14,EL CASTILLO,1414,0,0,0,0,0,0,1,2011
EL POBLADO,14,ALEJANDRIA,1416,0,0,5,7,0,0,0,2011
EL POBLADO,14,LA FLORIDA,1417,0,0,5,0,0,0,4,2011
EL POBLADO,14,EL POBLADO,1418,0,0,0,0,0,1,0,2011
EL POBLADO,14,MANILA,1419,0,0,0,1,7,0,0,2011
EL POBLADO,14,ASTORGA,1420,0,0,0,0,1,1,0,2011
EL POBLADO,14,SANTA MARIA DE LOS ANGELES,1423,0,0,0,0,0,1,0,2011
GUAYABAL,15,TRINIDAD,1503,0,17,17,149,3,0,0,2011
GUAYABAL,15,SANTA FE,1504,0,0,1,2,22,0,0,2011
GUAYABAL,15,CAMPO AMOR,1507,0,0,3,29,14,0,0,2011
GUAYABAL,15,CRISTO REY,1509,0,1,3,141,1,0,0,2011
GUAYABAL,15,GUAYABAL,1510,0,0,0,26,3,0,0,2011
GUAYABAL,15,LA COLINA,1511,0,2,214,130,0,0,0,2011
BELEN,16,FATIMA,1601,0,0,1,25,9,0,0,2011
BELEN,16,ROSALES,1602,0,0,0,0,1,5,0,2011
BELEN,16,BELEN,1603,0,0,0,25,8,1,0,2011
BELEN,16,GRANADA,1604,0,0,0,15,0,0,0,2011
BELEN,16,SAN BERNARDO,1605,0,0,1,195,2,0,0,2011
BELEN,16,LAS PLAYAS,1606,0,0,0,80,0,0,0,2011
BELEN,16,DIEGO ECHAVARRIA,1607,0,0,0,7,1,0,0,2011
BELEN,16,LA MOTA,1608,0,0,16,5,3,1,0,2011
BELEN,16,LA HONDONADA,1609,0,18,6,46,8,0,0,2011
BELEN,16,EL RINCON,1610,0,51,197,67,0,0,0,2011
BELEN,16,LOMA DE LOS BERNAL,1611,0,1,13,0,2,1,0,2011
BELEN,16,LA GLORIA,1612,0,0,0,27,15,0,0,2011
BELEN,16,ALTAVISTA,1613,0,0,180,35,0,0,0,2011
BELEN,16,LA PALMA,1614,0,0,3,5,3,1,0,2011
BELEN,16,LOS ALPES,1615,0,0,5,49,1,0,0,2011
BELEN,16,LAS VIOLETAS,1616,0,4,177,8,0,0,0,2011
BELEN,16,LAS MERCEDES,1617,0,0,14,82,2,0,0,2011
BELEN,16,NUEVA VILLA DEL ABURRA,1618,0,0,2,4,0,1,0,2011
BELEN,16,MIRAVALLE,1619,0,0,0,0,6,0,0,2011
BELEN,16,EL NOGAL-LOS ALMENDROS,1620,0,0,0,0,1,0,0,2011
BELEN,16,CERRO NUTIBARA,1621,0,0,1,0,0,0,0,2011
SAN SEBASTIAN DE PALMITAS,50,LA SUIZA,5001,0,0,4,0,0,0,0,2011
SAN SEBASTIAN DE PALMITAS,50,LA FRISOLA,5002,0,6,4,0,0,0,0,2011
SAN SEBASTIAN DE PALMITAS,50,LA VOLCANA GUAYABAL,5003,0,4,8,0,0,0,0,2011
SAN SEBASTIAN DE PALMITAS,50,PALMITAS SECTOR CENTRAL,5004,0,5,19,0,0,0,0,2011
SAN SEBASTIAN DE PALMITAS,50,LA ALDEA,5005,0,1,4,1,0,0,0,2011
SAN SEBASTIAN DE PALMITAS,50,POTRERA MISERENGA,5006,0,10,4,0,0,0,0,2011
SAN SEBASTIAN DE PALMITAS,50,LA URQUITA,5007,0,5,12,0,0,0,0,2011
SAN CRISTOBAL,60,CABECERA URBANA SAN CRISTOBAL,6000,0,10,199,55,1,1,0,2011
SAN CRISTOBAL,60,LA LOMA,6001,0,136,137,3,0,0,0,2011
SAN CRISTOBAL,60,LA PALMA-EL PATIO,6002,0,14,111,0,1,0,0,2011
SAN CRISTOBAL,60,LAS PLAYAS,6003,0,1,6,0,0,0,0,2011
SAN CRISTOBAL,60,EL UVITO,6004,0,0,5,1,0,0,0,2011
SAN CRISTOBAL,60,NARANJAL,6005,0,0,1,0,0,0,0,2011
SAN CRISTOBAL,60,LA CUCHILLA,6006,0,0,2,0,0,0,0,2011
SAN CRISTOBAL,60,EL LLANO,6007,0,4,30,3,0,0,0,2011
SAN CRISTOBAL,60,TRAVESIAS,6008,0,6,76,4,0,0,0,2011
SAN CRISTOBAL,60,PEDREGAL ALTO,6009,0,1,36,1,0,0,0,2011
SAN CRISTOBAL,60,PAJARITO,6011,0,86,333,146,2,0,0,2011
SAN CRISTOBAL,60,EL PICACHO,6012,0,19,6,1,0,0,0,2011
SAN CRISTOBAL,60,EL CARMELO,6013,0,0,0,1,1,0,0,2011
SAN CRISTOBAL,60,YOLOMBO,6014,0,1,5,2,0,0,0,2011
SAN CRISTOBAL,60,SAN JOSE DE LA MONTAÑA,6015,0,0,19,1,0,0,0,2011
SAN CRISTOBAL,60,BOQUERON,6016,0,0,4,0,0,0,0,2011
ALTAVISTA,70,ALTAVISTA SECTOR CENTRAL,7001,0,25,257,2,0,0,0,2011
ALTAVISTA,70,LA ESPERANZA,7083,0,1,7,1,0,0,0,2011
ALTAVISTA,70,EL CORAZON EL MORRO,7088,0,13,57,1,0,0,0,2011
ALTAVISTA,70,SAN JOSE DEL MANZANILLO,7089,0,19,24,1,0,0,0,2011
SAN ANTONIO DE PRADO,80,CABECERA SAN ANTONIO DE PRADO,8000,0,36,743,352,3,1,0,2011
SAN ANTONIO DE PRADO,80,EL VERGEL,8001,0,7,191,2,0,0,0,2011
SAN ANTONIO DE PRADO,80,LA FLORIDA,8002,0,3,19,2,0,0,0,2011
SAN ANTONIO DE PRADO,80,LA VERDE,8005,0,4,36,2,1,0,0,2011
SAN ANTONIO DE PRADO,80,EL SALADO,8006,0,7,9,0,0,0,0,2011
SAN ANTONIO DE PRADO,80,EL ASTILLERO,8007,0,4,2,1,0,0,0,2011
SAN ANTONIO DE PRADO,80,YARUMALITO,8008,0,0,4,0,0,0,0,2011
SAN ANTONIO DE PRADO,80,SUBURBANO POTRERITO,8089,0,2,8,0,0,0,0,2011
SANTA ELENA,90,EL CERRO,9001,0,1,14,1,0,0,0,2011
SANTA ELENA,90,EL LLANO SE,9002,0,2,30,0,0,0,0,2011
SANTA ELENA,90,EL PLAN,9003,0,4,30,3,2,0,0,2011
SANTA ELENA,90,LAS PALMAS,9004,0,9,1,0,0,0,0,2011
SANTA ELENA,90,MEDIA LUNA,9005,0,7,9,3,0,0,0,2011
SANTA ELENA,90,SANTA ELENA SECTOR CENTRAL,9006,0,11,18,11,1,0,0,2011
SANTA ELENA,90,EL PLACER,9007,0,1,15,4,1,0,0,2011
SANTA ELENA,90,PIEDRAS BLANCAS,9008,0,6,10,0,1,0,0,2011
SANTA ELENA,90,PIEDRA GORDA,9012,0,2,13,1,0,0,0,2011
SANTA ELENA,90,BARRO BLANCO,9013,0,7,23,4,0,0,0,2011
POPULAR,01,SANTO DOMINGO SAVIO No. 1,0101,0,204,399,0,0,0,0,2012
POPULAR,01,SANTO DOMINGO SAVIO No. 2,0102,0,257,35,0,0,0,0,2012
POPULAR,01,POPULAR,0103,0,129,466,3,0,0,0,2012
POPULAR,01,GRANIZAL,0104,0,44,213,1,0,0,0,2012
POPULAR,01,MOSCU No. 2,0105,0,61,270,2,0,0,0,2012
POPULAR,01,VILLA GUADALUPE,0106,0,57,202,2,0,0,0,2012
POPULAR,01,SAN PABLO,0107,0,93,301,0,0,0,0,2012
POPULAR,01,EL COMPROMISO,0108,0,80,1,0,0,0,0,2012
POPULAR,01,ALDEA PABLO VI,0109,0,77,1,0,0,0,0,2012
POPULAR,01,LA ESPERANZA No. 2,0110,0,79,15,0,0,0,0,2012
POPULAR,01,LA AVANZADA,0111,0,204,2,0,0,0,0,2012
POPULAR,01,CARPINELO,0112,0,346,0,1,0,0,0,2012
SANTA CRUZ,02,LA ISLA,0201,0,56,231,0,0,0,0,2012
SANTA CRUZ,02,EL PLAYON DE LOS COMUNEROS,0202,0,121,119,0,0,0,0,2012
SANTA CRUZ,02,PABLO VI,0203,0,4,98,0,0,0,0,2012
SANTA CRUZ,02,LA FRONTERA,0204,0,26,89,0,1,0,0,2012
SANTA CRUZ,02,LA FRANCIA,0205,0,41,275,0,0,0,0,2012
SANTA CRUZ,02,ANDALUCIA,0206,0,17,162,0,0,0,0,2012
SANTA CRUZ,02,VILLA DEL SOCORRO,0207,0,47,299,0,0,0,0,2012
SANTA CRUZ,02,VILLA NIZA,0208,0,21,145,0,0,0,0,2012
SANTA CRUZ,02,MOSCU No. 1,0209,0,26,171,0,0,0,0,2012
SANTA CRUZ,02,SANTA CRUZ,0210,1,10,284,0,0,0,0,2012
SANTA CRUZ,02,LA ROSA,0211,0,40,116,0,0,0,0,2012
MANRIQUE,03,LA SALLE,0301,0,14,334,0,0,0,0,2012
MANRIQUE,03,LAS GRANJAS,0302,0,140,516,4,0,0,0,2012
MANRIQUE,03,CAMPO VALDES No. 2,0303,0,1,114,168,0,0,0,2012
MANRIQUE,03,SANTA INES,0304,0,115,270,3,0,0,0,2012
MANRIQUE,03,EL RAIZAL,0305,0,56,201,0,0,0,0,2012
MANRIQUE,03,EL POMAR,0306,0,0,28,42,0,0,0,2012
MANRIQUE,03,MANRIQUE CENTRAL No. 2,0307,0,0,12,72,0,0,0,2012
MANRIQUE,03,MANRIQUE ORIENTAL,0308,0,3,202,38,0,0,0,2012
MANRIQUE,03,VERSALLES No. 1,0309,0,99,252,1,0,0,0,2012
MANRIQUE,03,VERSALLES No. 2,0310,0,230,1,0,0,0,0,2012
MANRIQUE,03,LA CRUZ,0311,1,253,1,0,0,0,0,2012
MANRIQUE,03,ORIENTE,0312,1,129,0,0,1,0,0,2012
MANRIQUE,03,MARIA CANO-CARAMBOLAS,0313,0,193,1,0,0,0,0,2012
MANRIQUE,03,SAN JOSE LA CIMA No. 1,0314,0,78,22,0,0,0,0,2012
MANRIQUE,03,SAN JOSE LA CIMA No. 2,0315,0,59,5,0,0,0,0,2012
ARANJUEZ,04,BERLIN,0401,0,10,42,79,1,0,0,2012
ARANJUEZ,04,SAN ISIDRO,0402,0,23,123,121,0,0,0,2012
ARANJUEZ,04,PALERMO,0403,0,66,144,0,0,0,0,2012
ARANJUEZ,04,BERMEJAL-LOS ALAMOS,0404,0,23,161,3,2,0,0,2012
ARANJUEZ,04,MORAVIA,0405,0,262,434,1,1,0,0,2012
ARANJUEZ,04,SEVILLA,0407,0,1,3,42,1,0,0,2012
ARANJUEZ,04,SAN PEDRO,0408,0,0,82,44,0,0,0,2012
ARANJUEZ,04,MANRIQUE CENTRAL No. 1,0409,0,0,21,135,0,0,0,2012
ARANJUEZ,04,CAMPO VALDES No. 1,0410,0,0,12,190,1,0,0,2012
ARANJUEZ,04,LAS ESMERALDAS,0411,0,7,45,48,0,0,0,2012
ARANJUEZ,04,LA PIÑUELA,0412,0,3,31,80,1,0,0,2012
ARANJUEZ,04,ARANJUEZ,0413,0,0,17,104,0,0,0,2012
ARANJUEZ,04,BRASILIA,0414,0,2,50,139,0,0,0,2012
ARANJUEZ,04,MIRANDA,0415,0,0,141,8,0,0,0,2012
CASTILLA,05,TOSCANA,0501,0,5,100,30,0,0,0,2012
CASTILLA,05,LAS BRISAS,0502,0,0,2,79,0,0,0,2012
CASTILLA,05,FLORENCIA,0503,0,0,8,119,0,0,0,2012
CASTILLA,05,TEJELO,0504,0,9,1,152,0,0,0,2012
CASTILLA,05,BOYACA,0505,0,0,2,78,0,0,0,2012
CASTILLA,05,HECTOR ABAD GOMEZ,0507,0,30,70,6,0,0,0,2012
CASTILLA,05,BELALCAZAR,0508,0,1,78,46,0,0,0,2012
CASTILLA,05,GIRARDOT,0509,0,0,20,138,1,0,0,2012
CASTILLA,05,TRICENTENARIO,0510,0,1,9,66,0,0,0,2012
CASTILLA,05,CASTILLA,0511,0,0,33,332,0,0,0,2012
CASTILLA,05,FRANCISCO ANTONIO ZEA,0513,0,4,103,87,0,0,0,2012
CASTILLA,05,ALFONSO LOPEZ,0514,0,2,80,118,0,0,0,2012
CASTILLA,05,CARIBE,0517,0,0,1,9,2,0,0,2012
CASTILLA,05,EL PROGRESO,0519,0,0,1,26,4,0,0,2012
DOCE DE OCTUBRE,06,SANTANDER,0601,0,2,367,1,0,0,0,2012
DOCE DE OCTUBRE,06,DOCE DE OCTUBRE No. 1,0602,0,8,343,0,0,0,0,2012
DOCE DE OCTUBRE,06,DOCE DE OCTUBRE No. 2,0603,0,2,311,1,0,0,0,2012
DOCE DE OCTUBRE,06,PEDREGAL,0604,0,0,47,274,0,0,0,2012
DOCE DE OCTUBRE,06,LA ESPERANZA,0605,0,0,68,303,0,0,0,2012
DOCE DE OCTUBRE,06,SAN MARTIN DE PORRES,0606,0,1,290,71,0,0,0,2012
DOCE DE OCTUBRE,06,KENNEDY,0607,0,9,577,4,0,0,0,2012
DOCE DE OCTUBRE,06,PICACHO,0608,0,239,132,4,0,0,0,2012
DOCE DE OCTUBRE,06,PICACHITO,0609,0,152,6,0,0,0,0,2012
DOCE DE OCTUBRE,06,MIRADOR DEL DOCE,0610,0,110,9,0,0,0,0,2012
DOCE DE OCTUBRE,06,PROGRESO No. 2,0611,0,148,6,0,0,0,0,2012
DOCE DE OCTUBRE,06,EL TRIUNFO,0612,0,116,10,0,0,0,0,2012
ROBLEDO,07,CERRO EL VOLADOR,0702,0,1,19,5,1,0,0,2012
ROBLEDO,07,SAN GERMAN,0703,0,0,23,33,3,0,0,2012
ROBLEDO,07,FACULTAD DE MINAS,0705,0,0,0,5,0,1,0,2012
ROBLEDO,07,PILARICA,0706,0,1,4,5,8,1,0,2012
ROBLEDO,07,BOSQUES DE SAN PABLO,0707,0,0,2,1,6,1,0,2012
ROBLEDO,07,ALTAMIRA,0708,0,0,1,28,1,0,0,2012
ROBLEDO,07,CORDOBA,0709,0,58,67,44,0,0,0,2012
ROBLEDO,07,LOPEZ DE MESA,0710,0,0,0,49,0,0,0,2012
ROBLEDO,07,EL DIAMANTE,0711,0,0,240,20,2,0,0,2012
ROBLEDO,07,AURES No. 1,0712,0,5,452,14,0,0,0,2012
ROBLEDO,07,AURES No. 2,0713,0,32,419,42,0,0,0,2012
ROBLEDO,07,BELLO HORIZONTE,0714,0,0,132,7,0,0,0,2012
ROBLEDO,07,VILLA FLORA,0715,0,0,105,20,3,0,0,2012
ROBLEDO,07,PALENQUE,0716,0,1,14,63,9,0,0,2012
ROBLEDO,07,ROBLEDO,0717,0,4,33,47,1,0,0,2012
ROBLEDO,07,CUCARACHO,0718,0,16,58,110,0,0,0,2012
ROBLEDO,07,FUENTE CLARA,0719,0,42,50,1,0,0,0,2012
ROBLEDO,07,SANTA MARGARITA,0720,0,91,101,0,0,0,0,2012
ROBLEDO,07,OLAYA HERRERA,0722,0,245,1,0,0,0,0,2012
ROBLEDO,07,PAJARITO,0723,0,2,10,47,0,0,0,2012
ROBLEDO,07,MONTECLARO,0724,0,0,0,30,0,0,0,2012
ROBLEDO,07,NUEVA VILLA DE LA IGUANA,0725,0,112,12,0,0,0,0,2012
VILLA HERMOSA,08,VILLA HERMOSA,0801,0,2,15,92,1,1,0,2012
VILLA HERMOSA,08,LA MANSION,0802,0,1,21,88,0,0,0,2012
VILLA HERMOSA,08,SAN MIGUEL,0803,0,0,20,61,12,0,0,2012
VILLA HERMOSA,08,LA LADERA,0804,0,0,24,6,0,0,0,2012
VILLA HERMOSA,08,BATALLON GIRARDOT,0805,0,1,1,3,0,0,0,2012
VILLA HERMOSA,08,LLANADITAS,0806,0,286,6,0,0,0,0,2012
VILLA HERMOSA,08,LOS MANGOS,0807,0,122,275,0,0,0,0,2012
VILLA HERMOSA,08,ENCISO,0808,0,5,103,90,0,0,0,2012
VILLA HERMOSA,08,SUCRE,0809,0,0,26,70,0,0,0,2012
VILLA HERMOSA,08,EL PINAL,0810,0,41,312,3,0,0,0,2012
VILLA HERMOSA,08,TRECE DE NOVIEMBRE,0811,0,299,3,0,0,0,0,2012
VILLA HERMOSA,08,LA LIBERTAD,0812,0,90,127,0,0,0,0,2012
VILLA HERMOSA,08,VILLA TINA,0813,0,162,149,0,0,0,0,2012
VILLA HERMOSA,08,SAN ANTONIO,0814,0,95,11,0,0,0,0,2012
VILLA HERMOSA,08,LAS ESTANCIAS,0815,0,133,108,0,0,0,0,2012
VILLA HERMOSA,08,VILLA TURBAY,0816,0,79,0,0,0,0,0,2012
VILLA HERMOSA,08,LA SIERRA,0817,0,77,0,0,0,0,0,2012
VILLA HERMOSA,08,VILLA LILIAM,0819,0,61,83,0,0,0,0,2012
BUENOS AIRES,09,JUAN PABLO II,0901,0,46,19,0,0,0,0,2012
BUENOS AIRES,09,BARRIOS DE JESUS,0902,0,35,153,44,0,0,0,2012
BUENOS AIRES,09,BOMBONA No. 2,0903,0,2,224,80,6,0,0,2012
BUENOS AIRES,09,LOS CERROS-EL VERGEL,0904,0,0,53,85,2,0,0,2012
BUENOS AIRES,09,ALEJANDRO ECHAVARRIA,0905,0,2,6,119,0,0,0,2012
BUENOS AIRES,09,BARRIO CAICEDO,0906,0,1,28,98,0,0,0,2012
BUENOS AIRES,09,BUENOS AIRES,0907,0,0,1,142,1,0,0,2012
BUENOS AIRES,09,MIRAFLORES,0908,0,1,0,84,13,0,0,2012
BUENOS AIRES,09,CATALUÑA,0909,0,3,17,106,0,0,0,2012
BUENOS AIRES,09,LA MILAGROSA,0910,0,1,7,99,0,0,0,2012
BUENOS AIRES,09,GERONA,0911,0,1,17,149,0,0,0,2012
BUENOS AIRES,09,EL SALVADOR,0912,0,1,69,190,0,0,0,2012
BUENOS AIRES,09,LORETO,0913,0,4,422,151,1,0,0,2012
BUENOS AIRES,09,ASOMADERA No. 1,0914,0,18,66,9,7,0,0,2012
BUENOS AIRES,09,ASOMADERA No. 2,0915,0,0,2,0,0,0,0,2012
BUENOS AIRES,09,OCHO DE MARZO,0917,0,58,20,1,0,0,0,2012
LA CANDELARIA,10,PRADO,1001,0,0,1,27,61,0,0,2012
LA CANDELARIA,10,JESUS NAZARENO,1003,0,0,3,65,5,0,0,2012
LA CANDELARIA,10,EL CHAGUALO,1004,0,0,1,60,2,0,0,2012
LA CANDELARIA,10,ESTACION VILLA,1005,0,0,1,18,0,0,0,2012
LA CANDELARIA,10,SAN BENITO,1006,0,0,2,29,3,0,0,2012
LA CANDELARIA,10,GUAYAQUIL,1007,0,0,0,0,6,0,0,2012
LA CANDELARIA,10,CORAZON DE JESUS,1008,0,0,0,0,6,0,0,2012
LA CANDELARIA,10,CALLE NUEVA,1011,0,0,0,1,1,0,0,2012
LA CANDELARIA,10,PERPETUO SOCORRO,1012,0,0,0,1,0,0,0,2012
LA CANDELARIA,10,COLON,1013,0,0,32,51,5,0,0,2012
LA CANDELARIA,10,LAS PALMAS,1014,0,0,156,79,0,0,0,2012
LA CANDELARIA,10,BOMBONA No. 1,1015,0,0,1,63,20,0,0,2012
LA CANDELARIA,10,BOSTON,1016,0,0,2,20,78,0,0,2012
LA CANDELARIA,10,LOS ANGELES,1017,0,0,3,24,28,0,0,2012
LA CANDELARIA,10,VILLA NUEVA,1018,0,1,1,20,33,0,0,2012
LA CANDELARIA,10,LA CANDELARIA,1019,0,0,4,9,17,0,0,2012
LA CANDELARIA,10,SAN DIEGO,1020,0,0,62,11,1,0,0,2012
LAURELES,11,CARLOS E. RESTREPO,1101,0,0,0,1,9,0,0,2012
LAURELES,11,SURAMERICANA,1102,0,0,0,1,3,4,0,2012
LAURELES,11,NARANJAL,1103,0,0,6,13,1,1,0,2012
LAURELES,11,SAN JOAQUIN,1104,0,0,0,5,11,0,0,2012
LAURELES,11,LOS CONQUISTADORES,1105,0,0,0,0,1,3,0,2012
LAURELES,11,BOLIVARIANA,1106,0,0,0,0,6,3,0,2012
LAURELES,11,LAURELES,1107,0,0,0,0,1,1,0,2012
LAURELES,11,LAS ACACIAS,1108,0,0,0,0,0,6,0,2012
LAURELES,11,LA CASTELLANA,1109,0,0,0,2,0,1,0,2012
LAURELES,11,LORENA,1110,0,0,0,0,8,2,0,2012
LAURELES,11,EL VELODROMO,1111,0,0,0,0,5,4,0,2012
LAURELES,11,ESTADIO,1112,0,0,0,0,1,11,0,2012
LAURELES,11,LOS COLORES,1113,0,0,0,0,17,5,0,2012
LAURELES,11,CUARTA BRIGADA,1114,0,0,1,1,6,0,0,2012
LAURELES,11,FLORIDA NUEVA,1115,0,0,0,0,8,3,0,2012
LA AMERICA,12,FERRINI,1201,0,6,5,2,4,0,0,2012
LA AMERICA,12,CALASANZ,1202,0,1,0,1,4,3,0,2012
LA AMERICA,12,LOS PINOS,1203,0,0,0,1,13,0,0,2012
LA AMERICA,12,LA AMERICA,1204,0,1,1,25,17,0,0,2012
LA AMERICA,12,LA FLORESTA,1205,0,0,0,19,16,0,0,2012
LA AMERICA,12,SANTA LUCIA,1206,0,0,0,71,2,0,0,2012
LA AMERICA,12,EL DANUBIO,1207,0,0,2,32,6,0,0,2012
LA AMERICA,12,CAMPO ALEGRE,1208,0,1,3,34,6,0,0,2012
LA AMERICA,12,SANTA MONICA,1209,0,0,0,1,17,0,0,2012
LA AMERICA,12,CRISTOBAL,1210,0,0,0,39,4,0,0,2012
LA AMERICA,12,SIMON BOLIVAR,1211,0,0,1,0,1,2,0,2012
LA AMERICA,12,SANTA TERESITA,1212,0,0,1,3,1,8,0,2012
LA AMERICA,12,CALASANZ PARTE ALTA,1213,0,1,50,61,5,2,0,2012
SAN JAVIER,13,EL PESEBRE,1301,0,216,78,18,0,0,0,2012
SAN JAVIER,13,BLANQUIZAL,1302,0,128,51,0,0,0,0,2012
SAN JAVIER,13,SANTA ROSA DE LIMA,1303,0,5,48,2,1,0,0,2012
SAN JAVIER,13,LOS ALCAZARES,1304,0,0,0,79,2,0,0,2012
SAN JAVIER,13,METROPOLITANO,1305,0,21,35,5,0,0,0,2012
SAN JAVIER,13,LA PRADERA,1306,0,4,89,125,1,0,0,2012
SAN JAVIER,13,JUAN XXIII LA QUIEBRA,1307,0,245,117,2,0,0,0,2012
SAN JAVIER,13,SAN JAVIER No. 2,1308,0,0,4,27,4,0,0,2012
SAN JAVIER,13,SAN JAVIER No. 1,1309,0,0,8,38,0,0,0,2012
SAN JAVIER,13,VEINTE DE JULIO,1310,0,50,234,29,2,0,0,2012
SAN JAVIER,13,BELENCITO,1311,0,0,8,24,6,0,0,2012
SAN JAVIER,13,BETANIA,1312,0,3,147,17,0,0,0,2012
SAN JAVIER,13,EL CORAZON,1313,0,9,81,0,0,0,0,2012
SAN JAVIER,13,LAS INDEPENDENCIAS,1314,0,490,15,0,0,0,0,2012
SAN JAVIER,13,NUEVOS CONQUISTADORES,1315,0,317,3,0,1,0,0,2012
SAN JAVIER,13,EL SALADO,1316,0,248,62,28,0,0,0,2012
SAN JAVIER,13,EDUARDO SANTOS,1317,0,25,42,13,0,0,0,2012
SAN JAVIER,13,ANTONIO NARIÑO,1318,0,66,246,16,0,0,0,2012
SAN JAVIER,13,EL SOCORRO,1319,0,4,136,6,0,0,0,2012
EL POBLADO,14,BARRIO COLOMBIA,1401,0,0,0,1,0,0,0,2012
EL POBLADO,14,VILLA CARLOTA,1403,0,0,0,0,1,0,0,2012
EL POBLADO,14,LALINDE,1405,0,0,0,0,0,1,0,2012
EL POBLADO,14,ALTOS DEL POBLADO,1408,0,0,1,2,0,0,0,2012
EL POBLADO,14,EL TESORO,1409,0,0,8,2,0,0,1,2012
EL POBLADO,14,LOS NARANJOS,1410,0,1,16,20,0,0,0,2012
EL POBLADO,14,LOS BALSOS No. 1,1411,0,0,4,1,0,1,1,2012
EL POBLADO,14,SAN LUCAS,1412,0,0,3,3,0,0,2,2012
EL POBLADO,14,EL DIAMANTE No. 2,1413,0,0,0,0,0,0,2,2012
EL POBLADO,14,EL CASTILLO,1414,0,0,0,0,0,0,1,2012
EL POBLADO,14,LOS BALSOS No. 2,1415,0,0,1,0,0,0,0,2012
EL POBLADO,14,ALEJANDRIA,1416,0,0,8,4,0,0,0,2012
EL POBLADO,14,LA FLORIDA,1417,0,0,4,0,0,0,1,2012
EL POBLADO,14,EL POBLADO,1418,0,0,0,0,1,0,0,2012
EL POBLADO,14,MANILA,1419,0,0,0,1,7,0,0,2012
EL POBLADO,14,ASTORGA,1420,0,0,0,1,1,0,0,2012
EL POBLADO,14,PATIO BONITO,1421,0,0,0,0,0,1,1,2012
EL POBLADO,14,SANTA MARIA DE LOS ANGELES,1423,0,0,0,0,0,0,1,2012
GUAYABAL,15,TENCHE,1502,0,0,1,0,0,0,0,2012
GUAYABAL,15,TRINIDAD,1503,0,18,15,223,2,0,0,2012
GUAYABAL,15,SANTA FE,1504,0,0,1,1,49,0,0,2012
GUAYABAL,15,CAMPO AMOR,1507,0,1,0,38,17,0,0,2012
GUAYABAL,15,CRISTO REY,1509,0,0,0,198,1,0,0,2012
GUAYABAL,15,GUAYABAL,1510,0,0,0,28,5,0,0,2012
GUAYABAL,15,LA COLINA,1511,0,2,328,141,1,0,0,2012
BELEN,16,FATIMA,1601,0,0,1,18,13,1,0,2012
BELEN,16,ROSALES,1602,0,0,0,4,3,3,0,2012
BELEN,16,BELEN,1603,0,0,0,31,20,0,0,2012
BELEN,16,GRANADA,1604,0,0,0,20,3,0,0,2012
BELEN,16,SAN BERNARDO,1605,0,0,1,277,4,0,0,2012
BELEN,16,LAS PLAYAS,1606,0,0,2,112,2,0,0,2012
BELEN,16,DIEGO ECHAVARRIA,1607,0,0,0,10,1,1,0,2012
BELEN,16,LA MOTA,1608,0,0,18,8,5,1,0,2012
BELEN,16,LA HONDONADA,1609,0,21,12,40,6,0,0,2012
BELEN,16,EL RINCON,1610,0,83,273,94,0,0,0,2012
BELEN,16,LOMA DE LOS BERNAL,1611,0,0,12,0,4,1,0,2012
BELEN,16,LA GLORIA,1612,0,0,0,24,18,2,0,2012
BELEN,16,ALTAVISTA,1613,0,5,250,63,1,0,0,2012
BELEN,16,LA PALMA,1614,0,0,2,7,11,0,0,2012
BELEN,16,LOS ALPES,1615,0,0,9,64,4,0,0,2012
BELEN,16,LAS VIOLETAS,1616,0,3,207,11,0,0,0,2012
BELEN,16,LAS MERCEDES,1617,0,1,10,83,0,0,0,2012
BELEN,16,NUEVA VILLA DEL ABURRA,1618,0,0,1,14,0,0,0,2012
BELEN,16,MIRAVALLE,1619,0,0,0,0,14,0,0,2012
BELEN,16,EL NOGAL-LOS ALMENDROS,1620,0,0,0,0,4,0,0,2012
BELEN,16,CERRO NUTIBARA,1621,0,0,1,0,0,0,0,2012
SAN SEBASTIAN DE PALMITAS,50,LA SUIZA,5001,0,3,2,0,0,0,0,2012
SAN SEBASTIAN DE PALMITAS,50,LA FRISOLA,5002,0,4,4,0,0,0,0,2012
SAN SEBASTIAN DE PALMITAS,50,LA VOLCANA GUAYABAL,5003,0,6,4,0,0,0,0,2012
SAN SEBASTIAN DE PALMITAS,50,PALMITAS SECTOR CENTRAL,5004,0,3,13,1,0,0,0,2012
SAN SEBASTIAN DE PALMITAS,50,LA ALDEA,5005,0,6,10,0,0,0,0,2012
SAN SEBASTIAN DE PALMITAS,50,POTRERA MISERENGA,5006,0,9,5,1,0,0,0,2012
SAN SEBASTIAN DE PALMITAS,50,LA URQUITA,5007,0,6,6,0,0,0,0,2012
SAN CRISTOBAL,60,CABECERA URBANA SAN CRISTOBAL,6000,0,16,306,62,0,0,0,2012
SAN CRISTOBAL,60,LA LOMA,6001,0,179,277,4,0,0,0,2012
SAN CRISTOBAL,60,LA PALMA-EL PATIO,6002,0,24,130,1,0,0,0,2012
SAN CRISTOBAL,60,LAS PLAYAS,6003,0,1,13,0,0,0,0,2012
SAN CRISTOBAL,60,EL UVITO,6004,0,0,9,0,0,0,0,2012
SAN CRISTOBAL,60,NARANJAL,6005,0,1,2,0,0,0,0,2012
SAN CRISTOBAL,60,LA CUCHILLA,6006,0,0,9,1,0,0,0,2012
SAN CRISTOBAL,60,EL LLANO,6007,0,5,31,0,0,0,0,2012
SAN CRISTOBAL,60,TRAVESIAS,6008,0,6,109,1,0,0,0,2012
SAN CRISTOBAL,60,PEDREGAL ALTO,6009,0,4,42,0,0,0,0,2012
SAN CRISTOBAL,60,PAJARITO,6011,0,168,695,218,0,0,0,2012
SAN CRISTOBAL,60,EL PICACHO,6012,0,14,5,1,0,0,0,2012
SAN CRISTOBAL,60,EL CARMELO,6013,0,0,1,0,0,0,0,2012
SAN CRISTOBAL,60,YOLOMBO,6014,0,1,13,0,0,0,0,2012
SAN CRISTOBAL,60,SAN JOSE DE LA MONTAÑA,6015,0,2,10,0,0,0,0,2012
SAN CRISTOBAL,60,BOQUERON,6016,0,3,5,0,0,0,0,2012
ALTAVISTA,70,ALTAVISTA SECTOR CENTRAL,7001,0,54,379,0,0,0,0,2012
ALTAVISTA,70,LA ESPERANZA,7083,0,0,2,0,0,0,0,2012
ALTAVISTA,70,BUGA PATIO BONITO,7084,0,0,2,0,0,0,0,2012
ALTAVISTA,70,EL CORAZON EL MORRO,7088,0,22,91,0,0,0,0,2012
ALTAVISTA,70,SAN JOSE DEL MANZANILLO,7089,0,13,29,0,0,0,0,2012
SAN ANTONIO DE PRADO,80,CABECERA SAN ANTONIO DE PRADO,8000,0,44,896,260,1,0,0,2012
SAN ANTONIO DE PRADO,80,EL VERGEL,8001,0,5,230,5,1,0,0,2012
SAN ANTONIO DE PRADO,80,LA FLORIDA,8002,0,1,25,0,0,0,0,2012
SAN ANTONIO DE PRADO,80,LA VERDE,8005,0,7,32,0,0,1,0,2012
SAN ANTONIO DE PRADO,80,EL SALADO,8006,0,7,13,1,1,0,0,2012
SAN ANTONIO DE PRADO,80,EL ASTILLERO,8007,0,1,0,0,0,0,0,2012
SAN ANTONIO DE PRADO,80,YARUMALITO,8008,0,1,5,2,0,0,0,2012
SAN ANTONIO DE PRADO,80,SUBURBANO POTRERITO,8089,0,0,9,1,0,0,0,2012
SANTA ELENA,90,EL CERRO,9001,0,0,5,1,1,0,0,2012
SANTA ELENA,90,EL LLANO SE,9002,0,1,13,0,0,0,0,2012
SANTA ELENA,90,EL PLAN,9003,0,2,35,1,0,0,0,2012
SANTA ELENA,90,LAS PALMAS,9004,0,3,4,0,0,0,0,2012
SANTA ELENA,90,MEDIA LUNA,9005,0,5,9,2,0,0,0,2012
SANTA ELENA,90,SANTA ELENA SECTOR CENTRAL,9006,0,4,29,9,0,0,0,2012
SANTA ELENA,90,EL PLACER,9007,0,1,10,3,0,0,0,2012
SANTA ELENA,90,PIEDRAS BLANCAS,9008,0,2,3,0,0,0,0,2012
SANTA ELENA,90,PIEDRA GORDA,9012,0,6,24,5,0,0,0,2012
SANTA ELENA,90,BARRO BLANCO,9013,0,7,12,2,0,0,0,2012
POPULAR,01,SANTO DOMINGO SAVIO No. 1,0101,0,114,314,0,0,0,0,2013
POPULAR,01,SANTO DOMINGO SAVIO No. 2,0102,0,129,43,0,0,0,0,2013
POPULAR,01,POPULAR,0103,0,92,345,1,0,0,0,2013
POPULAR,01,GRANIZAL,0104,0,30,166,0,0,0,0,2013
POPULAR,01,MOSCU No. 2,0105,0,43,198,0,0,0,0,2013
POPULAR,01,VILLA GUADALUPE,0106,0,36,147,2,0,0,0,2013
POPULAR,01,SAN PABLO,0107,0,68,214,0,0,0,0,2013
POPULAR,01,EL COMPROMISO,0108,1,67,1,0,0,0,0,2013
POPULAR,01,ALDEA PABLO VI,0109,0,38,0,0,0,0,0,2013
POPULAR,01,LA ESPERANZA No. 2,0110,0,68,5,0,0,0,0,2013
POPULAR,01,LA AVANZADA,0111,0,141,3,0,0,0,0,2013
POPULAR,01,CARPINELO,0112,0,211,3,0,0,0,0,2013
SANTA CRUZ,02,LA ISLA,0201,0,35,193,0,0,0,0,2013
SANTA CRUZ,02,EL PLAYON DE LOS COMUNEROS,0202,0,65,90,0,1,0,0,2013
SANTA CRUZ,02,PABLO VI,0203,0,0,76,0,0,0,0,2013
SANTA CRUZ,02,LA FRONTERA,0204,0,26,62,0,0,0,0,2013
SANTA CRUZ,02,LA FRANCIA,0205,0,28,221,0,0,0,0,2013
SANTA CRUZ,02,ANDALUCIA,0206,0,20,152,0,0,0,0,2013
SANTA CRUZ,02,VILLA DEL SOCORRO,0207,0,22,253,0,0,0,0,2013
SANTA CRUZ,02,VILLA NIZA,0208,0,10,106,0,0,0,0,2013
SANTA CRUZ,02,MOSCU No. 1,0209,0,15,123,0,0,0,0,2013
SANTA CRUZ,02,SANTA CRUZ,0210,0,12,203,0,0,0,0,2013
SANTA CRUZ,02,LA ROSA,0211,0,27,94,0,0,0,0,2013
MANRIQUE,03,LA SALLE,0301,0,14,284,0,0,0,0,2013
MANRIQUE,03,LAS GRANJAS,0302,0,87,362,0,0,0,0,2013
MANRIQUE,03,CAMPO VALDES No. 2,0303,0,3,80,126,0,0,0,2013
MANRIQUE,03,SANTA INES,0304,0,95,165,1,0,0,0,2013
MANRIQUE,03,EL RAIZAL,0305,0,30,130,0,0,0,0,2013
MANRIQUE,03,EL POMAR,0306,0,0,19,27,0,1,0,2013
MANRIQUE,03,MANRIQUE CENTRAL No. 2,0307,0,0,14,63,2,0,0,2013
MANRIQUE,03,MANRIQUE ORIENTAL,0308,0,1,142,28,0,0,0,2013
MANRIQUE,03,VERSALLES No. 1,0309,0,72,166,0,0,0,0,2013
MANRIQUE,03,VERSALLES No. 2,0310,0,127,0,0,0,0,0,2013
MANRIQUE,03,LA CRUZ,0311,0,203,4,0,0,0,0,2013
MANRIQUE,03,ORIENTE,0312,0,89,0,0,0,0,0,2013
MANRIQUE,03,MARIA CANO-CARAMBOLAS,0313,0,124,2,0,0,0,0,2013
MANRIQUE,03,SAN JOSE LA CIMA No. 1,0314,0,41,1,0,0,0,0,2013
MANRIQUE,03,SAN JOSE LA CIMA No. 2,0315,0,27,0,0,0,0,0,2013
ARANJUEZ,04,BERLIN,0401,0,14,29,73,0,0,0,2013
ARANJUEZ,04,SAN ISIDRO,0402,0,11,86,103,0,0,0,2013
ARANJUEZ,04,PALERMO,0403,0,40,98,1,0,0,0,2013
ARANJUEZ,04,BERMEJAL-LOS ALAMOS,0404,0,24,117,3,0,0,0,2013
ARANJUEZ,04,MORAVIA,0405,0,181,313,2,0,0,0,2013
ARANJUEZ,04,SEVILLA,0407,0,0,0,31,2,0,0,2013
ARANJUEZ,04,SAN PEDRO,0408,0,1,51,41,1,0,0,2013
ARANJUEZ,04,MANRIQUE CENTRAL No. 1,0409,0,0,7,100,1,0,0,2013
ARANJUEZ,04,CAMPO VALDES No. 1,0410,0,0,10,154,0,0,0,2013
ARANJUEZ,04,LAS ESMERALDAS,0411,0,7,29,47,0,0,0,2013
ARANJUEZ,04,LA PIÑUELA,0412,0,3,26,65,0,0,0,2013
ARANJUEZ,04,ARANJUEZ,0413,0,0,22,94,0,0,0,2013
ARANJUEZ,04,BRASILIA,0414,0,0,38,139,0,0,0,2013
ARANJUEZ,04,MIRANDA,0415,0,0,107,11,0,0,0,2013
CASTILLA,05,TOSCANA,0501,0,17,64,36,0,0,0,2013
CASTILLA,05,LAS BRISAS,0502,0,0,1,63,0,0,0,2013
CASTILLA,05,FLORENCIA,0503,0,1,5,105,0,0,0,2013
CASTILLA,05,TEJELO,0504,0,4,2,123,0,0,0,2013
CASTILLA,05,BOYACA,0505,0,1,0,54,0,0,0,2013
CASTILLA,05,HECTOR ABAD GOMEZ,0507,0,16,60,10,0,0,0,2013
CASTILLA,05,BELALCAZAR,0508,0,2,50,23,0,0,0,2013
CASTILLA,05,GIRARDOT,0509,0,0,17,126,0,0,0,2013
CASTILLA,05,TRICENTENARIO,0510,0,1,6,63,1,0,0,2013
CASTILLA,05,CASTILLA,0511,0,1,19,270,0,0,0,2013
CASTILLA,05,FRANCISCO ANTONIO ZEA,0513,0,0,61,82,0,0,0,2013
CASTILLA,05,ALFONSO LOPEZ,0514,0,1,43,87,0,0,0,2013
CASTILLA,05,CARIBE,0517,0,0,0,10,0,0,0,2013
CASTILLA,05,EL PROGRESO,0519,0,0,0,18,4,0,0,2013
DOCE DE OCTUBRE,06,SANTANDER,0601,0,0,276,2,0,0,0,2013
DOCE DE OCTUBRE,06,DOCE DE OCTUBRE No. 1,0602,0,1,257,0,0,0,0,2013
DOCE DE OCTUBRE,06,DOCE DE OCTUBRE No. 2,0603,0,0,258,2,1,0,0,2013
DOCE DE OCTUBRE,06,PEDREGAL,0604,1,0,43,199,0,0,0,2013
DOCE DE OCTUBRE,06,LA ESPERANZA,0605,0,0,59,210,0,0,0,2013
DOCE DE OCTUBRE,06,SAN MARTIN DE PORRES,0606,0,3,192,58,1,0,0,2013
DOCE DE OCTUBRE,06,KENNEDY,0607,0,2,451,6,0,0,0,2013
DOCE DE OCTUBRE,06,PICACHO,0608,0,186,107,5,0,0,0,2013
DOCE DE OCTUBRE,06,PICACHITO,0609,0,103,2,1,0,0,0,2013
DOCE DE OCTUBRE,06,MIRADOR DEL DOCE,0610,0,66,8,0,0,0,0,2013
DOCE DE OCTUBRE,06,PROGRESO No. 2,0611,0,94,6,0,0,0,0,2013
DOCE DE OCTUBRE,06,EL TRIUNFO,0612,0,58,2,0,0,0,0,2013
ROBLEDO,07,CERRO EL VOLADOR,0702,0,0,20,1,0,0,0,2013
ROBLEDO,07,SAN GERMAN,0703,0,1,8,19,5,0,0,2013
ROBLEDO,07,FACULTAD DE MINAS,0705,0,0,0,4,1,0,0,2013
ROBLEDO,07,PILARICA,0706,0,0,0,8,9,4,0,2013
ROBLEDO,07,BOSQUES DE SAN PABLO,0707,0,0,0,6,10,0,0,2013
ROBLEDO,07,ALTAMIRA,0708,0,0,0,32,1,0,0,2013
ROBLEDO,07,CORDOBA,0709,0,37,48,31,0,0,0,2013
ROBLEDO,07,LOPEZ DE MESA,0710,0,1,1,33,0,0,0,2013
ROBLEDO,07,EL DIAMANTE,0711,0,2,222,24,0,0,0,2013
ROBLEDO,07,AURES No. 1,0712,0,2,388,8,0,0,0,2013
ROBLEDO,07,AURES No. 2,0713,0,22,354,37,1,0,0,2013
ROBLEDO,07,BELLO HORIZONTE,0714,0,0,126,13,0,0,0,2013
ROBLEDO,07,VILLA FLORA,0715,0,0,82,19,2,0,0,2013
ROBLEDO,07,PALENQUE,0716,0,0,11,64,7,0,0,2013
ROBLEDO,07,ROBLEDO,0717,0,2,34,39,1,0,0,2013
ROBLEDO,07,CUCARACHO,0718,0,10,56,136,0,0,0,2013
ROBLEDO,07,FUENTE CLARA,0719,0,27,37,1,0,0,0,2013
ROBLEDO,07,SANTA MARGARITA,0720,0,42,92,1,0,0,0,2013
ROBLEDO,07,OLAYA HERRERA,0722,0,186,1,0,0,0,0,2013
ROBLEDO,07,PAJARITO,0723,0,0,6,60,0,0,0,2013
ROBLEDO,07,MONTECLARO,0724,0,0,1,62,0,0,0,2013
ROBLEDO,07,NUEVA VILLA DE LA IGUANA,0725,0,108,11,0,0,0,0,2013
VILLA HERMOSA,08,VILLA HERMOSA,0801,0,1,14,110,0,0,0,2013
VILLA HERMOSA,08,LA MANSION,0802,0,1,13,67,1,0,0,2013
VILLA HERMOSA,08,SAN MIGUEL,0803,0,0,30,39,9,0,0,2013
VILLA HERMOSA,08,LA LADERA,0804,0,4,24,9,0,0,0,2013
VILLA HERMOSA,08,BATALLON GIRARDOT,0805,0,3,0,0,0,0,0,2013
VILLA HERMOSA,08,LLANADITAS,0806,1,216,2,1,0,0,0,2013
VILLA HERMOSA,08,LOS MANGOS,0807,0,73,180,0,0,0,0,2013
VILLA HERMOSA,08,ENCISO,0808,0,1,99,79,0,0,0,2013
VILLA HERMOSA,08,SUCRE,0809,0,0,19,43,0,0,0,2013
VILLA HERMOSA,08,EL PINAL,0810,0,25,280,2,0,0,0,2013
VILLA HERMOSA,08,TRECE DE NOVIEMBRE,0811,0,171,0,0,0,0,0,2013
VILLA HERMOSA,08,LA LIBERTAD,0812,0,75,97,0,0,0,0,2013
VILLA HERMOSA,08,VILLA TINA,0813,0,102,125,0,0,0,0,2013
VILLA HERMOSA,08,SAN ANTONIO,0814,0,77,3,0,0,0,0,2013
VILLA HERMOSA,08,LAS ESTANCIAS,0815,0,67,77,0,0,0,0,2013
VILLA HERMOSA,08,VILLA TURBAY,0816,0,53,1,0,0,0,0,2013
VILLA HERMOSA,08,LA SIERRA,0817,0,42,0,0,0,0,0,2013
VILLA HERMOSA,08,VILLA LILIAM,0819,0,25,63,0,0,0,0,2013
BUENOS AIRES,09,JUAN PABLO II,0901,0,28,17,0,0,0,0,2013
BUENOS AIRES,09,BARRIOS DE JESUS,0902,0,19,99,36,0,0,0,2013
BUENOS AIRES,09,BOMBONA No. 2,0903,0,0,157,62,3,0,0,2013
BUENOS AIRES,09,LOS CERROS-EL VERGEL,0904,0,1,43,60,0,0,0,2013
BUENOS AIRES,09,ALEJANDRO ECHAVARRIA,0905,0,4,8,90,0,0,0,2013
BUENOS AIRES,09,BARRIO CAICEDO,0906,0,0,12,75,1,0,0,2013
BUENOS AIRES,09,BUENOS AIRES,0907,0,1,0,100,0,0,0,2013
BUENOS AIRES,09,MIRAFLORES,0908,0,0,2,59,16,0,0,2013
BUENOS AIRES,09,CATALUÑA,0909,0,0,8,96,0,0,0,2013
BUENOS AIRES,09,LA MILAGROSA,0910,0,0,1,76,0,0,0,2013
BUENOS AIRES,09,GERONA,0911,0,0,12,108,0,0,0,2013
BUENOS AIRES,09,EL SALVADOR,0912,0,0,46,144,0,0,0,2013
BUENOS AIRES,09,LORETO,0913,0,1,275,102,4,0,0,2013
BUENOS AIRES,09,ASOMADERA No. 1,0914,0,11,57,2,4,2,0,2013
BUENOS AIRES,09,ASOMADERA No. 2,0915,0,0,0,0,0,0,1,2013
BUENOS AIRES,09,OCHO DE MARZO,0917,0,31,9,0,0,0,0,2013
LA CANDELARIA,10,PRADO,1001,0,2,0,19,69,0,0,2013
LA CANDELARIA,10,JESUS NAZARENO,1003,0,0,0,52,4,0,0,2013
LA CANDELARIA,10,EL CHAGUALO,1004,0,0,2,60,0,0,0,2013
LA CANDELARIA,10,ESTACION VILLA,1005,0,0,1,51,16,0,0,2013
LA CANDELARIA,10,SAN BENITO,1006,0,0,6,27,4,0,0,2013
LA CANDELARIA,10,GUAYAQUIL,1007,0,0,0,4,4,0,0,2013
LA CANDELARIA,10,CORAZON DE JESUS,1008,0,0,0,0,1,0,0,2013
LA CANDELARIA,10,CALLE NUEVA,1011,0,0,0,0,2,0,0,2013
LA CANDELARIA,10,COLON,1013,0,1,23,43,5,0,0,2013
LA CANDELARIA,10,LAS PALMAS,1014,0,0,124,61,1,0,0,2013
LA CANDELARIA,10,BOMBONA No. 1,1015,0,0,1,44,23,0,0,2013
LA CANDELARIA,10,BOSTON,1016,0,0,1,28,61,0,0,2013
LA CANDELARIA,10,LOS ANGELES,1017,0,0,0,14,17,0,0,2013
LA CANDELARIA,10,VILLA NUEVA,1018,0,0,0,24,152,0,0,2013
LA CANDELARIA,10,LA CANDELARIA,1019,0,0,1,16,16,0,0,2013
LA CANDELARIA,10,SAN DIEGO,1020,0,0,48,11,0,3,0,2013
LAURELES,11,CARLOS E. RESTREPO,1101,0,0,0,1,13,0,0,2013
LAURELES,11,SURAMERICANA,1102,0,0,0,0,2,5,0,2013
LAURELES,11,NARANJAL,1103,0,0,2,6,7,3,0,2013
LAURELES,11,SAN JOAQUIN,1104,0,0,0,15,48,0,0,2013
LAURELES,11,LOS CONQUISTADORES,1105,0,0,0,0,1,8,0,2013
LAURELES,11,BOLIVARIANA,1106,0,0,0,1,20,4,0,2013
LAURELES,11,LAURELES,1107,0,0,0,0,2,13,0,2013
LAURELES,11,LAS ACACIAS,1108,0,0,0,0,1,12,0,2013
LAURELES,11,LA CASTELLANA,1109,0,0,0,0,4,7,0,2013
LAURELES,11,LORENA,1110,0,0,0,0,28,10,0,2013
LAURELES,11,EL VELODROMO,1111,0,0,1,0,12,4,0,2013
LAURELES,11,ESTADIO,1112,0,0,2,0,1,11,0,2013
LAURELES,11,LOS COLORES,1113,0,0,0,1,48,24,0,2013
LAURELES,11,CUARTA BRIGADA,1114,0,0,1,0,14,3,0,2013
LAURELES,11,FLORIDA NUEVA,1115,0,0,0,0,34,12,0,2013
LA AMERICA,12,FERRINI,1201,0,1,7,2,9,1,0,2013
LA AMERICA,12,CALASANZ,1202,0,0,0,0,0,4,0,2013
LA AMERICA,12,LOS PINOS,1203,0,0,1,0,22,0,0,2013
LA AMERICA,12,LA AMERICA,1204,0,0,1,17,19,1,0,2013
LA AMERICA,12,LA FLORESTA,1205,0,0,0,33,20,2,0,2013
LA AMERICA,12,SANTA LUCIA,1206,0,0,0,62,0,0,0,2013
LA AMERICA,12,EL DANUBIO,1207,0,0,0,31,12,0,0,2013
LA AMERICA,12,CAMPO ALEGRE,1208,0,0,2,35,20,0,0,2013
LA AMERICA,12,SANTA MONICA,1209,0,0,1,3,31,0,0,2013
LA AMERICA,12,CRISTOBAL,1210,0,0,0,32,4,1,0,2013
LA AMERICA,12,SIMON BOLIVAR,1211,0,0,0,0,4,14,0,2013
LA AMERICA,12,SANTA TERESITA,1212,0,1,0,5,2,17,0,2013
LA AMERICA,12,CALASANZ PARTE ALTA,1213,0,0,31,53,11,3,0,2013
SAN JAVIER,13,EL PESEBRE,1301,0,152,53,12,0,0,0,2013
SAN JAVIER,13,BLANQUIZAL,1302,0,74,31,0,0,0,0,2013
SAN JAVIER,13,SANTA ROSA DE LIMA,1303,0,2,39,2,3,0,0,2013
SAN JAVIER,13,LOS ALCAZARES,1304,0,1,1,76,7,1,0,2013
SAN JAVIER,13,METROPOLITANO,1305,0,34,39,11,0,0,0,2013
SAN JAVIER,13,LA PRADERA,1306,0,4,81,124,1,0,0,2013
SAN JAVIER,13,JUAN XXIII LA QUIEBRA,1307,0,147,92,1,0,0,0,2013
SAN JAVIER,13,SAN JAVIER No. 2,1308,0,0,2,28,3,0,0,2013
SAN JAVIER,13,SAN JAVIER No. 1,1309,0,0,3,51,0,0,0,2013
SAN JAVIER,13,VEINTE DE JULIO,1310,0,20,161,19,0,0,0,2013
SAN JAVIER,13,BELENCITO,1311,0,1,10,17,11,0,0,2013
SAN JAVIER,13,BETANIA,1312,1,0,81,20,0,0,0,2013
SAN JAVIER,13,EL CORAZON,1313,0,9,80,1,0,0,0,2013
SAN JAVIER,13,LAS INDEPENDENCIAS,1314,0,256,17,0,0,0,0,2013
SAN JAVIER,13,NUEVOS CONQUISTADORES,1315,0,168,5,0,0,0,0,2013
SAN JAVIER,13,EL SALADO,1316,0,139,52,37,0,0,0,2013
SAN JAVIER,13,EDUARDO SANTOS,1317,0,19,25,14,0,0,0,2013
SAN JAVIER,13,ANTONIO NARIÑO,1318,0,41,192,13,0,0,0,2013
SAN JAVIER,13,EL SOCORRO,1319,0,1,97,8,0,0,0,2013
EL POBLADO,14,BARRIO COLOMBIA,1401,0,0,0,1,0,0,0,2013
EL POBLADO,14,VILLA CARLOTA,1403,0,0,0,0,4,0,0,2013
EL POBLADO,14,CASTROPOL,1404,0,0,0,0,0,3,2,2013
EL POBLADO,14,LAS LOMAS No. 1,1406,0,0,0,0,0,1,1,2013
EL POBLADO,14,LAS LOMAS No. 2,1407,0,0,0,0,0,1,0,2013
EL POBLADO,14,EL TESORO,1409,0,0,1,4,0,0,1,2013
EL POBLADO,14,LOS NARANJOS,1410,0,0,9,7,1,0,1,2013
EL POBLADO,14,LOS BALSOS No. 1,1411,0,0,4,0,0,1,1,2013
EL POBLADO,14,SAN LUCAS,1412,0,0,2,2,0,0,0,2013
EL POBLADO,14,EL DIAMANTE No. 2,1413,0,0,0,0,0,0,2,2013
EL POBLADO,14,EL CASTILLO,1414,0,0,1,0,0,0,0,2013
EL POBLADO,14,LOS BALSOS No. 2,1415,0,0,0,0,0,0,2,2013
EL POBLADO,14,ALEJANDRIA,1416,0,0,5,3,0,0,3,2013
EL POBLADO,14,LA FLORIDA,1417,0,0,2,0,0,0,1,2013
EL POBLADO,14,EL POBLADO,1418,0,0,0,0,1,0,0,2013
EL POBLADO,14,MANILA,1419,0,0,0,1,13,1,0,2013
EL POBLADO,14,ASTORGA,1420,0,0,0,0,2,1,0,2013
EL POBLADO,14,PATIO BONITO,1421,0,0,0,0,1,3,4,2013
EL POBLADO,14,LA AGUACATALA,1422,0,0,0,0,0,0,4,2013
EL POBLADO,14,SANTA MARIA DE LOS ANGELES,1423,0,0,0,0,0,2,6,2013
GUAYABAL,15,TRINIDAD,1503,0,14,11,146,2,0,0,2013
GUAYABAL,15,SANTA FE,1504,0,0,0,1,42,0,0,2013
GUAYABAL,15,CAMPO AMOR,1507,0,0,0,20,23,0,0,2013
GUAYABAL,15,CRISTO REY,1509,0,0,1,123,5,0,0,2013
GUAYABAL,15,GUAYABAL,1510,0,0,0,19,7,0,0,2013
GUAYABAL,15,LA COLINA,1511,0,0,206,104,1,0,0,2013
BELEN,16,FATIMA,1601,0,0,0,23,8,1,0,2013
BELEN,16,ROSALES,1602,0,0,0,0,4,9,0,2013
BELEN,16,BELEN,1603,0,0,0,30,32,1,0,2013
BELEN,16,GRANADA,1604,0,0,1,26,4,0,0,2013
BELEN,16,SAN BERNARDO,1605,0,0,2,222,4,0,0,2013
BELEN,16,LAS PLAYAS,1606,0,0,0,101,3,0,0,2013
BELEN,16,DIEGO ECHAVARRIA,1607,0,0,0,12,1,2,0,2013
BELEN,16,LA MOTA,1608,0,0,16,7,4,3,0,2013
BELEN,16,LA HONDONADA,1609,0,16,7,54,4,0,0,2013
BELEN,16,EL RINCON,1610,0,79,230,87,1,0,0,2013
BELEN,16,LOMA DE LOS BERNAL,1611,0,0,13,0,10,2,0,2013
BELEN,16,LA GLORIA,1612,0,0,1,34,19,1,0,2013
BELEN,16,ALTAVISTA,1613,0,3,218,45,5,0,0,2013
BELEN,16,LA PALMA,1614,0,0,4,11,5,3,0,2013
BELEN,16,LOS ALPES,1615,0,0,1,54,1,0,0,2013
BELEN,16,LAS VIOLETAS,1616,0,9,190,8,0,0,0,2013
BELEN,16,LAS MERCEDES,1617,0,0,11,88,1,0,0,2013
BELEN,16,NUEVA VILLA DEL ABURRA,1618,0,0,0,4,1,2,0,2013
BELEN,16,MIRAVALLE,1619,0,0,0,0,15,1,0,2013
BELEN,16,EL NOGAL-LOS ALMENDROS,1620,0,0,0,0,4,1,0,2013
SAN SEBASTIAN DE PALMITAS,50,LA SUIZA,5001,0,0,1,0,0,0,0,2013
SAN SEBASTIAN DE PALMITAS,50,LA FRISOLA,5002,0,2,2,0,0,0,0,2013
SAN SEBASTIAN DE PALMITAS,50,LA VOLCANA GUAYABAL,5003,0,2,2,0,0,0,0,2013
SAN SEBASTIAN DE PALMITAS,50,PALMITAS SECTOR CENTRAL,5004,0,4,6,1,0,0,0,2013
SAN SEBASTIAN DE PALMITAS,50,LA ALDEA,5005,0,10,7,0,0,0,0,2013
SAN SEBASTIAN DE PALMITAS,50,POTRERA MISERENGA,5006,0,2,0,0,0,0,0,2013
SAN SEBASTIAN DE PALMITAS,50,LA URQUITA,5007,0,5,6,0,0,0,0,2013
SAN CRISTOBAL,60,CABECERA URBANA SAN CRISTOBAL,6000,0,14,213,55,0,0,0,2013
SAN CRISTOBAL,60,LA LOMA,6001,0,102,178,4,0,0,0,2013
SAN CRISTOBAL,60,LA PALMA-EL PATIO,6002,0,15,92,5,0,0,0,2013
SAN CRISTOBAL,60,LAS PLAYAS,6003,0,2,8,0,0,0,0,2013
SAN CRISTOBAL,60,EL UVITO,6004,0,1,2,0,0,0,0,2013
SAN CRISTOBAL,60,NARANJAL,6005,0,0,2,0,0,0,0,2013
SAN CRISTOBAL,60,LA CUCHILLA,6006,0,3,4,0,0,0,0,2013
SAN CRISTOBAL,60,EL LLANO,6007,0,5,23,1,0,0,0,2013
SAN CRISTOBAL,60,TRAVESIAS,6008,0,5,62,2,1,0,0,2013
SAN CRISTOBAL,60,PEDREGAL ALTO,6009,0,1,30,0,0,0,0,2013
SAN CRISTOBAL,60,PAJARITO,6011,0,77,408,207,1,0,0,2013
SAN CRISTOBAL,60,EL PICACHO,6012,0,7,2,0,0,0,0,2013
SAN CRISTOBAL,60,EL CARMELO,6013,0,0,1,0,0,0,0,2013
SAN CRISTOBAL,60,YOLOMBO,6014,0,0,5,0,0,0,0,2013
SAN CRISTOBAL,60,SAN JOSE DE LA MONTAÑA,6015,0,1,10,0,0,0,0,2013
SAN CRISTOBAL,60,BOQUERON,6016,0,1,4,0,0,0,0,2013
ALTAVISTA,70,ALTAVISTA SECTOR CENTRAL,7001,0,44,292,3,0,0,0,2013
ALTAVISTA,70,AGUAS FRIAS,7002,0,1,0,0,0,0,0,2013
ALTAVISTA,70,BUGA PATIO BONITO,7084,0,0,4,2,0,0,0,2013
ALTAVISTA,70,EL CORAZON EL MORRO,7088,0,12,50,0,0,0,0,2013
ALTAVISTA,70,SAN JOSE DEL MANZANILLO,7089,0,8,17,0,0,0,0,2013
SAN ANTONIO DE PRADO,80,CABECERA SAN ANTONIO DE PRADO,8000,0,39,784,268,2,0,0,2013
SAN ANTONIO DE PRADO,80,EL VERGEL,8001,0,10,162,4,0,0,0,2013
SAN ANTONIO DE PRADO,80,LA FLORIDA,8002,0,1,13,0,0,0,0,2013
SAN ANTONIO DE PRADO,80,LA VERDE,8005,0,4,27,1,0,0,0,2013
SAN ANTONIO DE PRADO,80,EL SALADO,8006,0,4,11,0,1,0,0,2013
SAN ANTONIO DE PRADO,80,EL ASTILLERO,8007,0,0,3,0,0,0,0,2013
SAN ANTONIO DE PRADO,80,YARUMALITO,8008,0,1,2,0,0,0,0,2013
SAN ANTONIO DE PRADO,80,SUBURBANO POTRERITO,8089,0,1,3,0,0,0,0,2013
SANTA ELENA,90,EL CERRO,9001,0,0,7,1,0,0,0,2013
SANTA ELENA,90,EL LLANO SE,9002,0,0,12,1,0,0,0,2013
SANTA ELENA,90,EL PLAN,9003,0,1,23,4,0,0,0,2013
SANTA ELENA,90,LAS PALMAS,9004,0,7,5,0,0,0,0,2013
SANTA ELENA,90,MEDIA LUNA,9005,0,9,12,2,1,0,0,2013
SANTA ELENA,90,SANTA ELENA SECTOR CENTRAL,9006,0,4,20,3,0,0,0,2013
SANTA ELENA,90,EL PLACER,9007,0,0,9,1,0,0,0,2013
SANTA ELENA,90,PIEDRAS BLANCAS,9008,0,8,2,2,0,0,0,2013
SANTA ELENA,90,PIEDRA GORDA,9012,0,4,11,0,0,0,0,2013
SANTA ELENA,90,BARRO BLANCO,9013,0,3,13,1,0,0,0,2013
POPULAR,01,SANTO DOMINGO SAVIO No. 1,0101,0,129,312,1,0,0,0,2014
POPULAR,01,SANTO DOMINGO SAVIO No. 2,0102,0,159,40,0,1,0,0,2014
POPULAR,01,POPULAR,0103,0,87,339,1,0,0,0,2014
POPULAR,01,GRANIZAL,0104,0,27,180,1,0,0,0,2014
POPULAR,01,MOSCU No. 2,0105,0,37,161,0,0,0,0,2014
POPULAR,01,VILLA GUADALUPE,0106,0,37,152,1,0,0,0,2014
POPULAR,01,SAN PABLO,0107,0,61,193,0,0,0,0,2014
POPULAR,01,EL COMPROMISO,0108,0,60,4,0,0,0,0,2014
POPULAR,01,ALDEA PABLO VI,0109,0,47,1,0,0,0,0,2014
POPULAR,01,LA ESPERANZA No. 2,0110,0,53,8,1,0,0,0,2014
POPULAR,01,LA AVANZADA,0111,0,160,3,0,3,0,0,2014
POPULAR,01,CARPINELO,0112,0,208,0,0,0,0,0,2014
SANTA CRUZ,02,LA ISLA,0201,0,38,184,1,0,0,0,2014
SANTA CRUZ,02,EL PLAYON DE LOS COMUNEROS,0202,0,78,91,0,0,0,0,2014
SANTA CRUZ,02,PABLO VI,0203,0,1,82,0,0,0,0,2014
SANTA CRUZ,02,LA FRONTERA,0204,0,20,83,0,0,0,0,2014
SANTA CRUZ,02,LA FRANCIA,0205,0,28,216,0,0,0,0,2014
SANTA CRUZ,02,ANDALUCIA,0206,0,13,133,0,0,0,0,2014
SANTA CRUZ,02,VILLA DEL SOCORRO,0207,0,29,186,1,0,0,0,2014
SANTA CRUZ,02,VILLA NIZA,0208,0,10,103,0,0,0,0,2014
SANTA CRUZ,02,MOSCU No. 1,0209,0,17,134,0,0,0,0,2014
SANTA CRUZ,02,SANTA CRUZ,0210,0,11,208,0,0,0,0,2014
SANTA CRUZ,02,LA ROSA,0211,0,30,83,1,0,0,0,2014
MANRIQUE,03,LA SALLE,0301,0,15,258,0,0,0,0,2014
MANRIQUE,03,LAS GRANJAS,0302,0,73,341,2,1,0,0,2014
MANRIQUE,03,CAMPO VALDES No. 2,0303,0,0,69,122,0,0,0,2014
MANRIQUE,03,SANTA INES,0304,0,93,194,0,0,0,0,2014
MANRIQUE,03,EL RAIZAL,0305,0,37,150,0,0,0,0,2014
MANRIQUE,03,EL POMAR,0306,0,0,29,31,0,0,0,2014
MANRIQUE,03,MANRIQUE CENTRAL No. 2,0307,0,0,5,61,0,0,0,2014
MANRIQUE,03,MANRIQUE ORIENTAL,0308,0,2,135,33,1,0,0,2014
MANRIQUE,03,VERSALLES No. 1,0309,0,69,173,0,0,0,0,2014
MANRIQUE,03,VERSALLES No. 2,0310,1,183,2,0,0,0,0,2014
MANRIQUE,03,LA CRUZ,0311,0,247,4,0,0,0,0,2014
MANRIQUE,03,ORIENTE,0312,0,131,2,0,0,0,0,2014
MANRIQUE,03,MARIA CANO-CARAMBOLAS,0313,0,166,0,0,0,0,0,2014
MANRIQUE,03,SAN JOSE LA CIMA No. 1,0314,0,53,14,0,0,0,0,2014
MANRIQUE,03,SAN JOSE LA CIMA No. 2,0315,0,22,3,0,0,0,0,2014
ARANJUEZ,04,BERLIN,0401,0,7,34,65,0,0,0,2014
ARANJUEZ,04,SAN ISIDRO,0402,1,8,65,110,0,0,0,2014
ARANJUEZ,04,PALERMO,0403,0,29,84,1,0,0,0,2014
ARANJUEZ,04,BERMEJAL-LOS ALAMOS,0404,0,27,109,0,2,0,0,2014
ARANJUEZ,04,MORAVIA,0405,0,173,325,0,0,0,0,2014
ARANJUEZ,04,SEVILLA,0407,0,0,1,28,0,0,0,2014
ARANJUEZ,04,SAN PEDRO,0408,0,0,54,46,1,0,0,2014
ARANJUEZ,04,MANRIQUE CENTRAL No. 1,0409,0,0,8,82,0,0,0,2014
ARANJUEZ,04,CAMPO VALDES No. 1,0410,0,1,3,144,0,0,0,2014
ARANJUEZ,04,LAS ESMERALDAS,0411,0,9,35,47,0,0,0,2014
ARANJUEZ,04,LA PIÑUELA,0412,0,4,21,82,0,0,0,2014
ARANJUEZ,04,ARANJUEZ,0413,0,0,15,59,0,0,0,2014
ARANJUEZ,04,BRASILIA,0414,0,0,22,121,0,0,0,2014
ARANJUEZ,04,MIRANDA,0415,0,0,116,2,0,0,0,2014
CASTILLA,05,TOSCANA,0501,0,10,68,22,0,0,0,2014
CASTILLA,05,LAS BRISAS,0502,0,0,0,77,0,0,0,2014
CASTILLA,05,FLORENCIA,0503,0,0,11,118,0,0,0,2014
CASTILLA,05,TEJELO,0504,0,2,4,119,0,0,0,2014
CASTILLA,05,BOYACA,0505,0,0,0,58,0,0,0,2014
CASTILLA,05,HECTOR ABAD GOMEZ,0507,0,18,53,8,0,0,0,2014
CASTILLA,05,BELALCAZAR,0508,0,4,53,35,0,0,0,2014
CASTILLA,05,GIRARDOT,0509,0,0,19,133,0,0,0,2014
CASTILLA,05,TRICENTENARIO,0510,0,4,5,64,0,0,0,2014
CASTILLA,05,CASTILLA,0511,0,0,24,252,0,0,0,2014
CASTILLA,05,FRANCISCO ANTONIO ZEA,0513,0,0,65,77,0,0,0,2014
CASTILLA,05,ALFONSO LOPEZ,0514,0,1,43,102,0,0,0,2014
CASTILLA,05,CARIBE,0517,0,0,0,13,2,0,0,2014
CASTILLA,05,EL PROGRESO,0519,0,0,1,18,6,0,0,2014
DOCE DE OCTUBRE,06,SANTANDER,0601,0,1,241,0,0,0,0,2014
DOCE DE OCTUBRE,06,DOCE DE OCTUBRE No. 1,0602,0,8,224,1,1,0,0,2014
DOCE DE OCTUBRE,06,DOCE DE OCTUBRE No. 2,0603,0,0,190,1,0,0,0,2014
DOCE DE OCTUBRE,06,PEDREGAL,0604,0,0,31,198,0,0,0,2014
DOCE DE OCTUBRE,06,LA ESPERANZA,0605,0,0,47,228,0,0,0,2014
DOCE DE OCTUBRE,06,SAN MARTIN DE PORRES,0606,0,1,178,60,1,0,0,2014
DOCE DE OCTUBRE,06,KENNEDY,0607,0,2,444,6,0,0,0,2014
DOCE DE OCTUBRE,06,PICACHO,0608,0,169,87,7,1,0,0,2014
DOCE DE OCTUBRE,06,PICACHITO,0609,0,85,2,1,0,0,0,2014
DOCE DE OCTUBRE,06,MIRADOR DEL DOCE,0610,0,69,3,0,0,0,0,2014
DOCE DE OCTUBRE,06,PROGRESO No. 2,0611,0,77,4,0,0,0,0,2014
DOCE DE OCTUBRE,06,EL TRIUNFO,0612,0,61,2,0,0,0,0,2014
ROBLEDO,07,CERRO EL VOLADOR,0702,0,0,23,4,0,0,0,2014
ROBLEDO,07,SAN GERMAN,0703,0,0,16,19,9,0,0,2014
ROBLEDO,07,FACULTAD DE MINAS,0705,0,0,0,5,0,0,0,2014
ROBLEDO,07,PILARICA,0706,0,1,0,3,1,2,0,2014
ROBLEDO,07,BOSQUES DE SAN PABLO,0707,0,0,0,2,10,0,0,2014
ROBLEDO,07,ALTAMIRA,0708,0,0,0,30,8,0,0,2014
ROBLEDO,07,CORDOBA,0709,0,34,57,48,1,0,0,2014
ROBLEDO,07,LOPEZ DE MESA,0710,0,0,2,43,0,0,0,2014
ROBLEDO,07,EL DIAMANTE,0711,0,0,180,21,0,0,0,2014
ROBLEDO,07,AURES No. 1,0712,0,1,324,4,0,0,0,2014
ROBLEDO,07,AURES No. 2,0713,1,22,358,41,0,0,0,2014
ROBLEDO,07,BELLO HORIZONTE,0714,0,1,116,6,0,0,0,2014
ROBLEDO,07,VILLA FLORA,0715,0,0,77,8,1,0,0,2014
ROBLEDO,07,PALENQUE,0716,0,0,11,62,6,0,0,2014
ROBLEDO,07,ROBLEDO,0717,0,1,18,39,3,0,0,2014
ROBLEDO,07,CUCARACHO,0718,0,15,54,127,0,0,0,2014
ROBLEDO,07,FUENTE CLARA,0719,0,20,44,0,0,0,0,2014
ROBLEDO,07,SANTA MARGARITA,0720,0,59,99,0,1,0,0,2014
ROBLEDO,07,OLAYA HERRERA,0722,0,255,6,2,0,0,0,2014
ROBLEDO,07,PAJARITO,0723,0,2,10,65,1,1,0,2014
ROBLEDO,07,MONTECLARO,0724,0,1,1,78,0,0,0,2014
ROBLEDO,07,NUEVA VILLA DE LA IGUANA,0725,0,82,12,1,0,0,0,2014
VILLA HERMOSA,08,VILLA HERMOSA,0801,0,2,30,94,0,0,0,2014
VILLA HERMOSA,08,LA MANSION,0802,0,0,6,63,0,0,0,2014
VILLA HERMOSA,08,SAN MIGUEL,0803,0,0,34,51,10,0,0,2014
VILLA HERMOSA,08,LA LADERA,0804,0,6,25,16,0,0,0,2014
VILLA HERMOSA,08,BATALLON GIRARDOT,0805,0,1,1,1,0,0,0,2014
VILLA HERMOSA,08,LLANADITAS,0806,0,252,2,0,0,0,0,2014
VILLA HERMOSA,08,LOS MANGOS,0807,0,75,226,3,0,0,0,2014
VILLA HERMOSA,08,ENCISO,0808,0,4,105,90,0,0,0,2014
VILLA HERMOSA,08,SUCRE,0809,0,1,21,52,0,0,0,2014
VILLA HERMOSA,08,EL PINAL,0810,0,21,233,1,1,0,0,2014
VILLA HERMOSA,08,TRECE DE NOVIEMBRE,0811,0,191,2,0,0,0,0,2014
VILLA HERMOSA,08,LA LIBERTAD,0812,0,92,97,0,0,0,0,2014
VILLA HERMOSA,08,VILLA TINA,0813,1,109,124,0,0,0,0,2014
VILLA HERMOSA,08,SAN ANTONIO,0814,0,101,6,0,0,0,0,2014
VILLA HERMOSA,08,LAS ESTANCIAS,0815,0,83,76,0,0,0,0,2014
VILLA HERMOSA,08,VILLA TURBAY,0816,0,58,1,0,0,0,0,2014
VILLA HERMOSA,08,LA SIERRA,0817,0,55,0,0,0,0,0,2014
VILLA HERMOSA,08,VILLA LILIAM,0819,0,34,59,0,0,0,0,2014
BUENOS AIRES,09,JUAN PABLO II,0901,0,28,21,1,0,0,0,2014
BUENOS AIRES,09,BARRIOS DE JESUS,0902,0,26,107,37,0,0,0,2014
BUENOS AIRES,09,BOMBONA No. 2,0903,0,3,167,59,5,0,0,2014
BUENOS AIRES,09,LOS CERROS-EL VERGEL,0904,0,0,46,68,4,0,0,2014
BUENOS AIRES,09,ALEJANDRO ECHAVARRIA,0905,0,0,14,73,0,0,0,2014
BUENOS AIRES,09,BARRIO CAICEDO,0906,0,0,15,62,0,0,0,2014
BUENOS AIRES,09,BUENOS AIRES,0907,0,0,0,104,1,0,0,2014
BUENOS AIRES,09,MIRAFLORES,0908,0,0,1,70,12,0,0,2014
BUENOS AIRES,09,CATALUÑA,0909,0,0,10,89,0,0,0,2014
BUENOS AIRES,09,LA MILAGROSA,0910,0,0,1,64,0,0,0,2014
BUENOS AIRES,09,GERONA,0911,0,0,8,108,0,0,0,2014
BUENOS AIRES,09,EL SALVADOR,0912,0,0,33,138,0,0,0,2014
BUENOS AIRES,09,LORETO,0913,0,2,261,105,5,0,0,2014
BUENOS AIRES,09,ASOMADERA No. 1,0914,0,7,50,1,7,0,0,2014
BUENOS AIRES,09,OCHO DE MARZO,0917,0,33,6,0,0,0,0,2014
LA CANDELARIA,10,PRADO,1001,0,0,1,15,79,0,0,2014
LA CANDELARIA,10,JESUS NAZARENO,1003,0,0,1,51,1,0,0,2014
LA CANDELARIA,10,EL CHAGUALO,1004,0,0,0,69,0,0,0,2014
LA CANDELARIA,10,ESTACION VILLA,1005,0,0,1,20,4,0,0,2014
LA CANDELARIA,10,SAN BENITO,1006,0,0,0,29,8,0,0,2014
LA CANDELARIA,10,GUAYAQUIL,1007,0,0,0,1,5,0,0,2014
LA CANDELARIA,10,CORAZON DE JESUS,1008,0,0,1,0,2,0,0,2014
LA CANDELARIA,10,CALLE NUEVA,1011,0,0,0,0,6,0,0,2014
LA CANDELARIA,10,COLON,1013,0,0,25,51,4,0,0,2014
LA CANDELARIA,10,LAS PALMAS,1014,0,3,113,45,5,0,0,2014
LA CANDELARIA,10,BOMBONA No. 1,1015,0,0,0,51,23,0,0,2014
LA CANDELARIA,10,BOSTON,1016,0,0,3,29,67,0,0,2014
LA CANDELARIA,10,LOS ANGELES,1017,0,0,0,12,35,0,0,2014
LA CANDELARIA,10,VILLA NUEVA,1018,0,0,0,18,37,0,0,2014
LA CANDELARIA,10,LA CANDELARIA,1019,1,0,0,12,15,0,0,2014
LA CANDELARIA,10,SAN DIEGO,1020,0,0,49,4,2,3,0,2014
LAURELES,11,CARLOS E. RESTREPO,1101,0,0,0,0,18,0,0,2014
LAURELES,11,SURAMERICANA,1102,0,0,0,0,1,6,0,2014
LAURELES,11,NARANJAL,1103,0,0,5,10,3,1,0,2014
LAURELES,11,SAN JOAQUIN,1104,0,0,0,4,53,0,0,2014
LAURELES,11,LOS CONQUISTADORES,1105,0,0,0,0,3,17,0,2014
LAURELES,11,BOLIVARIANA,1106,0,0,0,0,14,10,0,2014
LAURELES,11,LAURELES,1107,0,0,0,0,3,21,0,2014
LAURELES,11,LAS ACACIAS,1108,0,0,0,0,5,12,0,2014
LAURELES,11,LA CASTELLANA,1109,0,0,0,0,4,22,0,2014
LAURELES,11,LORENA,1110,0,0,0,4,19,11,0,2014
LAURELES,11,EL VELODROMO,1111,0,0,0,0,14,12,0,2014
LAURELES,11,ESTADIO,1112,0,0,0,0,2,17,0,2014
LAURELES,11,LOS COLORES,1113,0,0,0,0,51,24,0,2014
LAURELES,11,CUARTA BRIGADA,1114,0,0,0,0,23,1,0,2014
LAURELES,11,FLORIDA NUEVA,1115,0,0,0,1,37,10,0,2014
LA AMERICA,12,FERRINI,1201,0,1,9,6,10,4,0,2014
LA AMERICA,12,CALASANZ,1202,0,1,0,0,2,21,0,2014
LA AMERICA,12,LOS PINOS,1203,0,0,0,0,32,0,0,2014
LA AMERICA,12,LA AMERICA,1204,0,0,1,28,35,0,0,2014
LA AMERICA,12,LA FLORESTA,1205,0,0,0,38,21,5,0,2014
LA AMERICA,12,SANTA LUCIA,1206,0,0,0,80,6,0,0,2014
LA AMERICA,12,EL DANUBIO,1207,0,0,1,32,19,0,0,2014
LA AMERICA,12,CAMPO ALEGRE,1208,0,0,2,34,21,0,0,2014
LA AMERICA,12,SANTA MONICA,1209,0,0,0,6,47,0,0,2014
LA AMERICA,12,CRISTOBAL,1210,0,0,0,52,5,0,0,2014
LA AMERICA,12,SIMON BOLIVAR,1211,0,0,0,0,1,18,0,2014
LA AMERICA,12,SANTA TERESITA,1212,0,0,0,2,5,24,0,2014
LA AMERICA,12,CALASANZ PARTE ALTA,1213,0,0,33,58,18,5,0,2014
SAN JAVIER,13,EL PESEBRE,1301,0,156,49,20,1,0,0,2014
SAN JAVIER,13,BLANQUIZAL,1302,0,78,35,1,0,0,0,2014
SAN JAVIER,13,SANTA ROSA DE LIMA,1303,0,3,40,0,2,0,0,2014
SAN JAVIER,13,LOS ALCAZARES,1304,0,1,1,71,8,0,0,2014
SAN JAVIER,13,METROPOLITANO,1305,0,15,36,7,0,0,0,2014
SAN JAVIER,13,LA PRADERA,1306,0,9,77,133,0,0,0,2014
SAN JAVIER,13,JUAN XXIII LA QUIEBRA,1307,0,172,88,0,0,0,0,2014
SAN JAVIER,13,SAN JAVIER No. 2,1308,0,0,10,21,5,0,0,2014
SAN JAVIER,13,SAN JAVIER No. 1,1309,0,0,2,39,0,0,0,2014
SAN JAVIER,13,VEINTE DE JULIO,1310,0,29,154,24,0,0,0,2014
SAN JAVIER,13,BELENCITO,1311,0,2,8,22,18,0,0,2014
SAN JAVIER,13,BETANIA,1312,0,3,122,16,0,0,0,2014
SAN JAVIER,13,EL CORAZON,1313,0,6,74,0,0,0,0,2014
SAN JAVIER,13,LAS INDEPENDENCIAS,1314,0,326,12,0,0,0,0,2014
SAN JAVIER,13,NUEVOS CONQUISTADORES,1315,0,187,2,0,0,0,0,2014
SAN JAVIER,13,EL SALADO,1316,0,161,50,44,0,0,0,2014
SAN JAVIER,13,EDUARDO SANTOS,1317,0,15,35,18,0,0,0,2014
SAN JAVIER,13,ANTONIO NARIÑO,1318,0,44,161,14,0,0,0,2014
SAN JAVIER,13,EL SOCORRO,1319,0,1,73,3,1,0,0,2014
EL POBLADO,14,VILLA CARLOTA,1403,0,0,0,1,1,6,0,2014
EL POBLADO,14,CASTROPOL,1404,0,0,0,0,0,2,3,2014
EL POBLADO,14,LAS LOMAS No. 1,1406,0,0,0,0,0,2,3,2014
EL POBLADO,14,LAS LOMAS No. 2,1407,0,0,1,0,0,0,1,2014
EL POBLADO,14,ALTOS DEL POBLADO,1408,0,0,1,0,0,0,0,2014
EL POBLADO,14,EL TESORO,1409,0,0,11,3,0,1,4,2014
EL POBLADO,14,LOS NARANJOS,1410,0,0,4,7,1,1,4,2014
EL POBLADO,14,LOS BALSOS No. 1,1411,0,0,7,0,0,2,5,2014
EL POBLADO,14,SAN LUCAS,1412,0,0,1,1,0,0,1,2014
EL POBLADO,14,EL DIAMANTE No. 2,1413,0,0,0,0,0,1,5,2014
EL POBLADO,14,EL CASTILLO,1414,0,0,0,0,0,0,1,2014
EL POBLADO,14,LOS BALSOS No. 2,1415,0,0,2,0,0,0,4,2014
EL POBLADO,14,ALEJANDRIA,1416,0,0,6,4,0,1,1,2014
EL POBLADO,14,LA FLORIDA,1417,0,0,3,0,0,2,5,2014
EL POBLADO,14,EL POBLADO,1418,0,0,0,1,1,1,0,2014
EL POBLADO,14,MANILA,1419,0,0,0,1,9,2,0,2014
EL POBLADO,14,ASTORGA,1420,0,0,0,0,1,0,0,2014
EL POBLADO,14,PATIO BONITO,1421,0,0,0,0,0,2,3,2014
EL POBLADO,14,LA AGUACATALA,1422,0,0,0,0,0,0,2,2014
EL POBLADO,14,SANTA MARIA DE LOS ANGELES,1423,0,0,0,1,0,2,1,2014
GUAYABAL,15,TENCHE,1502,0,0,1,0,1,0,0,2014
GUAYABAL,15,TRINIDAD,1503,0,9,9,143,1,0,0,2014
GUAYABAL,15,SANTA FE,1504,0,0,0,0,47,0,0,2014
GUAYABAL,15,CAMPO AMOR,1507,0,0,1,34,15,0,0,2014
GUAYABAL,15,CRISTO REY,1509,0,0,0,114,3,0,0,2014
GUAYABAL,15,GUAYABAL,1510,0,0,0,14,7,0,0,2014
GUAYABAL,15,LA COLINA,1511,0,0,190,88,0,0,0,2014
BELEN,16,FATIMA,1601,0,0,0,30,16,3,0,2014
BELEN,16,ROSALES,1602,0,0,0,1,4,5,0,2014
BELEN,16,BELEN,1603,0,0,0,27,38,2,0,2014
BELEN,16,GRANADA,1604,0,0,0,32,6,0,0,2014
BELEN,16,SAN BERNARDO,1605,0,0,1,221,6,0,0,2014
BELEN,16,LAS PLAYAS,1606,0,0,2,114,4,0,0,2014
BELEN,16,DIEGO ECHAVARRIA,1607,0,0,0,22,2,3,0,2014
BELEN,16,LA MOTA,1608,0,0,18,7,9,10,0,2014
BELEN,16,LA HONDONADA,1609,0,8,6,62,5,1,0,2014
BELEN,16,EL RINCON,1610,0,71,220,97,2,2,0,2014
BELEN,16,LOMA DE LOS BERNAL,1611,0,1,9,1,12,8,0,2014
BELEN,16,LA GLORIA,1612,0,1,1,33,26,1,0,2014
BELEN,16,ALTAVISTA,1613,0,0,179,39,3,0,0,2014
BELEN,16,LA PALMA,1614,0,0,0,9,7,5,0,2014
BELEN,16,LOS ALPES,1615,0,0,3,55,2,0,0,2014
BELEN,16,LAS VIOLETAS,1616,0,5,184,7,1,0,0,2014
BELEN,16,LAS MERCEDES,1617,0,1,11,88,1,2,0,2014
BELEN,16,NUEVA VILLA DEL ABURRA,1618,0,0,1,6,0,1,0,2014
BELEN,16,MIRAVALLE,1619,0,0,1,0,23,1,0,2014
BELEN,16,EL NOGAL-LOS ALMENDROS,1620,0,0,0,1,2,2,0,2014
BELEN,16,CERRO NUTIBARA,1621,0,0,1,0,0,0,0,2014
SAN SEBASTIAN DE PALMITAS,50,LA SUIZA,5001,0,1,2,0,0,0,0,2014
SAN SEBASTIAN DE PALMITAS,50,LA FRISOLA,5002,0,1,2,0,0,0,0,2014
SAN SEBASTIAN DE PALMITAS,50,LA VOLCANA GUAYABAL,5003,0,2,8,0,0,0,0,2014
SAN SEBASTIAN DE PALMITAS,50,PALMITAS SECTOR CENTRAL,5004,0,4,4,0,0,0,0,2014
SAN SEBASTIAN DE PALMITAS,50,LA ALDEA,5005,0,6,5,0,0,0,0,2014
SAN SEBASTIAN DE PALMITAS,50,POTRERA MISERENGA,5006,0,7,2,0,0,0,0,2014
SAN SEBASTIAN DE PALMITAS,50,LA URQUITA,5007,0,4,5,0,0,0,0,2014
SAN CRISTOBAL,60,CABECERA URBANA SAN CRISTOBAL,6000,0,7,161,43,2,0,0,2014
SAN CRISTOBAL,60,LA LOMA,6001,0,101,197,3,0,0,0,2014
SAN CRISTOBAL,60,LA PALMA-EL PATIO,6002,0,24,86,1,0,0,0,2014
SAN CRISTOBAL,60,LAS PLAYAS,6003,0,0,11,0,0,0,0,2014
SAN CRISTOBAL,60,EL UVITO,6004,0,0,7,1,0,0,0,2014
SAN CRISTOBAL,60,NARANJAL,6005,0,1,5,0,0,0,0,2014
SAN CRISTOBAL,60,LA CUCHILLA,6006,0,1,14,0,0,0,0,2014
SAN CRISTOBAL,60,EL LLANO,6007,0,2,30,1,0,0,0,2014
SAN CRISTOBAL,60,TRAVESIAS,6008,0,6,84,2,0,0,0,2014
SAN CRISTOBAL,60,PEDREGAL ALTO,6009,0,4,37,1,0,0,0,2014
SAN CRISTOBAL,60,PAJARITO,6011,0,136,351,156,0,0,0,2014
SAN CRISTOBAL,60,EL PICACHO,6012,0,9,4,0,0,0,0,2014
SAN CRISTOBAL,60,YOLOMBO,6014,0,1,2,0,0,0,0,2014
SAN CRISTOBAL,60,SAN JOSE DE LA MONTAÑA,6015,0,0,4,0,0,0,0,2014
SAN CRISTOBAL,60,BOQUERON,6016,0,0,8,0,0,0,0,2014
ALTAVISTA,70,ALTAVISTA SECTOR CENTRAL,7001,0,35,266,2,1,0,0,2014
ALTAVISTA,70,AGUAS FRIAS,7002,0,0,2,0,0,0,0,2014
ALTAVISTA,70,BUGA PATIO BONITO,7084,0,0,3,0,0,0,0,2014
ALTAVISTA,70,EL CORAZON EL MORRO,7088,0,14,81,0,0,0,0,2014
ALTAVISTA,70,SAN JOSE DEL MANZANILLO,7089,0,13,15,0,0,0,0,2014
SAN ANTONIO DE PRADO,80,CABECERA SAN ANTONIO DE PRADO,8000,0,43,961,362,1,0,0,2014
SAN ANTONIO DE PRADO,80,EL VERGEL,8001,0,6,180,17,0,0,0,2014
SAN ANTONIO DE PRADO,80,LA FLORIDA,8002,0,3,10,0,0,0,0,2014
SAN ANTONIO DE PRADO,80,LA VERDE,8005,0,5,42,2,0,0,0,2014
SAN ANTONIO DE PRADO,80,EL SALADO,8006,0,5,19,1,0,0,0,2014
SAN ANTONIO DE PRADO,80,EL ASTILLERO,8007,0,1,1,0,0,0,0,2014
SAN ANTONIO DE PRADO,80,YARUMALITO,8008,0,0,4,0,0,0,0,2014
SAN ANTONIO DE PRADO,80,SUBURBANO POTRERITO,8089,0,0,4,2,0,0,0,2014
SANTA ELENA,90,EL CERRO,9001,0,0,4,1,0,0,0,2014
SANTA ELENA,90,EL LLANO SE,9002,0,0,6,0,0,0,0,2014
SANTA ELENA,90,EL PLAN,9003,0,0,12,1,0,0,0,2014
SANTA ELENA,90,LAS PALMAS,9004,0,3,3,0,0,0,0,2014
SANTA ELENA,90,MEDIA LUNA,9005,0,5,10,2,0,0,0,2014
SANTA ELENA,90,SANTA ELENA SECTOR CENTRAL,9006,0,2,16,2,0,0,0,2014
SANTA ELENA,90,EL PLACER,9007,0,0,9,2,1,0,0,2014
SANTA ELENA,90,PIEDRAS BLANCAS,9008,0,7,7,1,0,0,0,2014
SANTA ELENA,90,PIEDRA GORDA,9012,0,3,10,0,0,0,0,2014
SANTA ELENA,90,BARRO BLANCO,9013,0,2,5,3,0,0,0,2014
POPULAR,01,SANTO DOMINGO SAVIO No. 1,0101,9,92,274,1,0,0,0,2015
POPULAR,01,SANTO DOMINGO SAVIO No. 2,0102,8,151,24,0,0,0,0,2015
POPULAR,01,POPULAR,0103,7,58,316,0,0,0,0,2015
POPULAR,01,GRANIZAL,0104,1,18,143,1,0,0,0,2015
POPULAR,01,MOSCU No. 2,0105,0,27,165,0,1,0,0,2015
POPULAR,01,VILLA GUADALUPE,0106,3,33,117,0,0,0,0,2015
POPULAR,01,SAN PABLO,0107,4,50,147,0,0,0,0,2015
POPULAR,01,EL COMPROMISO,0108,0,49,1,0,0,0,0,2015
POPULAR,01,ALDEA PABLO VI,0109,1,31,1,0,0,0,0,2015
POPULAR,01,LA ESPERANZA No. 2,0110,2,36,5,0,0,0,0,2015
POPULAR,01,LA AVANZADA,0111,4,140,2,0,0,0,0,2015
POPULAR,01,CARPINELO,0112,2,151,3,0,1,0,0,2015
SANTA CRUZ,02,LA ISLA,0201,4,26,137,0,0,0,0,2015
SANTA CRUZ,02,EL PLAYON DE LOS COMUNEROS,0202,3,53,88,0,1,0,0,2015
SANTA CRUZ,02,PABLO VI,0203,0,1,75,0,0,0,0,2015
SANTA CRUZ,02,LA FRONTERA,0204,0,23,51,0,0,0,0,2015
SANTA CRUZ,02,LA FRANCIA,0205,2,22,176,0,1,0,0,2015
SANTA CRUZ,02,ANDALUCIA,0206,1,10,109,1,0,0,0,2015
SANTA CRUZ,02,VILLA DEL SOCORRO,0207,1,15,162,0,0,0,0,2015
SANTA CRUZ,02,VILLA NIZA,0208,0,8,62,0,0,0,0,2015
SANTA CRUZ,02,MOSCU No. 1,0209,0,14,100,0,0,0,0,2015
SANTA CRUZ,02,SANTA CRUZ,0210,3,7,167,0,0,0,0,2015
SANTA CRUZ,02,LA ROSA,0211,1,32,84,0,0,0,0,2015
MANRIQUE,03,LA SALLE,0301,1,7,234,0,1,0,0,2015
MANRIQUE,03,LAS GRANJAS,0302,1,57,287,0,1,0,0,2015
MANRIQUE,03,CAMPO VALDES No. 2,0303,0,0,64,110,0,0,0,2015
MANRIQUE,03,SANTA INES,0304,3,97,147,0,0,0,0,2015
MANRIQUE,03,EL RAIZAL,0305,2,37,143,0,0,0,0,2015
MANRIQUE,03,EL POMAR,0306,0,0,19,22,0,0,0,2015
MANRIQUE,03,MANRIQUE CENTRAL No. 2,0307,3,0,16,53,0,0,0,2015
MANRIQUE,03,MANRIQUE ORIENTAL,0308,0,1,136,28,0,0,0,2015
MANRIQUE,03,VERSALLES No. 1,0309,2,60,182,1,0,0,0,2015
MANRIQUE,03,VERSALLES No. 2,0310,3,194,0,0,0,0,0,2015
MANRIQUE,03,LA CRUZ,0311,2,180,4,0,0,0,0,2015
MANRIQUE,03,ORIENTE,0312,4,105,2,0,0,0,0,2015
MANRIQUE,03,MARIA CANO-CARAMBOLAS,0313,3,124,1,0,0,0,0,2015
MANRIQUE,03,SAN JOSE LA CIMA No. 1,0314,0,21,9,0,0,0,0,2015
MANRIQUE,03,SAN JOSE LA CIMA No. 2,0315,2,27,0,0,0,0,0,2015
ARANJUEZ,04,BERLIN,0401,0,7,42,64,0,0,0,2015
ARANJUEZ,04,SAN ISIDRO,0402,1,16,66,69,0,0,0,2015
ARANJUEZ,04,PALERMO,0403,0,28,60,0,0,0,0,2015
ARANJUEZ,04,BERMEJAL-LOS ALAMOS,0404,2,10,88,2,0,0,0,2015
ARANJUEZ,04,MORAVIA,0405,12,151,299,0,0,0,0,2015
ARANJUEZ,04,SEVILLA,0407,0,0,0,28,5,0,0,2015
ARANJUEZ,04,SAN PEDRO,0408,2,0,65,37,3,0,0,2015
ARANJUEZ,04,MANRIQUE CENTRAL No. 1,0409,2,0,7,81,1,0,0,2015
ARANJUEZ,04,CAMPO VALDES No. 1,0410,0,0,7,115,0,0,0,2015
ARANJUEZ,04,LAS ESMERALDAS,0411,2,8,33,38,0,0,0,2015
ARANJUEZ,04,LA PIÑUELA,0412,0,2,8,53,0,0,0,2015
ARANJUEZ,04,ARANJUEZ,0413,0,0,17,63,0,0,0,2015
ARANJUEZ,04,BRASILIA,0414,0,0,27,110,0,0,0,2015
ARANJUEZ,04,MIRANDA,0415,0,0,108,3,1,0,0,2015
CASTILLA,05,TOSCANA,0501,1,8,56,19,0,0,0,2015
CASTILLA,05,LAS BRISAS,0502,0,0,0,61,0,0,0,2015
CASTILLA,05,FLORENCIA,0503,1,0,6,81,0,0,0,2015
CASTILLA,05,TEJELO,0504,3,3,2,110,0,0,0,2015
CASTILLA,05,BOYACA,0505,0,0,0,47,0,0,0,2015
CASTILLA,05,HECTOR ABAD GOMEZ,0507,1,12,30,4,0,0,0,2015
CASTILLA,05,BELALCAZAR,0508,0,4,40,27,0,0,0,2015
CASTILLA,05,GIRARDOT,0509,2,0,19,88,1,0,0,2015
CASTILLA,05,TRICENTENARIO,0510,0,2,6,41,0,0,0,2015
CASTILLA,05,CASTILLA,0511,5,1,18,210,0,0,0,2015
CASTILLA,05,FRANCISCO ANTONIO ZEA,0513,0,1,47,60,0,0,0,2015
CASTILLA,05,ALFONSO LOPEZ,0514,0,2,30,69,1,0,0,2015
CASTILLA,05,CARIBE,0517,0,0,0,5,1,0,0,2015
CASTILLA,05,EL PROGRESO,0519,0,0,0,15,4,0,0,2015
DOCE DE OCTUBRE,06,SANTANDER,0601,0,1,204,0,0,0,0,2015
DOCE DE OCTUBRE,06,DOCE DE OCTUBRE No. 1,0602,0,4,226,1,1,0,0,2015
DOCE DE OCTUBRE,06,DOCE DE OCTUBRE No. 2,0603,1,1,188,0,1,0,0,2015
DOCE DE OCTUBRE,06,PEDREGAL,0604,0,0,24,185,0,0,0,2015
DOCE DE OCTUBRE,06,LA ESPERANZA,0605,2,1,34,184,0,0,0,2015
DOCE DE OCTUBRE,06,SAN MARTIN DE PORRES,0606,0,1,163,54,0,0,0,2015
DOCE DE OCTUBRE,06,KENNEDY,0607,1,3,360,2,0,0,0,2015
DOCE DE OCTUBRE,06,PICACHO,0608,0,148,71,12,0,0,0,2015
DOCE DE OCTUBRE,06,PICACHITO,0609,1,94,0,0,0,0,0,2015
DOCE DE OCTUBRE,06,MIRADOR DEL DOCE,0610,1,47,7,0,0,0,0,2015
DOCE DE OCTUBRE,06,PROGRESO No. 2,0611,0,70,3,0,1,0,0,2015
DOCE DE OCTUBRE,06,EL TRIUNFO,0612,0,57,2,0,0,0,0,2015
ROBLEDO,07,CERRO EL VOLADOR,0702,0,1,11,4,1,0,0,2015
ROBLEDO,07,SAN GERMAN,0703,0,0,12,23,13,0,0,2015
ROBLEDO,07,FACULTAD DE MINAS,0705,0,0,0,1,0,0,0,2015
ROBLEDO,07,PILARICA,0706,0,0,3,1,6,3,0,2015
ROBLEDO,07,BOSQUES DE SAN PABLO,0707,0,0,0,3,5,1,0,2015
ROBLEDO,07,ALTAMIRA,0708,0,0,0,31,3,0,0,2015
ROBLEDO,07,CORDOBA,0709,0,28,53,27,0,0,0,2015
ROBLEDO,07,LOPEZ DE MESA,0710,0,0,2,37,0,0,0,2015
ROBLEDO,07,EL DIAMANTE,0711,1,2,179,21,1,0,0,2015
ROBLEDO,07,AURES No. 1,0712,3,5,296,11,0,0,0,2015
ROBLEDO,07,AURES No. 2,0713,1,49,322,41,2,0,0,2015
ROBLEDO,07,BELLO HORIZONTE,0714,2,0,96,6,2,0,0,2015
ROBLEDO,07,VILLA FLORA,0715,0,0,60,10,0,0,0,2015
ROBLEDO,07,PALENQUE,0716,0,1,3,63,7,0,0,2015
ROBLEDO,07,ROBLEDO,0717,0,0,15,42,2,0,0,2015
ROBLEDO,07,CUCARACHO,0718,0,11,31,101,1,0,0,2015
ROBLEDO,07,FUENTE CLARA,0719,2,15,19,0,0,0,0,2015
ROBLEDO,07,SANTA MARGARITA,0720,2,37,68,0,1,0,0,2015
ROBLEDO,07,OLAYA HERRERA,0722,4,200,4,1,0,0,0,2015
ROBLEDO,07,PAJARITO,0723,0,1,3,73,0,0,0,2015
ROBLEDO,07,MONTECLARO,0724,1,67,39,77,2,0,0,2015
ROBLEDO,07,NUEVA VILLA DE LA IGUANA,0725,2,56,11,0,0,0,0,2015
VILLA HERMOSA,08,VILLA HERMOSA,0801,0,1,18,79,0,0,0,2015
VILLA HERMOSA,08,LA MANSION,0802,0,0,21,57,0,0,0,2015
VILLA HERMOSA,08,SAN MIGUEL,0803,0,0,15,35,10,0,0,2015
VILLA HERMOSA,08,LA LADERA,0804,2,2,23,24,0,0,0,2015
VILLA HERMOSA,08,BATALLON GIRARDOT,0805,0,2,0,1,0,0,0,2015
VILLA HERMOSA,08,LLANADITAS,0806,3,205,2,2,0,0,0,2015
VILLA HERMOSA,08,LOS MANGOS,0807,0,72,201,1,0,0,0,2015
VILLA HERMOSA,08,ENCISO,0808,1,2,69,74,0,0,0,2015
VILLA HERMOSA,08,SUCRE,0809,0,1,10,50,0,0,0,2015
VILLA HERMOSA,08,EL PINAL,0810,0,24,202,0,0,0,0,2015
VILLA HERMOSA,08,TRECE DE NOVIEMBRE,0811,0,149,2,0,0,0,0,2015
VILLA HERMOSA,08,LA LIBERTAD,0812,1,75,76,0,0,0,0,2015
VILLA HERMOSA,08,VILLA TINA,0813,4,100,110,2,0,0,0,2015
VILLA HERMOSA,08,SAN ANTONIO,0814,3,88,4,0,1,0,0,2015
VILLA HERMOSA,08,LAS ESTANCIAS,0815,1,84,83,0,0,0,0,2015
VILLA HERMOSA,08,VILLA TURBAY,0816,1,45,1,0,0,0,0,2015
VILLA HERMOSA,08,LA SIERRA,0817,2,33,0,0,0,0,0,2015
VILLA HERMOSA,08,VILLA LILIAM,0819,1,42,67,0,0,0,0,2015
BUENOS AIRES,09,JUAN PABLO II,0901,0,19,16,1,0,0,0,2015
BUENOS AIRES,09,BARRIOS DE JESUS,0902,2,47,79,28,0,0,0,2015
BUENOS AIRES,09,BOMBONA No. 2,0903,2,0,157,49,3,0,0,2015
BUENOS AIRES,09,LOS CERROS-EL VERGEL,0904,1,1,33,58,2,0,0,2015
BUENOS AIRES,09,ALEJANDRO ECHAVARRIA,0905,0,2,8,60,0,0,0,2015
BUENOS AIRES,09,BARRIO CAICEDO,0906,2,0,9,60,0,0,0,2015
BUENOS AIRES,09,BUENOS AIRES,0907,2,2,0,94,0,0,0,2015
BUENOS AIRES,09,MIRAFLORES,0908,0,0,1,37,5,0,0,2015
BUENOS AIRES,09,CATALUÑA,0909,0,0,4,76,0,0,0,2015
BUENOS AIRES,09,LA MILAGROSA,0910,0,0,3,51,0,0,0,2015
BUENOS AIRES,09,GERONA,0911,0,0,7,100,0,0,0,2015
BUENOS AIRES,09,EL SALVADOR,0912,2,0,29,126,0,0,0,2015
BUENOS AIRES,09,LORETO,0913,1,2,236,106,2,0,0,2015
BUENOS AIRES,09,ASOMADERA No. 1,0914,0,10,46,8,6,1,0,2015
BUENOS AIRES,09,OCHO DE MARZO,0917,0,23,6,0,0,0,0,2015
LA CANDELARIA,10,PRADO,1001,0,0,0,23,71,0,0,2015
LA CANDELARIA,10,JESUS NAZARENO,1003,0,0,1,48,4,0,0,2015
LA CANDELARIA,10,EL CHAGUALO,1004,0,0,0,64,1,0,0,2015
LA CANDELARIA,10,ESTACION VILLA,1005,0,0,0,15,7,0,0,2015
LA CANDELARIA,10,SAN BENITO,1006,0,0,3,26,2,0,0,2015
LA CANDELARIA,10,GUAYAQUIL,1007,0,1,0,0,4,0,0,2015
LA CANDELARIA,10,CORAZON DE JESUS,1008,0,0,0,0,2,0,0,2015
LA CANDELARIA,10,CALLE NUEVA,1011,0,0,0,0,2,0,0,2015
LA CANDELARIA,10,PERPETUO SOCORRO,1012,0,0,1,0,0,0,0,2015
LA CANDELARIA,10,COLON,1013,2,0,24,35,7,0,0,2015
LA CANDELARIA,10,LAS PALMAS,1014,1,2,117,49,0,0,0,2015
LA CANDELARIA,10,BOMBONA No. 1,1015,2,0,1,40,25,0,0,2015
LA CANDELARIA,10,BOSTON,1016,0,0,2,25,66,0,0,2015
LA CANDELARIA,10,LOS ANGELES,1017,0,0,0,20,23,0,0,2015
LA CANDELARIA,10,VILLA NUEVA,1018,3,0,0,5,64,0,0,2015
LA CANDELARIA,10,LA CANDELARIA,1019,0,0,1,11,17,0,0,2015
LA CANDELARIA,10,SAN DIEGO,1020,1,0,62,6,1,2,0,2015
LAURELES,11,CARLOS E. RESTREPO,1101,0,0,0,0,11,0,0,2015
LAURELES,11,SURAMERICANA,1102,0,0,0,0,4,8,0,2015
LAURELES,11,NARANJAL,1103,0,0,3,13,11,1,0,2015
LAURELES,11,SAN JOAQUIN,1104,0,0,0,8,62,0,0,2015
LAURELES,11,LOS CONQUISTADORES,1105,0,0,0,0,0,12,0,2015
LAURELES,11,BOLIVARIANA,1106,0,0,0,0,21,13,0,2015
LAURELES,11,LAURELES,1107,0,0,0,0,1,25,0,2015
LAURELES,11,LAS ACACIAS,1108,0,0,0,0,4,9,0,2015
LAURELES,11,LA CASTELLANA,1109,1,0,0,0,6,25,0,2015
LAURELES,11,LORENA,1110,0,0,0,1,16,17,0,2015
LAURELES,11,EL VELODROMO,1111,0,0,0,0,29,9,0,2015
LAURELES,11,ESTADIO,1112,0,0,0,0,0,19,0,2015
LAURELES,11,LOS COLORES,1113,0,0,0,0,72,29,0,2015
LAURELES,11,CUARTA BRIGADA,1114,0,0,0,5,19,1,0,2015
LAURELES,11,FLORIDA NUEVA,1115,0,0,0,0,41,11,0,2015
LA AMERICA,12,FERRINI,1201,0,3,3,5,17,4,0,2015
LA AMERICA,12,CALASANZ,1202,0,0,1,0,3,19,0,2015
LA AMERICA,12,LOS PINOS,1203,0,0,0,1,23,2,0,2015
LA AMERICA,12,LA AMERICA,1204,0,0,0,30,41,0,0,2015
LA AMERICA,12,LA FLORESTA,1205,0,0,0,30,32,1,0,2015
LA AMERICA,12,SANTA LUCIA,1206,0,0,1,54,1,0,0,2015
LA AMERICA,12,EL DANUBIO,1207,0,0,0,24,19,0,0,2015
LA AMERICA,12,CAMPO ALEGRE,1208,0,0,2,33,19,0,0,2015
LA AMERICA,12,SANTA MONICA,1209,0,0,0,3,51,0,0,2015
LA AMERICA,12,CRISTOBAL,1210,0,0,1,68,15,1,0,2015
LA AMERICA,12,SIMON BOLIVAR,1211,0,0,1,0,2,26,0,2015
LA AMERICA,12,SANTA TERESITA,1212,0,0,0,0,5,24,0,2015
LA AMERICA,12,CALASANZ PARTE ALTA,1213,1,2,46,59,14,7,0,2015
SAN JAVIER,13,EL PESEBRE,1301,1,112,39,8,1,0,0,2015
SAN JAVIER,13,BLANQUIZAL,1302,1,68,37,0,0,0,0,2015
SAN JAVIER,13,SANTA ROSA DE LIMA,1303,0,0,33,1,7,1,0,2015
SAN JAVIER,13,LOS ALCAZARES,1304,1,1,2,64,17,0,0,2015
SAN JAVIER,13,METROPOLITANO,1305,0,29,44,6,0,0,0,2015
SAN JAVIER,13,LA PRADERA,1306,0,1,78,114,1,0,0,2015
SAN JAVIER,13,JUAN XXIII LA QUIEBRA,1307,3,134,100,0,0,0,0,2015
SAN JAVIER,13,SAN JAVIER No. 2,1308,1,2,5,20,4,0,0,2015
SAN JAVIER,13,SAN JAVIER No. 1,1309,0,1,3,34,1,0,0,2015
SAN JAVIER,13,VEINTE DE JULIO,1310,1,22,150,18,1,0,0,2015
SAN JAVIER,13,BELENCITO,1311,0,0,8,16,24,0,0,2015
SAN JAVIER,13,BETANIA,1312,0,1,106,11,0,0,0,2015
SAN JAVIER,13,EL CORAZON,1313,0,2,68,1,0,0,0,2015
SAN JAVIER,13,LAS INDEPENDENCIAS,1314,3,233,11,0,0,0,0,2015
SAN JAVIER,13,NUEVOS CONQUISTADORES,1315,0,168,0,0,0,0,0,2015
SAN JAVIER,13,EL SALADO,1316,2,141,43,28,0,0,0,2015
SAN JAVIER,13,EDUARDO SANTOS,1317,0,12,26,11,0,0,0,2015
SAN JAVIER,13,ANTONIO NARIÑO,1318,2,36,165,13,0,0,0,2015
SAN JAVIER,13,EL SOCORRO,1319,1,1,76,4,0,0,0,2015
EL POBLADO,14,VILLA CARLOTA,1403,0,0,0,0,4,4,0,2015
EL POBLADO,14,CASTROPOL,1404,0,0,0,0,0,3,4,2015
EL POBLADO,14,LALINDE,1405,1,0,0,0,0,0,0,2015
EL POBLADO,14,LAS LOMAS No. 1,1406,0,0,0,0,0,0,4,2015
EL POBLADO,14,LAS LOMAS No. 2,1407,0,0,0,0,0,0,1,2015
EL POBLADO,14,ALTOS DEL POBLADO,1408,0,0,0,0,0,0,1,2015
EL POBLADO,14,EL TESORO,1409,0,0,2,2,0,1,2,2015
EL POBLADO,14,LOS NARANJOS,1410,0,0,6,4,0,0,1,2015
EL POBLADO,14,LOS BALSOS No. 1,1411,0,0,6,0,0,0,1,2015
EL POBLADO,14,SAN LUCAS,1412,0,1,1,3,1,1,2,2015
EL POBLADO,14,EL DIAMANTE No. 2,1413,0,0,0,0,0,0,5,2015
EL POBLADO,14,LOS BALSOS No. 2,1415,0,0,0,0,0,2,2,2015
EL POBLADO,14,ALEJANDRIA,1416,0,0,5,8,0,0,2,2015
EL POBLADO,14,LA FLORIDA,1417,0,0,1,0,0,0,3,2015
EL POBLADO,14,EL POBLADO,1418,0,0,0,0,2,0,1,2015
EL POBLADO,14,MANILA,1419,0,0,0,0,6,3,0,2015
EL POBLADO,14,PATIO BONITO,1421,0,0,0,0,0,0,2,2015
EL POBLADO,14,SANTA MARIA DE LOS ANGELES,1423,0,0,0,0,0,1,5,2015
GUAYABAL,15,TENCHE,1502,0,0,2,1,1,0,0,2015
GUAYABAL,15,TRINIDAD,1503,2,7,15,136,4,0,0,2015
GUAYABAL,15,SANTA FE,1504,0,0,1,2,54,0,0,2015
GUAYABAL,15,CAMPO AMOR,1507,1,0,0,22,26,0,0,2015
GUAYABAL,15,CRISTO REY,1509,1,0,2,114,3,0,0,2015
GUAYABAL,15,GUAYABAL,1510,0,0,0,15,6,0,0,2015
GUAYABAL,15,LA COLINA,1511,4,0,155,91,0,0,0,2015
BELEN,16,FATIMA,1601,1,0,1,20,17,1,0,2015
BELEN,16,ROSALES,1602,0,0,1,1,11,13,0,2015
BELEN,16,BELEN,1603,0,0,1,22,22,1,0,2015
BELEN,16,GRANADA,1604,0,0,0,32,6,0,0,2015
BELEN,16,SAN BERNARDO,1605,3,0,2,215,5,0,0,2015
BELEN,16,LAS PLAYAS,1606,0,1,0,93,2,0,0,2015
BELEN,16,DIEGO ECHAVARRIA,1607,0,0,0,15,5,2,0,2015
BELEN,16,LA MOTA,1608,0,0,17,3,7,5,0,2015
BELEN,16,LA HONDONADA,1609,0,12,7,59,14,0,0,2015
BELEN,16,EL RINCON,1610,1,54,195,92,1,1,0,2015
BELEN,16,LOMA DE LOS BERNAL,1611,0,1,8,3,14,14,0,2015
BELEN,16,LA GLORIA,1612,0,0,3,24,28,2,0,2015
BELEN,16,ALTAVISTA,1613,1,1,147,38,3,0,0,2015
BELEN,16,LA PALMA,1614,0,0,0,6,8,3,0,2015
BELEN,16,LOS ALPES,1615,0,0,2,53,3,0,0,2015
BELEN,16,LAS VIOLETAS,1616,3,3,168,7,0,0,0,2015
BELEN,16,LAS MERCEDES,1617,0,0,12,75,0,5,0,2015
BELEN,16,NUEVA VILLA DEL ABURRA,1618,0,0,0,6,1,2,0,2015
BELEN,16,MIRAVALLE,1619,1,0,0,3,11,9,0,2015
BELEN,16,EL NOGAL-LOS ALMENDROS,1620,0,0,0,1,2,1,0,2015
SAN SEBASTIAN DE PALMITAS,50,LA SUIZA,5001,0,0,3,0,0,0,0,2015
SAN SEBASTIAN DE PALMITAS,50,LA FRISOLA,5002,0,3,6,0,0,0,0,2015
SAN SEBASTIAN DE PALMITAS,50,LA VOLCANA GUAYABAL,5003,0,1,2,0,0,0,0,2015
SAN SEBASTIAN DE PALMITAS,50,PALMITAS SECTOR CENTRAL,5004,0,3,10,0,0,0,0,2015
SAN SEBASTIAN DE PALMITAS,50,LA ALDEA,5005,0,3,5,1,0,0,0,2015
SAN SEBASTIAN DE PALMITAS,50,POTRERA MISERENGA,5006,0,7,3,0,0,0,0,2015
SAN SEBASTIAN DE PALMITAS,50,LA URQUITA,5007,0,7,1,0,0,0,0,2015
SAN CRISTOBAL,60,CABECERA URBANA SAN CRISTOBAL,6000,1,4,131,62,0,0,0,2015
SAN CRISTOBAL,60,LA LOMA,6001,4,94,142,2,0,0,0,2015
SAN CRISTOBAL,60,LA PALMA-EL PATIO,6002,0,16,127,0,0,0,0,2015
SAN CRISTOBAL,60,LAS PLAYAS,6003,0,3,11,0,0,0,0,2015
SAN CRISTOBAL,60,EL UVITO,6004,0,1,5,0,0,0,0,2015
SAN CRISTOBAL,60,NARANJAL,6005,0,0,5,1,0,0,0,2015
SAN CRISTOBAL,60,LA CUCHILLA,6006,1,1,3,0,0,0,0,2015
SAN CRISTOBAL,60,EL LLANO,6007,0,3,21,0,0,0,0,2015
SAN CRISTOBAL,60,TRAVESIAS,6008,0,2,101,4,0,0,0,2015
SAN CRISTOBAL,60,PEDREGAL ALTO,6009,1,4,26,1,0,0,0,2015
SAN CRISTOBAL,60,PAJARITO,6011,0,152,284,113,1,0,0,2015
SAN CRISTOBAL,60,EL PICACHO,6012,1,20,13,0,0,0,0,2015
SAN CRISTOBAL,60,YOLOMBO,6014,0,0,10,0,1,0,0,2015
SAN CRISTOBAL,60,SAN JOSE DE LA MONTAÑA,6015,0,1,4,0,0,0,0,2015
SAN CRISTOBAL,60,BOQUERON,6016,0,0,3,0,0,0,0,2015
ALTAVISTA,70,ALTAVISTA SECTOR CENTRAL,7001,1,29,252,6,0,0,0,2015
ALTAVISTA,70,LA ESPERANZA,7083,0,0,1,0,0,0,0,2015
ALTAVISTA,70,BUGA PATIO BONITO,7084,0,1,4,0,0,0,0,2015
ALTAVISTA,70,EL CORAZON EL MORRO,7088,0,12,56,0,0,0,0,2015
ALTAVISTA,70,SAN JOSE DEL MANZANILLO,7089,1,7,11,0,0,0,0,2015
SAN ANTONIO DE PRADO,80,CABECERA SAN ANTONIO DE PRADO,8000,9,37,953,415,4,0,0,2015
SAN ANTONIO DE PRADO,80,EL VERGEL,8001,1,11,238,15,0,0,0,2015
SAN ANTONIO DE PRADO,80,LA FLORIDA,8002,1,4,17,1,0,0,0,2015
SAN ANTONIO DE PRADO,80,LA VERDE,8005,0,8,64,3,1,1,0,2015
SAN ANTONIO DE PRADO,80,EL SALADO,8006,0,6,12,0,0,0,0,2015
SAN ANTONIO DE PRADO,80,EL ASTILLERO,8007,0,1,2,0,0,0,0,2015
SAN ANTONIO DE PRADO,80,YARUMALITO,8008,0,1,3,0,0,0,0,2015
SAN ANTONIO DE PRADO,80,SUBURBANO POTRERITO,8089,0,1,4,5,0,0,0,2015
SANTA ELENA,90,EL CERRO,9001,0,0,5,1,1,0,0,2015
SANTA ELENA,90,EL LLANO SE,9002,0,1,14,0,1,0,0,2015
SANTA ELENA,90,EL PLAN,9003,0,3,11,2,1,0,0,2015
SANTA ELENA,90,LAS PALMAS,9004,1,6,4,0,0,0,0,2015
SANTA ELENA,90,MEDIA LUNA,9005,0,5,12,3,0,0,0,2015
SANTA ELENA,90,SANTA ELENA SECTOR CENTRAL,9006,1,5,13,3,2,0,0,2015
SANTA ELENA,90,EL PLACER,9007,0,0,9,1,0,0,0,2015
SANTA ELENA,90,PIEDRAS BLANCAS,9008,0,15,3,3,0,0,0,2015
SANTA ELENA,90,PIEDRA GORDA,9012,0,0,13,3,0,0,0,2015
SANTA ELENA,90,BARRO BLANCO,9013,0,5,8,0,0,0,0,2015
POPULAR,01,SANTO DOMINGO SAVIO No. 1,0101,42,79,171,1,0,0,0,2016
POPULAR,01,SANTO DOMINGO SAVIO No. 2,0102,25,103,20,1,0,0,0,2016
POPULAR,01,POPULAR,0103,50,38,201,0,0,0,0,2016
POPULAR,01,GRANIZAL,0104,13,19,112,0,0,0,0,2016
POPULAR,01,MOSCU No. 2,0105,26,35,135,0,0,0,0,2016
POPULAR,01,VILLA GUADALUPE,0106,15,20,102,1,0,0,0,2016
POPULAR,01,SAN PABLO,0107,18,35,124,0,0,0,0,2016
POPULAR,01,EL COMPROMISO,0108,13,37,1,0,0,0,0,2016
POPULAR,01,ALDEA PABLO VI,0109,3,29,0,1,0,0,0,2016
POPULAR,01,LA ESPERANZA No. 2,0110,13,27,5,0,0,1,0,2016
POPULAR,01,LA AVANZADA,0111,33,101,1,0,0,0,0,2016
POPULAR,01,CARPINELO,0112,26,114,0,0,0,0,0,2016
SANTA CRUZ,02,LA ISLA,0201,24,17,100,0,0,0,0,2016
SANTA CRUZ,02,EL PLAYON DE LOS COMUNEROS,0202,7,50,67,1,0,0,0,2016
SANTA CRUZ,02,PABLO VI,0203,9,0,51,0,0,0,0,2016
SANTA CRUZ,02,LA FRONTERA,0204,11,11,40,0,0,0,0,2016
SANTA CRUZ,02,LA FRANCIA,0205,18,24,127,0,0,0,0,2016
SANTA CRUZ,02,ANDALUCIA,0206,11,14,111,0,0,0,0,2016
SANTA CRUZ,02,VILLA DEL SOCORRO,0207,24,16,139,0,0,0,0,2016
SANTA CRUZ,02,VILLA NIZA,0208,13,10,65,0,0,0,0,2016
SANTA CRUZ,02,MOSCU No. 1,0209,10,8,100,0,0,0,0,2016
SANTA CRUZ,02,SANTA CRUZ,0210,26,9,164,0,0,0,0,2016
SANTA CRUZ,02,LA ROSA,0211,22,31,61,0,0,0,0,2016
MANRIQUE,03,LA SALLE,0301,15,5,175,0,0,0,0,2016
MANRIQUE,03,LAS GRANJAS,0302,32,53,286,0,0,0,0,2016
MANRIQUE,03,CAMPO VALDES No. 2,0303,16,0,55,89,0,0,0,2016
MANRIQUE,03,SANTA INES,0304,37,82,147,0,0,0,0,2016
MANRIQUE,03,EL RAIZAL,0305,24,28,125,0,0,0,0,2016
MANRIQUE,03,EL POMAR,0306,5,0,13,24,0,0,0,2016
MANRIQUE,03,MANRIQUE CENTRAL No. 2,0307,3,2,7,54,0,0,0,2016
MANRIQUE,03,MANRIQUE ORIENTAL,0308,9,0,111,35,0,0,0,2016
MANRIQUE,03,VERSALLES No. 1,0309,19,48,151,0,0,0,0,2016
MANRIQUE,03,VERSALLES No. 2,0310,37,126,2,0,0,0,0,2016
MANRIQUE,03,LA CRUZ,0311,21,126,10,0,0,0,0,2016
MANRIQUE,03,ORIENTE,0312,24,86,0,0,0,0,0,2016
MANRIQUE,03,MARIA CANO-CARAMBOLAS,0313,38,108,0,0,0,0,0,2016
MANRIQUE,03,SAN JOSE LA CIMA No. 1,0314,7,33,10,0,0,0,0,2016
MANRIQUE,03,SAN JOSE LA CIMA No. 2,0315,5,24,2,0,0,0,0,2016
ARANJUEZ,04,BERLIN,0401,10,4,34,78,0,0,0,2016
ARANJUEZ,04,SAN ISIDRO,0402,21,9,62,94,0,0,0,2016
ARANJUEZ,04,PALERMO,0403,10,30,59,1,0,0,0,2016
ARANJUEZ,04,BERMEJAL-LOS ALAMOS,0404,14,3,102,0,0,0,0,2016
ARANJUEZ,04,MORAVIA,0405,109,134,273,0,1,0,0,2016
ARANJUEZ,04,SEVILLA,0407,1,0,1,21,0,0,0,2016
ARANJUEZ,04,SAN PEDRO,0408,12,0,40,24,0,0,0,2016
ARANJUEZ,04,MANRIQUE CENTRAL No. 1,0409,9,0,13,81,0,0,0,2016
ARANJUEZ,04,CAMPO VALDES No. 1,0410,16,1,5,110,0,0,0,2016
ARANJUEZ,04,LAS ESMERALDAS,0411,7,3,21,26,0,0,0,2016
ARANJUEZ,04,LA PIÑUELA,0412,7,0,19,55,0,0,0,2016
ARANJUEZ,04,ARANJUEZ,0413,12,0,9,50,0,0,0,2016
ARANJUEZ,04,BRASILIA,0414,9,0,24,112,0,0,0,2016
ARANJUEZ,04,MIRANDA,0415,16,0,94,4,0,0,0,2016
CASTILLA,05,TOSCANA,0501,18,3,55,22,0,0,0,2016
CASTILLA,05,LAS BRISAS,0502,4,0,0,64,0,0,0,2016
CASTILLA,05,FLORENCIA,0503,2,0,5,94,0,0,0,2016
CASTILLA,05,TEJELO,0504,6,3,0,124,0,0,0,2016
CASTILLA,05,BOYACA,0505,5,0,0,43,0,0,0,2016
CASTILLA,05,HECTOR ABAD GOMEZ,0507,9,14,42,11,0,0,0,2016
CASTILLA,05,BELALCAZAR,0508,9,1,38,19,0,0,0,2016
CASTILLA,05,GIRARDOT,0509,10,0,14,97,1,0,0,2016
CASTILLA,05,TRICENTENARIO,0510,4,0,10,57,0,0,0,2016
CASTILLA,05,CASTILLA,0511,24,0,15,208,0,0,0,2016
CASTILLA,05,FRANCISCO ANTONIO ZEA,0513,11,2,48,67,0,0,0,2016
CASTILLA,05,ALFONSO LOPEZ,0514,5,1,39,72,0,0,0,2016
CASTILLA,05,CARIBE,0517,2,0,0,7,0,0,0,2016
CASTILLA,05,EL PROGRESO,0519,2,0,0,7,4,0,0,2016
DOCE DE OCTUBRE,06,SANTANDER,0601,18,0,169,0,0,0,0,2016
DOCE DE OCTUBRE,06,DOCE DE OCTUBRE No. 1,0602,14,9,154,0,0,0,0,2016
DOCE DE OCTUBRE,06,DOCE DE OCTUBRE No. 2,0603,10,1,153,1,0,0,0,2016
DOCE DE OCTUBRE,06,PEDREGAL,0604,16,0,18,192,0,0,0,2016
DOCE DE OCTUBRE,06,LA ESPERANZA,0605,15,0,40,175,0,0,0,2016
DOCE DE OCTUBRE,06,SAN MARTIN DE PORRES,0606,14,3,131,54,0,0,0,2016
DOCE DE OCTUBRE,06,KENNEDY,0607,31,5,293,3,0,0,0,2016
DOCE DE OCTUBRE,06,PICACHO,0608,25,147,67,0,0,0,0,2016
DOCE DE OCTUBRE,06,PICACHITO,0609,7,60,1,1,0,0,0,2016
DOCE DE OCTUBRE,06,MIRADOR DEL DOCE,0610,3,44,4,0,0,0,0,2016
DOCE DE OCTUBRE,06,PROGRESO No. 2,0611,11,67,5,0,0,0,0,2016
DOCE DE OCTUBRE,06,EL TRIUNFO,0612,2,44,1,0,0,0,0,2016
ROBLEDO,07,CERRO EL VOLADOR,0702,0,1,17,7,0,0,0,2016
ROBLEDO,07,SAN GERMAN,0703,1,0,13,29,14,0,0,2016
ROBLEDO,07,FACULTAD DE MINAS,0705,0,0,0,4,0,0,0,2016
ROBLEDO,07,PILARICA,0706,0,0,0,0,7,2,0,2016
ROBLEDO,07,BOSQUES DE SAN PABLO,0707,0,0,0,0,2,0,0,2016
ROBLEDO,07,ALTAMIRA,0708,1,0,0,17,6,0,0,2016
ROBLEDO,07,CORDOBA,0709,9,19,35,39,1,0,0,2016
ROBLEDO,07,LOPEZ DE MESA,0710,1,0,1,38,0,0,0,2016
ROBLEDO,07,EL DIAMANTE,0711,11,2,145,26,1,0,0,2016
ROBLEDO,07,AURES No. 1,0712,18,5,281,5,0,0,0,2016
ROBLEDO,07,AURES No. 2,0713,34,75,309,44,1,0,0,2016
ROBLEDO,07,BELLO HORIZONTE,0714,7,0,98,5,0,0,0,2016
ROBLEDO,07,VILLA FLORA,0715,0,1,60,16,4,0,0,2016
ROBLEDO,07,PALENQUE,0716,1,1,10,48,12,0,0,2016
ROBLEDO,07,ROBLEDO,0717,2,0,10,32,1,0,0,2016
ROBLEDO,07,CUCARACHO,0718,7,9,34,96,1,0,0,2016
ROBLEDO,07,FUENTE CLARA,0719,8,13,16,0,0,0,0,2016
ROBLEDO,07,SANTA MARGARITA,0720,23,39,95,0,0,0,0,2016
ROBLEDO,07,OLAYA HERRERA,0722,49,143,3,1,0,0,0,2016
ROBLEDO,07,PAJARITO,0723,1,0,4,45,0,0,0,2016
ROBLEDO,07,MONTECLARO,0724,3,100,40,115,0,0,0,2016
ROBLEDO,07,NUEVA VILLA DE LA IGUANA,0725,11,56,4,0,0,0,0,2016
VILLA HERMOSA,08,VILLA HERMOSA,0801,10,1,8,94,1,0,0,2016
VILLA HERMOSA,08,LA MANSION,0802,8,0,16,46,1,0,0,2016
VILLA HERMOSA,08,SAN MIGUEL,0803,5,0,20,34,14,0,0,2016
VILLA HERMOSA,08,LA LADERA,0804,6,0,8,20,0,0,0,2016
VILLA HERMOSA,08,BATALLON GIRARDOT,0805,0,3,0,2,0,0,0,2016
VILLA HERMOSA,08,LLANADITAS,0806,40,146,2,0,0,0,0,2016
VILLA HERMOSA,08,LOS MANGOS,0807,30,56,156,0,0,0,0,2016
VILLA HERMOSA,08,ENCISO,0808,17,5,63,82,0,0,0,2016
VILLA HERMOSA,08,SUCRE,0809,6,1,17,38,0,0,0,2016
VILLA HERMOSA,08,EL PINAL,0810,26,19,178,0,0,0,0,2016
VILLA HERMOSA,08,TRECE DE NOVIEMBRE,0811,31,118,3,0,0,0,0,2016
VILLA HERMOSA,08,LA LIBERTAD,0812,23,58,77,0,0,0,0,2016
VILLA HERMOSA,08,VILLA TINA,0813,45,67,90,0,0,0,0,2016
VILLA HERMOSA,08,SAN ANTONIO,0814,10,39,1,0,0,0,0,2016
VILLA HERMOSA,08,LAS ESTANCIAS,0815,17,53,58,0,0,0,0,2016
VILLA HERMOSA,08,VILLA TURBAY,0816,6,39,0,0,0,0,0,2016
VILLA HERMOSA,08,LA SIERRA,0817,3,31,1,0,0,0,0,2016
VILLA HERMOSA,08,VILLA LILIAM,0819,8,37,44,0,0,0,0,2016
BUENOS AIRES,09,JUAN PABLO II,0901,6,26,12,1,0,0,0,2016
BUENOS AIRES,09,BARRIOS DE JESUS,0902,17,23,93,21,0,0,0,2016
BUENOS AIRES,09,BOMBONA No. 2,0903,17,1,113,45,2,0,0,2016
BUENOS AIRES,09,LOS CERROS-EL VERGEL,0904,12,0,17,58,5,0,0,2016
BUENOS AIRES,09,ALEJANDRO ECHAVARRIA,0905,3,1,1,45,0,0,0,2016
BUENOS AIRES,09,BARRIO CAICEDO,0906,6,1,5,38,0,0,0,2016
BUENOS AIRES,09,BUENOS AIRES,0907,9,0,0,70,0,0,0,2016
BUENOS AIRES,09,MIRAFLORES,0908,2,0,0,33,9,0,0,2016
BUENOS AIRES,09,CATALUÑA,0909,4,1,3,72,0,0,0,2016
BUENOS AIRES,09,LA MILAGROSA,0910,3,0,2,40,0,0,0,2016
BUENOS AIRES,09,GERONA,0911,9,1,6,93,1,0,0,2016
BUENOS AIRES,09,EL SALVADOR,0912,13,0,22,114,0,0,0,2016
BUENOS AIRES,09,LORETO,0913,32,4,191,80,3,0,0,2016
BUENOS AIRES,09,ASOMADERA No. 1,0914,10,7,38,2,16,0,0,2016
BUENOS AIRES,09,ASOMADERA No. 2,0915,0,0,0,1,0,0,0,2016
BUENOS AIRES,09,OCHO DE MARZO,0917,3,20,3,0,0,0,0,2016
LA CANDELARIA,10,PRADO,1001,10,0,1,15,72,0,0,2016
LA CANDELARIA,10,JESUS NAZARENO,1003,8,0,1,47,1,0,0,2016
LA CANDELARIA,10,EL CHAGUALO,1004,3,0,0,62,1,0,0,2016
LA CANDELARIA,10,ESTACION VILLA,1005,6,0,0,18,5,0,0,2016
LA CANDELARIA,10,SAN BENITO,1006,5,0,1,22,1,0,0,2016
LA CANDELARIA,10,GUAYAQUIL,1007,0,0,0,0,3,0,0,2016
LA CANDELARIA,10,CORAZON DE JESUS,1008,0,0,0,0,2,0,0,2016
LA CANDELARIA,10,CALLE NUEVA,1011,3,0,0,0,2,0,0,2016
LA CANDELARIA,10,COLON,1013,12,0,13,51,2,0,0,2016
LA CANDELARIA,10,LAS PALMAS,1014,13,1,87,53,0,0,0,2016
LA CANDELARIA,10,BOMBONA No. 1,1015,6,0,0,37,17,0,0,2016
LA CANDELARIA,10,BOSTON,1016,5,0,1,21,58,0,0,2016
LA CANDELARIA,10,LOS ANGELES,1017,8,0,0,13,32,0,0,2016
LA CANDELARIA,10,VILLA NUEVA,1018,8,0,1,3,42,0,0,2016
LA CANDELARIA,10,LA CANDELARIA,1019,6,0,0,9,13,0,0,2016
LA CANDELARIA,10,SAN DIEGO,1020,7,0,39,5,4,4,0,2016
LAURELES,11,CARLOS E. RESTREPO,1101,1,0,0,1,24,0,0,2016
LAURELES,11,SURAMERICANA,1102,0,0,0,0,3,10,0,2016
LAURELES,11,NARANJAL,1103,1,0,2,2,5,1,0,2016
LAURELES,11,SAN JOAQUIN,1104,1,0,0,4,33,0,0,2016
LAURELES,11,LOS CONQUISTADORES,1105,0,0,0,1,0,9,0,2016
LAURELES,11,BOLIVARIANA,1106,0,0,0,0,15,3,0,2016
LAURELES,11,LAURELES,1107,0,0,0,0,1,18,0,2016
LAURELES,11,LAS ACACIAS,1108,0,0,0,0,6,13,0,2016
LAURELES,11,LA CASTELLANA,1109,2,0,0,1,3,20,0,2016
LAURELES,11,LORENA,1110,2,0,0,0,32,3,0,2016
LAURELES,11,EL VELODROMO,1111,1,0,0,0,10,7,0,2016
LAURELES,11,ESTADIO,1112,1,0,0,0,3,15,0,2016
LAURELES,11,LOS COLORES,1113,0,0,0,1,54,14,0,2016
LAURELES,11,CUARTA BRIGADA,1114,1,0,1,1,13,2,0,2016
LAURELES,11,FLORIDA NUEVA,1115,0,0,0,0,24,12,0,2016
LA AMERICA,12,FERRINI,1201,1,0,5,5,16,3,0,2016
LA AMERICA,12,CALASANZ,1202,1,0,0,0,2,12,0,2016
LA AMERICA,12,LOS PINOS,1203,0,0,0,0,16,0,0,2016
LA AMERICA,12,LA AMERICA,1204,2,0,0,29,40,0,0,2016
LA AMERICA,12,LA FLORESTA,1205,0,0,0,26,28,1,0,2016
LA AMERICA,12,SANTA LUCIA,1206,2,0,0,61,3,0,0,2016
LA AMERICA,12,EL DANUBIO,1207,1,0,0,24,25,0,0,2016
LA AMERICA,12,CAMPO ALEGRE,1208,1,0,3,32,22,0,0,2016
LA AMERICA,12,SANTA MONICA,1209,1,0,0,2,38,0,0,2016
LA AMERICA,12,CRISTOBAL,1210,4,0,0,44,11,5,0,2016
LA AMERICA,12,SIMON BOLIVAR,1211,0,0,0,0,1,17,0,2016
LA AMERICA,12,SANTA TERESITA,1212,0,0,0,0,3,8,0,2016
LA AMERICA,12,CALASANZ PARTE ALTA,1213,7,1,30,47,28,9,0,2016
SAN JAVIER,13,EL PESEBRE,1301,18,89,33,3,0,0,0,2016
SAN JAVIER,13,BLANQUIZAL,1302,11,56,23,0,0,0,0,2016
SAN JAVIER,13,SANTA ROSA DE LIMA,1303,3,1,24,6,4,0,0,2016
SAN JAVIER,13,LOS ALCAZARES,1304,5,2,4,67,6,0,0,2016
SAN JAVIER,13,METROPOLITANO,1305,5,13,32,6,0,0,0,2016
SAN JAVIER,13,LA PRADERA,1306,8,7,52,117,0,0,0,2016
SAN JAVIER,13,JUAN XXIII LA QUIEBRA,1307,28,103,80,1,0,0,0,2016
SAN JAVIER,13,SAN JAVIER No. 2,1308,3,0,3,27,5,0,0,2016
SAN JAVIER,13,SAN JAVIER No. 1,1309,1,0,1,28,0,0,0,2016
SAN JAVIER,13,VEINTE DE JULIO,1310,16,14,120,10,0,0,0,2016
SAN JAVIER,13,BELENCITO,1311,3,4,3,7,18,0,0,2016
SAN JAVIER,13,BETANIA,1312,17,0,86,9,0,0,0,2016
SAN JAVIER,13,EL CORAZON,1313,10,1,69,0,0,0,0,2016
SAN JAVIER,13,LAS INDEPENDENCIAS,1314,36,214,8,0,0,0,0,2016
SAN JAVIER,13,NUEVOS CONQUISTADORES,1315,21,135,1,0,0,0,0,2016
SAN JAVIER,13,EL SALADO,1316,15,122,36,35,0,0,0,2016
SAN JAVIER,13,EDUARDO SANTOS,1317,7,9,20,12,0,0,0,2016
SAN JAVIER,13,ANTONIO NARIÑO,1318,29,36,123,8,0,0,0,2016
SAN JAVIER,13,EL SOCORRO,1319,5,1,60,5,0,0,0,2016
EL POBLADO,14,BARRIO COLOMBIA,1401,0,0,0,0,0,1,0,2016
EL POBLADO,14,VILLA CARLOTA,1403,0,1,0,0,2,5,0,2016
EL POBLADO,14,CASTROPOL,1404,0,0,0,0,0,3,2,2016
EL POBLADO,14,LALINDE,1405,0,0,0,0,0,0,1,2016
EL POBLADO,14,LAS LOMAS No. 1,1406,0,0,0,0,0,0,2,2016
EL POBLADO,14,LAS LOMAS No. 2,1407,0,0,0,0,0,0,2,2016
EL POBLADO,14,ALTOS DEL POBLADO,1408,0,0,1,0,0,0,0,2016
EL POBLADO,14,EL TESORO,1409,0,0,3,0,0,0,2,2016
EL POBLADO,14,LOS NARANJOS,1410,0,0,2,15,0,2,2,2016
EL POBLADO,14,LOS BALSOS No. 1,1411,0,1,5,0,0,0,1,2016
EL POBLADO,14,SAN LUCAS,1412,0,0,0,0,0,0,2,2016
EL POBLADO,14,EL DIAMANTE No. 2,1413,0,0,0,0,0,0,4,2016
EL POBLADO,14,EL CASTILLO,1414,0,0,0,0,0,0,2,2016
EL POBLADO,14,LOS BALSOS No. 2,1415,0,0,0,0,0,0,3,2016
EL POBLADO,14,ALEJANDRIA,1416,0,0,4,2,0,0,1,2016
EL POBLADO,14,LA FLORIDA,1417,1,0,1,0,0,1,1,2016
EL POBLADO,14,EL POBLADO,1418,0,0,1,0,2,1,1,2016
EL POBLADO,14,MANILA,1419,0,0,0,0,3,3,0,2016
EL POBLADO,14,PATIO BONITO,1421,1,0,0,0,0,1,2,2016
EL POBLADO,14,SANTA MARIA DE LOS ANGELES,1423,0,0,0,0,1,7,2,2016
GUAYABAL,15,TENCHE,1502,0,0,0,0,1,0,0,2016
GUAYABAL,15,TRINIDAD,1503,13,6,7,96,3,0,0,2016
GUAYABAL,15,SANTA FE,1504,1,0,0,1,42,0,0,2016
GUAYABAL,15,CAMPO AMOR,1507,4,0,0,18,27,0,0,2016
GUAYABAL,15,CRISTO REY,1509,5,0,2,120,4,0,0,2016
GUAYABAL,15,GUAYABAL,1510,1,0,0,8,8,0,0,2016
GUAYABAL,15,LA COLINA,1511,9,0,155,74,1,0,0,2016
BELEN,16,FATIMA,1601,0,0,1,19,28,3,0,2016
BELEN,16,ROSALES,1602,1,0,0,2,5,10,0,2016
BELEN,16,BELEN,1603,2,0,0,24,34,2,0,2016
BELEN,16,GRANADA,1604,5,0,0,15,3,0,0,2016
BELEN,16,SAN BERNARDO,1605,12,0,1,174,2,0,0,2016
BELEN,16,LAS PLAYAS,1606,5,0,0,82,1,0,0,2016
BELEN,16,DIEGO ECHAVARRIA,1607,0,0,0,12,3,1,0,2016
BELEN,16,LA MOTA,1608,1,0,5,7,5,6,0,2016
BELEN,16,LA HONDONADA,1609,5,6,5,59,10,0,0,2016
BELEN,16,EL RINCON,1610,24,54,164,54,2,0,0,2016
BELEN,16,LOMA DE LOS BERNAL,1611,1,0,8,2,19,12,0,2016
BELEN,16,LA GLORIA,1612,6,0,1,18,34,3,0,2016
BELEN,16,ALTAVISTA,1613,23,3,173,29,7,0,0,2016
BELEN,16,LA PALMA,1614,1,0,0,3,5,5,0,2016
BELEN,16,LOS ALPES,1615,2,0,2,40,4,0,0,2016
BELEN,16,LAS VIOLETAS,1616,16,1,117,8,0,0,0,2016
BELEN,16,LAS MERCEDES,1617,10,0,7,46,0,0,0,2016
BELEN,16,NUEVA VILLA DEL ABURRA,1618,0,0,2,8,0,4,0,2016
BELEN,16,MIRAVALLE,1619,2,0,0,0,13,2,0,2016
BELEN,16,EL NOGAL-LOS ALMENDROS,1620,0,0,0,0,9,8,0,2016
SAN SEBASTIAN DE PALMITAS,50,LA SUIZA,5001,0,1,1,0,0,0,0,2016
SAN SEBASTIAN DE PALMITAS,50,LA FRISOLA,5002,0,3,0,0,0,0,0,2016
SAN SEBASTIAN DE PALMITAS,50,LA VOLCANA GUAYABAL,5003,0,1,3,0,0,0,0,2016
SAN SEBASTIAN DE PALMITAS,50,PALMITAS SECTOR CENTRAL,5004,1,3,13,1,0,0,0,2016
SAN SEBASTIAN DE PALMITAS,50,LA ALDEA,5005,1,3,7,1,0,0,0,2016
SAN SEBASTIAN DE PALMITAS,50,POTRERA MISERENGA,5006,2,4,1,0,0,0,0,2016
SAN SEBASTIAN DE PALMITAS,50,LA URQUITA,5007,3,1,3,0,0,0,0,2016
SAN CRISTOBAL,60,CABECERA URBANA SAN CRISTOBAL,6000,16,6,110,63,1,0,0,2016
SAN CRISTOBAL,60,LA LOMA,6001,38,88,140,3,0,0,0,2016
SAN CRISTOBAL,60,LA PALMA-EL PATIO,6002,17,11,75,2,0,0,0,2016
SAN CRISTOBAL,60,LAS PLAYAS,6003,2,1,16,0,0,0,0,2016
SAN CRISTOBAL,60,EL UVITO,6004,0,1,4,0,0,0,0,2016
SAN CRISTOBAL,60,NARANJAL,6005,0,2,3,0,0,0,0,2016
SAN CRISTOBAL,60,LA CUCHILLA,6006,0,0,1,0,0,0,0,2016
SAN CRISTOBAL,60,EL LLANO,6007,5,0,22,0,0,0,0,2016
SAN CRISTOBAL,60,TRAVESIAS,6008,14,2,81,4,0,0,0,2016
SAN CRISTOBAL,60,PEDREGAL ALTO,6009,3,2,12,1,0,0,0,2016
SAN CRISTOBAL,60,PAJARITO,6011,11,209,303,128,0,0,0,2016
SAN CRISTOBAL,60,EL PICACHO,6012,29,4,3,0,0,0,0,2016
SAN CRISTOBAL,60,EL CARMELO,6013,1,1,0,0,0,0,0,2016
SAN CRISTOBAL,60,YOLOMBO,6014,1,0,5,1,0,0,0,2016
SAN CRISTOBAL,60,SAN JOSE DE LA MONTAÑA,6015,0,2,7,0,0,0,0,2016
SAN CRISTOBAL,60,BOQUERON,6016,0,0,8,0,0,0,0,2016
ALTAVISTA,70,ALTAVISTA SECTOR CENTRAL,7001,34,13,142,3,1,0,0,2016
ALTAVISTA,70,AGUAS FRIAS,7002,0,0,1,0,0,0,0,2016
ALTAVISTA,70,LA ESPERANZA,7083,6,1,22,0,0,0,0,2016
ALTAVISTA,70,BUGA PATIO BONITO,7084,3,0,11,0,0,0,0,2016
ALTAVISTA,70,SAN PABLO,7085,0,0,1,0,0,0,0,2016
ALTAVISTA,70,EL CORAZON EL MORRO,7088,13,11,58,0,0,0,0,2016
ALTAVISTA,70,SAN JOSE DEL MANZANILLO,7089,3,13,15,0,1,0,0,2016
SAN ANTONIO DE PRADO,80,CABECERA SAN ANTONIO DE PRADO,8000,122,40,739,321,0,0,0,2016
SAN ANTONIO DE PRADO,80,EL VERGEL,8001,19,8,176,15,0,0,0,2016
SAN ANTONIO DE PRADO,80,LA FLORIDA,8002,5,3,10,0,0,0,0,2016
SAN ANTONIO DE PRADO,80,LA VERDE,8005,8,10,24,1,0,1,0,2016
SAN ANTONIO DE PRADO,80,EL SALADO,8006,2,4,10,0,0,0,0,2016
SAN ANTONIO DE PRADO,80,EL ASTILLERO,8007,1,0,2,0,0,0,0,2016
SAN ANTONIO DE PRADO,80,YARUMALITO,8008,1,0,0,0,0,0,0,2016
SAN ANTONIO DE PRADO,80,SUBURBANO POTRERITO,8089,1,0,7,1,0,0,0,2016
SANTA ELENA,90,EL CERRO,9001,0,0,4,1,0,0,0,2016
SANTA ELENA,90,EL LLANO SE,9002,1,1,13,2,0,0,0,2016
SANTA ELENA,90,EL PLAN,9003,3,0,17,4,0,0,0,2016
SANTA ELENA,90,LAS PALMAS,9004,2,3,4,0,0,0,0,2016
SANTA ELENA,90,MEDIA LUNA,9005,6,16,12,2,0,0,0,2016
SANTA ELENA,90,SANTA ELENA SECTOR CENTRAL,9006,3,4,25,2,0,0,0,2016
SANTA ELENA,90,EL PLACER,9007,0,0,10,2,2,0,0,2016
SANTA ELENA,90,PIEDRAS BLANCAS,9008,7,13,4,1,0,0,0,2016
SANTA ELENA,90,PIEDRA GORDA,9012,6,3,18,0,0,0,0,2016
SANTA ELENA,90,BARRO BLANCO,9013,5,0,12,1,0,0,0,2016
POPULAR,01,SANTO DOMINGO SAVIO No. 1,0101,34,79,214,0,2,0,0,2017
POPULAR,01,SANTO DOMINGO SAVIO No. 2,0102,23,126,20,0,0,0,0,2017
POPULAR,01,POPULAR,0103,42,52,256,1,0,0,0,2017
POPULAR,01,GRANIZAL,0104,13,22,138,0,0,0,0,2017
POPULAR,01,MOSCU No. 2,0105,24,28,123,0,0,0,0,2017
POPULAR,01,VILLA GUADALUPE,0106,12,27,95,1,0,0,0,2017
POPULAR,01,SAN PABLO,0107,17,44,116,0,0,0,0,2017
POPULAR,01,EL COMPROMISO,0108,6,29,1,0,0,0,0,2017
POPULAR,01,ALDEA PABLO VI,0109,1,34,0,0,0,0,0,2017
POPULAR,01,LA ESPERANZA No. 2,0110,8,42,8,0,0,0,0,2017
POPULAR,01,LA AVANZADA,0111,40,103,0,0,0,0,0,2017
POPULAR,01,CARPINELO,0112,21,148,1,0,0,0,0,2017
SANTA CRUZ,02,LA ISLA,0201,22,23,130,0,0,0,0,2017
SANTA CRUZ,02,EL PLAYON DE LOS COMUNEROS,0202,12,43,74,1,0,0,0,2017
SANTA CRUZ,02,PABLO VI,0203,5,0,59,0,0,0,0,2017
SANTA CRUZ,02,LA FRONTERA,0204,5,16,49,0,0,0,0,2017
SANTA CRUZ,02,LA FRANCIA,0205,16,15,140,0,0,0,0,2017
SANTA CRUZ,02,ANDALUCIA,0206,16,11,115,0,0,0,0,2017
SANTA CRUZ,02,VILLA DEL SOCORRO,0207,18,14,142,0,0,0,0,2017
SANTA CRUZ,02,VILLA NIZA,0208,12,3,87,0,0,0,0,2017
SANTA CRUZ,02,MOSCU No. 1,0209,8,11,88,1,0,0,0,2017
SANTA CRUZ,02,SANTA CRUZ,0210,14,18,177,1,0,0,0,2017
SANTA CRUZ,02,LA ROSA,0211,12,22,53,0,0,0,0,2017
MANRIQUE,03,LA SALLE,0301,18,8,188,0,0,0,0,2017
MANRIQUE,03,LAS GRANJAS,0302,34,63,288,0,0,0,0,2017
MANRIQUE,03,CAMPO VALDES No. 2,0303,11,1,64,107,0,0,0,2017
MANRIQUE,03,SANTA INES,0304,28,99,144,1,0,0,0,2017
MANRIQUE,03,EL RAIZAL,0305,17,34,103,1,0,0,0,2017
MANRIQUE,03,EL POMAR,0306,5,1,15,19,0,0,0,2017
MANRIQUE,03,MANRIQUE CENTRAL No. 2,0307,2,3,10,47,0,0,0,2017
MANRIQUE,03,MANRIQUE ORIENTAL,0308,9,2,133,16,0,0,0,2017
MANRIQUE,03,VERSALLES No. 1,0309,21,51,168,0,0,0,0,2017
MANRIQUE,03,VERSALLES No. 2,0310,23,109,0,0,0,0,0,2017
MANRIQUE,03,LA CRUZ,0311,21,140,1,0,0,0,0,2017
MANRIQUE,03,ORIENTE,0312,17,73,1,0,0,0,0,2017
MANRIQUE,03,MARIA CANO-CARAMBOLAS,0313,33,105,1,0,0,0,0,2017
MANRIQUE,03,SAN JOSE LA CIMA No. 1,0314,3,21,11,0,0,0,0,2017
MANRIQUE,03,SAN JOSE LA CIMA No. 2,0315,5,19,1,0,0,0,0,2017
ARANJUEZ,04,BERLIN,0401,6,9,25,48,0,0,0,2017
ARANJUEZ,04,SAN ISIDRO,0402,13,17,72,74,0,0,0,2017
ARANJUEZ,04,PALERMO,0403,12,32,58,2,0,0,0,2017
ARANJUEZ,04,BERMEJAL-LOS ALAMOS,0404,2,14,85,0,0,0,0,2017
ARANJUEZ,04,MORAVIA,0405,103,143,233,0,0,0,0,2017
ARANJUEZ,04,SEVILLA,0407,2,0,0,21,0,0,0,2017
ARANJUEZ,04,SAN PEDRO,0408,6,1,37,32,0,0,0,2017
ARANJUEZ,04,MANRIQUE CENTRAL No. 1,0409,8,0,9,78,0,0,0,2017
ARANJUEZ,04,CAMPO VALDES No. 1,0410,8,1,5,119,0,0,0,2017
ARANJUEZ,04,LAS ESMERALDAS,0411,7,8,31,44,0,0,0,2017
ARANJUEZ,04,LA PIÑUELA,0412,7,3,17,64,0,0,0,2017
ARANJUEZ,04,ARANJUEZ,0413,3,2,11,59,0,0,0,2017
ARANJUEZ,04,BRASILIA,0414,10,2,20,91,0,0,0,2017
ARANJUEZ,04,MIRANDA,0415,13,1,98,7,0,0,0,2017
CASTILLA,05,TOSCANA,0501,11,10,48,21,0,0,0,2017
CASTILLA,05,LAS BRISAS,0502,5,0,1,54,0,0,0,2017
CASTILLA,05,FLORENCIA,0503,5,0,4,95,0,0,0,2017
CASTILLA,05,TEJELO,0504,5,0,1,104,0,0,0,2017
CASTILLA,05,BOYACA,0505,3,0,0,57,0,0,0,2017
CASTILLA,05,HECTOR ABAD GOMEZ,0507,11,10,42,9,0,0,0,2017
CASTILLA,05,BELALCAZAR,0508,9,1,42,28,0,0,0,2017
CASTILLA,05,GIRARDOT,0509,11,1,14,97,0,0,0,2017
CASTILLA,05,TRICENTENARIO,0510,0,1,5,57,0,0,0,2017
CASTILLA,05,CASTILLA,0511,15,1,23,223,0,0,0,2017
CASTILLA,05,FRANCISCO ANTONIO ZEA,0513,7,0,52,66,0,0,0,2017
CASTILLA,05,ALFONSO LOPEZ,0514,7,1,42,74,0,0,0,2017
CASTILLA,05,CARIBE,0517,3,0,2,10,0,0,0,2017
CASTILLA,05,EL PROGRESO,0519,1,0,0,14,6,0,0,2017
DOCE DE OCTUBRE,06,SANTANDER,0601,12,2,178,1,0,0,0,2017
DOCE DE OCTUBRE,06,DOCE DE OCTUBRE No. 1,0602,12,3,160,0,0,0,0,2017
DOCE DE OCTUBRE,06,DOCE DE OCTUBRE No. 2,0603,4,3,183,0,0,0,0,2017
DOCE DE OCTUBRE,06,PEDREGAL,0604,11,2,18,170,0,0,0,2017
DOCE DE OCTUBRE,06,LA ESPERANZA,0605,16,1,37,189,0,0,0,2017
DOCE DE OCTUBRE,06,SAN MARTIN DE PORRES,0606,13,2,148,29,0,0,0,2017
DOCE DE OCTUBRE,06,KENNEDY,0607,25,2,321,3,0,0,0,2017
DOCE DE OCTUBRE,06,PICACHO,0608,21,129,70,0,0,0,0,2017
DOCE DE OCTUBRE,06,PICACHITO,0609,13,45,1,0,0,0,0,2017
DOCE DE OCTUBRE,06,MIRADOR DEL DOCE,0610,5,43,6,0,0,0,0,2017
DOCE DE OCTUBRE,06,PROGRESO No. 2,0611,4,38,6,0,0,0,0,2017
DOCE DE OCTUBRE,06,EL TRIUNFO,0612,4,30,4,0,0,0,0,2017
ROBLEDO,07,CERRO EL VOLADOR,0702,2,1,9,1,1,0,0,2017
ROBLEDO,07,SAN GERMAN,0703,1,0,11,28,18,1,0,2017
ROBLEDO,07,FACULTAD DE MINAS,0705,0,0,0,3,1,0,0,2017
ROBLEDO,07,PILARICA,0706,0,0,0,3,7,5,0,2017
ROBLEDO,07,BOSQUES DE SAN PABLO,0707,1,0,0,2,7,0,0,2017
ROBLEDO,07,ALTAMIRA,0708,1,0,0,11,6,0,0,2017
ROBLEDO,07,CORDOBA,0709,10,20,34,28,0,0,0,2017
ROBLEDO,07,LOPEZ DE MESA,0710,0,1,2,26,0,0,0,2017
ROBLEDO,07,EL DIAMANTE,0711,9,1,152,19,0,0,0,2017
ROBLEDO,07,AURES No. 1,0712,24,4,251,7,2,0,0,2017
ROBLEDO,07,AURES No. 2,0713,38,49,284,38,0,0,0,2017
ROBLEDO,07,BELLO HORIZONTE,0714,10,0,74,11,0,0,0,2017
ROBLEDO,07,VILLA FLORA,0715,4,2,69,18,0,0,0,2017
ROBLEDO,07,PALENQUE,0716,3,0,6,35,9,0,0,2017
ROBLEDO,07,ROBLEDO,0717,2,0,20,28,7,0,0,2017
ROBLEDO,07,CUCARACHO,0718,7,5,29,123,0,0,0,2017
ROBLEDO,07,FUENTE CLARA,0719,6,18,18,0,0,0,0,2017
ROBLEDO,07,SANTA MARGARITA,0720,12,31,82,0,0,0,0,2017
ROBLEDO,07,OLAYA HERRERA,0722,44,216,27,7,0,0,0,2017
ROBLEDO,07,PAJARITO,0723,3,0,5,28,0,0,0,2017
ROBLEDO,07,MONTECLARO,0724,2,75,35,111,1,0,0,2017
ROBLEDO,07,NUEVA VILLA DE LA IGUANA,0725,6,55,3,0,0,0,0,2017
VILLA HERMOSA,08,VILLA HERMOSA,0801,5,1,7,66,0,0,0,2017
VILLA HERMOSA,08,LA MANSION,0802,5,1,10,35,2,0,0,2017
VILLA HERMOSA,08,SAN MIGUEL,0803,4,0,9,43,10,0,0,2017
VILLA HERMOSA,08,LA LADERA,0804,15,0,13,16,1,0,0,2017
VILLA HERMOSA,08,BATALLON GIRARDOT,0805,0,3,2,3,0,0,0,2017
VILLA HERMOSA,08,LLANADITAS,0806,36,147,1,1,0,0,0,2017
VILLA HERMOSA,08,LOS MANGOS,0807,35,69,195,3,0,0,0,2017
VILLA HERMOSA,08,ENCISO,0808,7,2,60,68,0,0,0,2017
VILLA HERMOSA,08,SUCRE,0809,5,0,11,54,0,0,0,2017
VILLA HERMOSA,08,EL PINAL,0810,16,21,171,2,0,0,0,2017
VILLA HERMOSA,08,TRECE DE NOVIEMBRE,0811,20,97,2,0,0,0,0,2017
VILLA HERMOSA,08,LA LIBERTAD,0812,21,52,67,0,0,0,0,2017
VILLA HERMOSA,08,VILLA TINA,0813,19,66,74,0,0,0,0,2017
VILLA HERMOSA,08,SAN ANTONIO,0814,9,62,9,2,0,0,0,2017
VILLA HERMOSA,08,LAS ESTANCIAS,0815,17,50,62,0,0,0,0,2017
VILLA HERMOSA,08,VILLA TURBAY,0816,8,25,1,0,0,0,0,2017
VILLA HERMOSA,08,LA SIERRA,0817,6,28,1,0,0,0,0,2017
VILLA HERMOSA,08,VILLA LILIAM,0819,8,22,48,0,0,0,0,2017
BUENOS AIRES,09,JUAN PABLO II,0901,4,32,6,0,0,0,0,2017
BUENOS AIRES,09,BARRIOS DE JESUS,0902,18,32,71,13,1,0,0,2017
BUENOS AIRES,09,BOMBONA No. 2,0903,13,3,117,63,4,0,0,2017
BUENOS AIRES,09,LOS CERROS-EL VERGEL,0904,8,0,22,50,0,0,0,2017
BUENOS AIRES,09,ALEJANDRO ECHAVARRIA,0905,1,0,7,44,0,0,0,2017
BUENOS AIRES,09,BARRIO CAICEDO,0906,3,0,8,55,0,0,0,2017
BUENOS AIRES,09,BUENOS AIRES,0907,10,2,0,68,0,0,0,2017
BUENOS AIRES,09,MIRAFLORES,0908,3,0,1,24,13,0,0,2017
BUENOS AIRES,09,CATALUÑA,0909,4,0,2,65,0,0,0,2017
BUENOS AIRES,09,LA MILAGROSA,0910,1,0,1,51,0,0,0,2017
BUENOS AIRES,09,GERONA,0911,7,0,4,77,0,0,0,2017
BUENOS AIRES,09,EL SALVADOR,0912,10,1,23,137,0,0,0,2017
BUENOS AIRES,09,LORETO,0913,30,8,210,94,6,0,0,2017
BUENOS AIRES,09,ASOMADERA No. 1,0914,7,5,46,5,13,1,0,2017
BUENOS AIRES,09,OCHO DE MARZO,0917,2,30,7,0,0,0,0,2017
LA CANDELARIA,10,PRADO,1001,13,1,0,25,57,0,0,2017
LA CANDELARIA,10,JESUS NAZARENO,1003,2,0,1,29,1,0,0,2017
LA CANDELARIA,10,EL CHAGUALO,1004,3,0,0,51,0,0,0,2017
LA CANDELARIA,10,ESTACION VILLA,1005,8,0,1,11,0,0,0,2017
LA CANDELARIA,10,SAN BENITO,1006,4,0,0,24,4,0,0,2017
LA CANDELARIA,10,GUAYAQUIL,1007,3,0,1,1,1,0,0,2017
LA CANDELARIA,10,CORAZON DE JESUS,1008,0,0,0,0,1,0,0,2017
LA CANDELARIA,10,CALLE NUEVA,1011,2,0,0,0,0,0,0,2017
LA CANDELARIA,10,COLON,1013,9,1,8,42,2,0,0,2017
LA CANDELARIA,10,LAS PALMAS,1014,15,1,77,52,0,0,0,2017
LA CANDELARIA,10,BOMBONA No. 1,1015,5,1,0,37,24,0,0,2017
LA CANDELARIA,10,BOSTON,1016,7,0,1,26,61,0,0,2017
LA CANDELARIA,10,LOS ANGELES,1017,3,0,1,15,32,0,0,2017
LA CANDELARIA,10,VILLA NUEVA,1018,12,1,0,11,25,0,1,2017
LA CANDELARIA,10,LA CANDELARIA,1019,11,0,0,12,10,0,0,2017
LA CANDELARIA,10,SAN DIEGO,1020,2,1,40,5,6,3,0,2017
LAURELES,11,CARLOS E. RESTREPO,1101,2,0,0,2,13,0,0,2017
LAURELES,11,SURAMERICANA,1102,0,0,0,0,2,7,0,2017
LAURELES,11,NARANJAL,1103,0,0,1,10,4,3,0,2017
LAURELES,11,SAN JOAQUIN,1104,8,0,0,7,35,2,0,2017
LAURELES,11,LOS CONQUISTADORES,1105,0,0,0,0,1,7,0,2017
LAURELES,11,BOLIVARIANA,1106,1,0,0,0,15,4,0,2017
LAURELES,11,LAURELES,1107,0,1,0,0,1,10,1,2017
LAURELES,11,LAS ACACIAS,1108,0,0,0,0,2,7,0,2017
LAURELES,11,LA CASTELLANA,1109,0,0,0,3,12,11,0,2017
LAURELES,11,LORENA,1110,2,2,0,0,24,5,0,2017
LAURELES,11,EL VELODROMO,1111,1,0,0,1,6,12,0,2017
LAURELES,11,ESTADIO,1112,3,0,0,0,3,12,0,2017
LAURELES,11,LOS COLORES,1113,2,0,0,0,41,8,0,2017
LAURELES,11,CUARTA BRIGADA,1114,0,0,0,1,8,1,0,2017
LAURELES,11,FLORIDA NUEVA,1115,4,0,0,0,17,7,0,2017
LA AMERICA,12,FERRINI,1201,0,0,3,3,8,0,0,2017
LA AMERICA,12,CALASANZ,1202,0,0,2,1,1,9,0,2017
LA AMERICA,12,LOS PINOS,1203,1,0,0,0,14,1,0,2017
LA AMERICA,12,LA AMERICA,1204,1,0,0,23,39,0,0,2017
LA AMERICA,12,LA FLORESTA,1205,6,0,1,13,21,1,0,2017
LA AMERICA,12,SANTA LUCIA,1206,4,3,0,75,4,0,0,2017
LA AMERICA,12,EL DANUBIO,1207,3,0,0,24,11,0,0,2017
LA AMERICA,12,CAMPO ALEGRE,1208,0,0,0,15,13,0,0,2017
LA AMERICA,12,SANTA MONICA,1209,3,0,0,0,28,0,0,2017
LA AMERICA,12,CRISTOBAL,1210,2,0,0,39,13,3,0,2017
LA AMERICA,12,SIMON BOLIVAR,1211,2,0,0,1,0,16,1,2017
LA AMERICA,12,SANTA TERESITA,1212,0,0,0,0,3,15,0,2017
LA AMERICA,12,CALASANZ PARTE ALTA,1213,6,1,26,49,19,6,0,2017
SAN JAVIER,13,EL PESEBRE,1301,22,99,41,12,3,0,0,2017
SAN JAVIER,13,BLANQUIZAL,1302,15,62,24,0,0,0,0,2017
SAN JAVIER,13,SANTA ROSA DE LIMA,1303,0,1,37,1,5,0,0,2017
SAN JAVIER,13,LOS ALCAZARES,1304,6,0,3,66,10,0,0,2017
SAN JAVIER,13,METROPOLITANO,1305,7,14,33,8,0,0,0,2017
SAN JAVIER,13,LA PRADERA,1306,4,7,70,106,0,0,0,2017
SAN JAVIER,13,JUAN XXIII LA QUIEBRA,1307,27,126,53,0,0,0,0,2017
SAN JAVIER,13,SAN JAVIER No. 2,1308,3,0,2,20,8,0,0,2017
SAN JAVIER,13,SAN JAVIER No. 1,1309,2,0,1,33,2,0,0,2017
SAN JAVIER,13,VEINTE DE JULIO,1310,16,24,123,9,0,0,0,2017
SAN JAVIER,13,BELENCITO,1311,1,0,5,11,9,0,0,2017
SAN JAVIER,13,BETANIA,1312,10,2,76,8,0,0,0,2017
SAN JAVIER,13,EL CORAZON,1313,4,6,49,1,0,0,0,2017
SAN JAVIER,13,LAS INDEPENDENCIAS,1314,28,187,6,0,0,0,0,2017
SAN JAVIER,13,NUEVOS CONQUISTADORES,1315,10,146,3,0,0,0,0,2017
SAN JAVIER,13,EL SALADO,1316,16,134,45,36,0,0,0,2017
SAN JAVIER,13,EDUARDO SANTOS,1317,5,19,33,10,0,0,0,2017
SAN JAVIER,13,ANTONIO NARIÑO,1318,16,48,154,5,0,0,0,2017
SAN JAVIER,13,EL SOCORRO,1319,4,12,65,1,0,0,0,2017
EL POBLADO,14,BARRIO COLOMBIA,1401,1,0,0,1,0,0,0,2017
EL POBLADO,14,VILLA CARLOTA,1403,0,0,0,0,6,14,0,2017
EL POBLADO,14,CASTROPOL,1404,0,0,0,0,1,3,4,2017
EL POBLADO,14,LAS LOMAS No. 1,1406,0,0,0,0,0,1,1,2017
EL POBLADO,14,LAS LOMAS No. 2,1407,1,0,0,0,0,0,1,2017
EL POBLADO,14,ALTOS DEL POBLADO,1408,1,0,0,0,0,0,0,2017
EL POBLADO,14,EL TESORO,1409,0,0,10,3,1,1,4,2017
EL POBLADO,14,LOS NARANJOS,1410,0,1,12,10,5,0,4,2017
EL POBLADO,14,LOS BALSOS No. 1,1411,1,0,4,0,1,0,4,2017
EL POBLADO,14,SAN LUCAS,1412,1,0,0,0,0,0,3,2017
EL POBLADO,14,EL DIAMANTE No. 2,1413,0,0,0,0,0,0,5,2017
EL POBLADO,14,LOS BALSOS No. 2,1415,0,0,1,1,0,1,3,2017
EL POBLADO,14,ALEJANDRIA,1416,0,0,2,3,0,0,1,2017
EL POBLADO,14,LA FLORIDA,1417,0,0,4,0,1,0,6,2017
EL POBLADO,14,EL POBLADO,1418,0,0,0,0,2,0,1,2017
EL POBLADO,14,MANILA,1419,1,0,0,1,16,1,0,2017
EL POBLADO,14,ASTORGA,1420,0,0,0,1,1,0,0,2017
EL POBLADO,14,PATIO BONITO,1421,0,0,0,0,0,1,7,2017
EL POBLADO,14,LA AGUACATALA,1422,0,0,0,0,0,1,3,2017
EL POBLADO,14,SANTA MARIA DE LOS ANGELES,1423,1,0,0,0,0,5,4,2017
GUAYABAL,15,TRINIDAD,1503,12,1,7,114,0,0,0,2017
GUAYABAL,15,SANTA FE,1504,0,0,0,1,37,0,0,2017
GUAYABAL,15,CAMPO AMOR,1507,1,0,2,23,24,0,0,2017
GUAYABAL,15,CRISTO REY,1509,6,0,1,94,3,0,0,2017
GUAYABAL,15,GUAYABAL,1510,1,0,0,9,5,0,0,2017
GUAYABAL,15,LA COLINA,1511,12,0,131,72,0,0,0,2017
BELEN,16,FATIMA,1601,2,0,0,14,15,1,0,2017
BELEN,16,ROSALES,1602,0,0,0,0,6,3,0,2017
BELEN,16,BELEN,1603,2,0,0,13,21,1,0,2017
BELEN,16,GRANADA,1604,5,0,1,19,5,0,0,2017
BELEN,16,SAN BERNARDO,1605,10,1,1,203,4,0,0,2017
BELEN,16,LAS PLAYAS,1606,3,1,0,91,0,0,0,2017
BELEN,16,DIEGO ECHAVARRIA,1607,0,0,0,11,2,1,0,2017
BELEN,16,LA MOTA,1608,1,0,7,5,9,8,0,2017
BELEN,16,LA HONDONADA,1609,2,11,8,59,19,0,0,2017
BELEN,16,EL RINCON,1610,19,58,173,57,10,0,0,2017
BELEN,16,LOMA DE LOS BERNAL,1611,0,0,6,0,24,10,0,2017
BELEN,16,LA GLORIA,1612,3,1,0,22,25,1,0,2017
BELEN,16,ALTAVISTA,1613,19,2,114,35,9,0,0,2017
BELEN,16,LA PALMA,1614,0,0,0,13,8,5,0,2017
BELEN,16,LOS ALPES,1615,0,0,1,34,3,0,0,2017
BELEN,16,LAS VIOLETAS,1616,14,5,127,6,0,0,0,2017
BELEN,16,LAS MERCEDES,1617,10,1,10,63,5,0,0,2017
BELEN,16,NUEVA VILLA DEL ABURRA,1618,0,0,0,3,0,2,0,2017
BELEN,16,MIRAVALLE,1619,0,0,0,2,12,3,0,2017
BELEN,16,EL NOGAL-LOS ALMENDROS,1620,0,0,0,0,5,2,0,2017
SAN SEBASTIAN DE PALMITAS,50,LA SUIZA,5001,0,0,2,0,0,0,0,2017
SAN SEBASTIAN DE PALMITAS,50,LA FRISOLA,5002,1,2,2,0,0,0,0,2017
SAN SEBASTIAN DE PALMITAS,50,LA VOLCANA GUAYABAL,5003,0,1,1,0,0,0,0,2017
SAN SEBASTIAN DE PALMITAS,50,PALMITAS SECTOR CENTRAL,5004,0,1,6,1,0,0,0,2017
SAN SEBASTIAN DE PALMITAS,50,LA ALDEA,5005,3,4,5,0,0,0,0,2017
SAN SEBASTIAN DE PALMITAS,50,POTRERA MISERENGA,5006,0,3,2,1,0,0,0,2017
SAN SEBASTIAN DE PALMITAS,50,LA URQUITA,5007,1,1,1,0,0,0,0,2017
SAN CRISTOBAL,60,CABECERA URBANA SAN CRISTOBAL,6000,12,4,125,47,0,0,0,2017
SAN CRISTOBAL,60,LA LOMA,6001,42,80,147,2,0,0,0,2017
SAN CRISTOBAL,60,LA PALMA-EL PATIO,6002,13,16,119,3,0,0,0,2017
SAN CRISTOBAL,60,LAS PLAYAS,6003,1,0,9,0,1,0,0,2017
SAN CRISTOBAL,60,EL UVITO,6004,0,0,5,0,0,0,0,2017
SAN CRISTOBAL,60,NARANJAL,6005,0,0,1,0,0,0,0,2017
SAN CRISTOBAL,60,LA CUCHILLA,6006,0,1,3,0,0,0,0,2017
SAN CRISTOBAL,60,EL LLANO,6007,2,2,20,0,0,0,0,2017
SAN CRISTOBAL,60,TRAVESIAS,6008,11,1,103,2,0,0,0,2017
SAN CRISTOBAL,60,PEDREGAL ALTO,6009,2,5,40,1,0,0,0,2017
SAN CRISTOBAL,60,PAJARITO,6011,43,174,294,126,0,0,0,2017
SAN CRISTOBAL,60,EL PICACHO,6012,27,2,4,0,0,0,0,2017
SAN CRISTOBAL,60,EL CARMELO,6013,1,1,1,0,0,0,0,2017
SAN CRISTOBAL,60,YOLOMBO,6014,0,0,4,1,0,0,0,2017
SAN CRISTOBAL,60,SAN JOSE DE LA MONTAÑA,6015,1,0,5,0,0,0,0,2017
SAN CRISTOBAL,60,BOQUERON,6016,0,0,5,0,0,0,0,2017
ALTAVISTA,70,ALTAVISTA SECTOR CENTRAL,7001,22,16,103,1,0,0,0,2017
ALTAVISTA,70,AGUAS FRIAS,7002,0,0,1,1,0,0,0,2017
ALTAVISTA,70,LA ESPERANZA,7083,6,3,70,0,0,0,0,2017
ALTAVISTA,70,BUGA PATIO BONITO,7084,1,2,7,0,0,0,0,2017
ALTAVISTA,70,EL CORAZON EL MORRO,7088,6,8,54,3,0,0,0,2017
ALTAVISTA,70,SAN JOSE DEL MANZANILLO,7089,3,18,21,0,0,0,0,2017
SAN ANTONIO DE PRADO,80,CABECERA SAN ANTONIO DE PRADO,8000,92,23,628,422,3,0,0,2017
SAN ANTONIO DE PRADO,80,EL VERGEL,8001,13,12,124,54,1,0,0,2017
SAN ANTONIO DE PRADO,80,LA FLORIDA,8002,2,0,10,5,0,0,0,2017
SAN ANTONIO DE PRADO,80,LA VERDE,8005,6,13,32,0,0,0,0,2017
SAN ANTONIO DE PRADO,80,EL SALADO,8006,5,3,10,0,0,0,0,2017
SAN ANTONIO DE PRADO,80,EL ASTILLERO,8007,0,0,2,0,0,0,0,2017
SAN ANTONIO DE PRADO,80,YARUMALITO,8008,0,0,1,0,0,0,0,2017
SAN ANTONIO DE PRADO,80,SUBURBANO POTRERITO,8089,5,1,2,2,0,0,0,2017
SANTA ELENA,90,EL CERRO,9001,1,1,5,3,0,0,0,2017
SANTA ELENA,90,EL LLANO SE,9002,0,0,12,1,0,0,0,2017
SANTA ELENA,90,EL PLAN,9003,0,1,12,2,0,0,0,2017
SANTA ELENA,90,LAS PALMAS,9004,1,3,3,0,1,0,0,2017
SANTA ELENA,90,MEDIA LUNA,9005,1,3,7,1,0,0,0,2017
SANTA ELENA,90,SANTA ELENA SECTOR CENTRAL,9006,6,5,36,2,0,0,0,2017
SANTA ELENA,90,EL PLACER,9007,3,0,4,3,0,0,0,2017
SANTA ELENA,90,PIEDRAS BLANCAS,9008,8,18,4,0,0,0,0,2017
SANTA ELENA,90,PIEDRA GORDA,9012,0,2,10,0,0,0,0,2017
SANTA ELENA,90,BARRO BLANCO,9013,3,2,10,1,1,0,0,2017
POPULAR,01,SANTO DOMINGO SAVIO No. 1,0101,74,91,271,0,0,0,0,2018
POPULAR,01,SANTO DOMINGO SAVIO No. 2,0102,35,142,28,0,0,0,0,2018
POPULAR,01,POPULAR,0103,69,65,295,0,0,0,0,2018
POPULAR,01,GRANIZAL,0104,41,24,131,0,0,0,0,2018
POPULAR,01,MOSCU No. 2,0105,32,36,175,0,0,0,0,2018
POPULAR,01,VILLA GUADALUPE,0106,20,34,130,1,0,0,0,2018
POPULAR,01,SAN PABLO,0107,15,43,129,0,0,0,0,2018
POPULAR,01,EL COMPROMISO,0108,16,60,0,1,0,0,0,2018
POPULAR,01,ALDEA PABLO VI,0109,13,39,2,0,0,0,0,2018
POPULAR,01,LA ESPERANZA No. 2,0110,11,45,7,0,0,0,0,2018
POPULAR,01,LA AVANZADA,0111,36,144,2,0,1,0,0,2018
POPULAR,01,CARPINELO,0112,32,174,1,0,0,0,0,2018
SANTA CRUZ,02,LA ISLA,0201,34,39,170,0,0,0,0,2018
SANTA CRUZ,02,EL PLAYON DE LOS COMUNEROS,0202,23,55,94,0,0,0,0,2018
SANTA CRUZ,02,PABLO VI,0203,8,1,75,0,0,0,0,2018
SANTA CRUZ,02,LA FRONTERA,0204,16,18,67,0,0,0,0,2018
SANTA CRUZ,02,LA FRANCIA,0205,36,22,204,0,0,0,0,2018
SANTA CRUZ,02,ANDALUCIA,0206,26,9,137,0,0,0,0,2018
SANTA CRUZ,02,VILLA DEL SOCORRO,0207,30,22,176,0,0,0,0,2018
SANTA CRUZ,02,VILLA NIZA,0208,16,4,88,0,0,0,0,2018
SANTA CRUZ,02,MOSCU No. 1,0209,11,11,97,0,0,0,0,2018
SANTA CRUZ,02,SANTA CRUZ,0210,36,31,180,0,0,0,0,2018
SANTA CRUZ,02,LA ROSA,0211,12,34,84,0,0,0,0,2018
MANRIQUE,03,LA SALLE,0301,21,11,220,1,0,0,0,2018
MANRIQUE,03,LAS GRANJAS,0302,60,91,315,4,0,0,0,2018
MANRIQUE,03,CAMPO VALDES No. 2,0303,19,1,55,103,0,0,0,2018
MANRIQUE,03,SANTA INES,0304,44,107,194,1,0,0,0,2018
MANRIQUE,03,EL RAIZAL,0305,17,29,142,0,0,0,0,2018
MANRIQUE,03,EL POMAR,0306,5,0,14,30,0,0,0,2018
MANRIQUE,03,MANRIQUE CENTRAL No. 2,0307,9,1,13,55,0,0,0,2018
MANRIQUE,03,MANRIQUE ORIENTAL,0308,21,4,135,33,0,0,0,2018
MANRIQUE,03,VERSALLES No. 1,0309,33,65,182,1,0,0,0,2018
MANRIQUE,03,VERSALLES No. 2,0310,33,166,2,0,0,0,0,2018
MANRIQUE,03,LA CRUZ,0311,45,196,6,0,0,0,0,2018
MANRIQUE,03,ORIENTE,0312,23,88,1,0,0,0,0,2018
MANRIQUE,03,MARIA CANO-CARAMBOLAS,0313,44,141,0,0,0,0,0,2018
MANRIQUE,03,SAN JOSE LA CIMA No. 1,0314,9,39,8,0,0,0,0,2018
MANRIQUE,03,SAN JOSE LA CIMA No. 2,0315,7,16,2,0,0,0,0,2018
ARANJUEZ,04,BERLIN,0401,12,7,39,84,0,0,0,2018
ARANJUEZ,04,SAN ISIDRO,0402,20,15,65,79,0,0,0,2018
ARANJUEZ,04,PALERMO,0403,16,31,75,1,0,0,0,2018
ARANJUEZ,04,BERMEJAL-LOS ALAMOS,0404,12,14,103,1,0,0,0,2018
ARANJUEZ,04,MORAVIA,0405,116,207,343,0,0,0,0,2018
ARANJUEZ,04,SEVILLA,0407,8,0,1,30,0,0,0,2018
ARANJUEZ,04,SAN PEDRO,0408,24,0,50,31,2,0,0,2018
ARANJUEZ,04,MANRIQUE CENTRAL No. 1,0409,18,0,7,97,0,0,0,2018
ARANJUEZ,04,CAMPO VALDES No. 1,0410,13,1,10,145,0,0,0,2018
ARANJUEZ,04,LAS ESMERALDAS,0411,11,10,22,45,0,0,0,2018
ARANJUEZ,04,LA PIÑUELA,0412,10,2,17,77,0,0,0,2018
ARANJUEZ,04,ARANJUEZ,0413,8,0,24,61,0,0,0,2018
ARANJUEZ,04,BRASILIA,0414,10,3,31,126,0,0,0,2018
ARANJUEZ,04,MIRANDA,0415,22,1,115,3,0,0,0,2018
CASTILLA,05,TOSCANA,0501,22,15,60,37,0,0,0,2018
CASTILLA,05,LAS BRISAS,0502,3,0,1,81,0,0,0,2018
CASTILLA,05,FLORENCIA,0503,11,0,10,138,0,0,0,2018
CASTILLA,05,TEJELO,0504,11,2,3,99,0,0,0,2018
CASTILLA,05,BOYACA,0505,3,0,0,54,0,0,0,2018
CASTILLA,05,HECTOR ABAD GOMEZ,0507,13,13,52,10,0,0,0,2018
CASTILLA,05,BELALCAZAR,0508,21,8,56,28,0,0,0,2018
CASTILLA,05,GIRARDOT,0509,9,2,26,116,0,0,0,2018
CASTILLA,05,TRICENTENARIO,0510,3,1,1,49,0,0,0,2018
CASTILLA,05,CASTILLA,0511,29,2,19,272,0,0,0,2018
CASTILLA,05,FRANCISCO ANTONIO ZEA,0513,5,1,59,70,0,0,0,2018
CASTILLA,05,ALFONSO LOPEZ,0514,16,1,47,86,1,0,0,2018
CASTILLA,05,CARIBE,0517,4,0,0,20,0,0,0,2018
CASTILLA,05,EL PROGRESO,0519,0,0,1,24,6,0,0,2018
DOCE DE OCTUBRE,06,SANTANDER,0601,22,1,212,0,0,0,0,2018
DOCE DE OCTUBRE,06,DOCE DE OCTUBRE No. 1,0602,23,2,191,0,0,0,0,2018
DOCE DE OCTUBRE,06,DOCE DE OCTUBRE No. 2,0603,17,2,191,5,0,0,0,2018
DOCE DE OCTUBRE,06,PEDREGAL,0604,19,0,29,206,0,0,0,2018
DOCE DE OCTUBRE,06,LA ESPERANZA,0605,28,0,40,217,0,0,0,2018
DOCE DE OCTUBRE,06,SAN MARTIN DE PORRES,0606,22,0,157,62,0,0,0,2018
DOCE DE OCTUBRE,06,KENNEDY,0607,51,3,361,8,0,0,0,2018
DOCE DE OCTUBRE,06,PICACHO,0608,35,150,102,0,0,0,0,2018
DOCE DE OCTUBRE,06,PICACHITO,0609,17,85,6,0,0,0,0,2018
DOCE DE OCTUBRE,06,MIRADOR DEL DOCE,0610,5,52,9,0,0,0,0,2018
DOCE DE OCTUBRE,06,PROGRESO No. 2,0611,6,66,8,1,0,0,0,2018
DOCE DE OCTUBRE,06,EL TRIUNFO,0612,8,64,1,0,0,0,0,2018
ROBLEDO,07,CERRO EL VOLADOR,0702,3,0,11,4,0,0,0,2018
ROBLEDO,07,SAN GERMAN,0703,9,1,14,35,16,0,0,2018
ROBLEDO,07,FACULTAD DE MINAS,0705,0,0,0,1,0,0,0,2018
ROBLEDO,07,PILARICA,0706,0,0,1,3,8,2,0,2018
ROBLEDO,07,BOSQUES DE SAN PABLO,0707,3,0,0,1,8,0,0,2018
ROBLEDO,07,ALTAMIRA,0708,0,0,0,10,5,0,0,2018
ROBLEDO,07,CORDOBA,0709,4,24,41,52,0,0,0,2018
ROBLEDO,07,LOPEZ DE MESA,0710,1,0,1,36,0,0,0,2018
ROBLEDO,07,EL DIAMANTE,0711,25,0,180,21,1,0,0,2018
ROBLEDO,07,AURES No. 1,0712,32,0,354,2,0,0,0,2018
ROBLEDO,07,AURES No. 2,0713,65,52,348,30,0,0,0,2018
ROBLEDO,07,BELLO HORIZONTE,0714,10,0,104,13,0,0,0,2018
ROBLEDO,07,VILLA FLORA,0715,4,0,88,18,7,0,0,2018
ROBLEDO,07,PALENQUE,0716,1,0,9,73,6,0,0,2018
ROBLEDO,07,ROBLEDO,0717,3,0,21,33,2,0,0,2018
ROBLEDO,07,CUCARACHO,0718,11,9,48,130,1,0,0,2018
ROBLEDO,07,FUENTE CLARA,0719,8,17,22,0,0,0,0,2018
ROBLEDO,07,SANTA MARGARITA,0720,40,40,115,0,0,0,0,2018
ROBLEDO,07,OLAYA HERRERA,0722,79,215,13,1,1,0,0,2018
ROBLEDO,07,PAJARITO,0723,6,0,5,44,0,0,0,2018
ROBLEDO,07,MONTECLARO,0724,3,74,39,98,1,0,0,2018
ROBLEDO,07,NUEVA VILLA DE LA IGUANA,0725,30,96,5,0,0,0,0,2018
VILLA HERMOSA,08,VILLA HERMOSA,0801,11,0,11,116,1,0,0,2018
VILLA HERMOSA,08,LA MANSION,0802,10,0,17,77,1,0,0,2018
VILLA HERMOSA,08,SAN MIGUEL,0803,11,0,29,43,18,0,0,2018
VILLA HERMOSA,08,LA LADERA,0804,6,1,16,22,0,0,0,2018
VILLA HERMOSA,08,BATALLON GIRARDOT,0805,2,3,0,2,0,0,0,2018
VILLA HERMOSA,08,LLANADITAS,0806,38,269,6,2,0,0,0,2018
VILLA HERMOSA,08,LOS MANGOS,0807,44,83,217,0,1,0,0,2018
VILLA HERMOSA,08,ENCISO,0808,25,3,89,86,0,0,0,2018
VILLA HERMOSA,08,SUCRE,0809,6,0,16,65,0,0,0,2018
VILLA HERMOSA,08,EL PINAL,0810,29,23,247,1,0,0,0,2018
VILLA HERMOSA,08,TRECE DE NOVIEMBRE,0811,25,158,2,0,0,0,0,2018
VILLA HERMOSA,08,LA LIBERTAD,0812,50,88,108,0,0,0,0,2018
VILLA HERMOSA,08,VILLA TINA,0813,48,94,132,0,0,0,0,2018
VILLA HERMOSA,08,SAN ANTONIO,0814,25,83,13,0,0,0,0,2018
VILLA HERMOSA,08,LAS ESTANCIAS,0815,33,78,78,0,0,0,0,2018
VILLA HERMOSA,08,VILLA TURBAY,0816,12,47,1,0,0,0,0,2018
VILLA HERMOSA,08,LA SIERRA,0817,12,49,0,0,0,0,0,2018
VILLA HERMOSA,08,VILLA LILIAM,0819,17,54,52,0,0,0,0,2018
BUENOS AIRES,09,JUAN PABLO II,0901,10,35,24,0,0,0,0,2018
BUENOS AIRES,09,BARRIOS DE JESUS,0902,27,38,106,56,0,0,0,2018
BUENOS AIRES,09,BOMBONA No. 2,0903,19,0,143,59,2,0,0,2018
BUENOS AIRES,09,LOS CERROS-EL VERGEL,0904,8,0,37,71,1,0,0,2018
BUENOS AIRES,09,ALEJANDRO ECHAVARRIA,0905,2,2,7,69,0,0,0,2018
BUENOS AIRES,09,BARRIO CAICEDO,0906,9,0,10,67,0,0,0,2018
BUENOS AIRES,09,BUENOS AIRES,0907,8,0,1,85,0,0,0,2018
BUENOS AIRES,09,MIRAFLORES,0908,5,0,0,37,15,0,0,2018
BUENOS AIRES,09,CATALUÑA,0909,13,0,7,98,0,0,0,2018
BUENOS AIRES,09,LA MILAGROSA,0910,4,0,5,60,0,0,0,2018
BUENOS AIRES,09,GERONA,0911,17,0,4,105,0,0,0,2018
BUENOS AIRES,09,EL SALVADOR,0912,21,1,43,161,1,0,0,2018
BUENOS AIRES,09,LORETO,0913,53,7,262,114,3,0,0,2018
BUENOS AIRES,09,ASOMADERA No. 1,0914,16,8,48,5,21,0,0,2018
BUENOS AIRES,09,ASOMADERA No. 2,0915,0,0,0,0,0,0,1,2018
BUENOS AIRES,09,OCHO DE MARZO,0917,4,30,6,0,0,0,0,2018
LA CANDELARIA,10,PRADO,1001,42,0,1,48,110,0,0,2018
LA CANDELARIA,10,JESUS NAZARENO,1003,11,0,0,33,5,0,0,2018
LA CANDELARIA,10,EL CHAGUALO,1004,2,0,0,59,2,0,0,2018
LA CANDELARIA,10,ESTACION VILLA,1005,13,0,0,15,1,0,0,2018
LA CANDELARIA,10,SAN BENITO,1006,14,0,1,18,3,0,0,2018
LA CANDELARIA,10,GUAYAQUIL,1007,14,2,5,4,7,0,0,2018
LA CANDELARIA,10,CALLE NUEVA,1011,1,0,1,0,0,0,0,2018
LA CANDELARIA,10,COLON,1013,11,1,16,58,3,0,0,2018
LA CANDELARIA,10,LAS PALMAS,1014,23,2,81,73,2,0,0,2018
LA CANDELARIA,10,BOMBONA No. 1,1015,11,0,0,45,34,0,0,2018
LA CANDELARIA,10,BOSTON,1016,27,0,1,31,66,0,0,2018
LA CANDELARIA,10,LOS ANGELES,1017,12,0,4,21,35,0,0,2018
LA CANDELARIA,10,VILLA NUEVA,1018,17,2,1,25,73,0,0,2018
LA CANDELARIA,10,LA CANDELARIA,1019,14,0,0,10,22,0,0,2018
LA CANDELARIA,10,SAN DIEGO,1020,6,0,44,14,8,2,0,2018
LAURELES,11,CARLOS E. RESTREPO,1101,0,0,0,1,12,0,0,2018
LAURELES,11,SURAMERICANA,1102,2,0,0,0,2,14,0,2018
LAURELES,11,NARANJAL,1103,2,0,1,2,0,2,0,2018
LAURELES,11,SAN JOAQUIN,1104,6,0,0,2,43,4,0,2018
LAURELES,11,LOS CONQUISTADORES,1105,6,0,0,0,2,15,0,2018
LAURELES,11,BOLIVARIANA,1106,3,0,0,0,8,6,0,2018
LAURELES,11,LAURELES,1107,1,0,0,0,5,20,0,2018
LAURELES,11,LAS ACACIAS,1108,1,0,0,1,6,10,0,2018
LAURELES,11,LA CASTELLANA,1109,1,0,0,2,7,19,0,2018
LAURELES,11,LORENA,1110,2,0,0,1,20,7,0,2018
LAURELES,11,EL VELODROMO,1111,1,0,0,0,14,11,0,2018
LAURELES,11,ESTADIO,1112,2,0,0,0,7,19,0,2018
LAURELES,11,LOS COLORES,1113,4,0,0,0,36,16,0,2018
LAURELES,11,CUARTA BRIGADA,1114,1,0,0,1,16,1,0,2018
LAURELES,11,FLORIDA NUEVA,1115,4,0,0,2,28,3,0,2018
LA AMERICA,12,FERRINI,1201,0,0,0,4,16,2,0,2018
LA AMERICA,12,CALASANZ,1202,1,0,3,2,3,8,0,2018
LA AMERICA,12,LOS PINOS,1203,0,0,0,0,16,1,0,2018
LA AMERICA,12,LA AMERICA,1204,8,0,0,17,55,0,0,2018
LA AMERICA,12,LA FLORESTA,1205,3,0,0,35,33,2,0,2018
LA AMERICA,12,SANTA LUCIA,1206,3,0,0,63,3,0,0,2018
LA AMERICA,12,EL DANUBIO,1207,4,0,0,35,16,0,0,2018
LA AMERICA,12,CAMPO ALEGRE,1208,0,0,0,22,27,0,0,2018
LA AMERICA,12,SANTA MONICA,1209,1,0,0,1,40,0,0,2018
LA AMERICA,12,CRISTOBAL,1210,2,0,0,53,15,1,0,2018
LA AMERICA,12,SIMON BOLIVAR,1211,0,0,0,1,1,4,0,2018
LA AMERICA,12,SANTA TERESITA,1212,1,0,0,0,4,15,0,2018
LA AMERICA,12,CALASANZ PARTE ALTA,1213,7,2,43,62,29,7,0,2018
SAN JAVIER,13,EL PESEBRE,1301,24,120,51,10,6,0,0,2018
SAN JAVIER,13,BLANQUIZAL,1302,26,105,35,2,0,0,0,2018
SAN JAVIER,13,SANTA ROSA DE LIMA,1303,6,0,37,2,10,0,0,2018
SAN JAVIER,13,LOS ALCAZARES,1304,4,0,3,62,4,0,0,2018
SAN JAVIER,13,METROPOLITANO,1305,9,17,43,7,0,0,0,2018
SAN JAVIER,13,LA PRADERA,1306,19,8,52,128,0,0,0,2018
SAN JAVIER,13,JUAN XXIII LA QUIEBRA,1307,36,146,92,0,0,0,0,2018
SAN JAVIER,13,SAN JAVIER No. 2,1308,1,1,4,21,7,0,0,2018
SAN JAVIER,13,SAN JAVIER No. 1,1309,7,1,3,54,1,0,0,2018
SAN JAVIER,13,VEINTE DE JULIO,1310,21,20,122,14,0,0,0,2018
SAN JAVIER,13,BELENCITO,1311,5,1,5,17,20,0,0,2018
SAN JAVIER,13,BETANIA,1312,17,3,88,9,0,0,0,2018
SAN JAVIER,13,EL CORAZON,1313,9,2,70,0,0,0,0,2018
SAN JAVIER,13,LAS INDEPENDENCIAS,1314,36,263,8,0,0,0,0,2018
SAN JAVIER,13,NUEVOS CONQUISTADORES,1315,27,183,5,0,0,0,0,2018
SAN JAVIER,13,EL SALADO,1316,28,195,69,41,0,0,0,2018
SAN JAVIER,13,EDUARDO SANTOS,1317,9,22,24,11,0,0,0,2018
SAN JAVIER,13,ANTONIO NARIÑO,1318,24,59,179,12,0,0,0,2018
SAN JAVIER,13,EL SOCORRO,1319,10,26,94,8,1,0,0,2018
EL POBLADO,14,BARRIO COLOMBIA,1401,0,0,0,0,0,1,0,2018
EL POBLADO,14,VILLA CARLOTA,1403,0,0,0,0,1,5,0,2018
EL POBLADO,14,CASTROPOL,1404,0,0,0,0,0,1,4,2018
EL POBLADO,14,LAS LOMAS No. 2,1407,0,0,0,0,0,0,2,2018
EL POBLADO,14,ALTOS DEL POBLADO,1408,0,0,1,1,0,1,1,2018
EL POBLADO,14,EL TESORO,1409,1,0,5,0,0,3,3,2018
EL POBLADO,14,LOS NARANJOS,1410,1,0,6,7,0,0,4,2018
EL POBLADO,14,LOS BALSOS No. 1,1411,0,0,2,2,0,1,2,2018
EL POBLADO,14,SAN LUCAS,1412,1,0,1,6,0,0,1,2018
EL POBLADO,14,EL DIAMANTE No. 2,1413,0,0,0,0,0,0,2,2018
EL POBLADO,14,EL CASTILLO,1414,0,0,0,0,0,0,1,2018
EL POBLADO,14,LOS BALSOS No. 2,1415,1,0,0,0,0,0,1,2018
EL POBLADO,14,ALEJANDRIA,1416,2,1,15,8,0,0,1,2018
EL POBLADO,14,LA FLORIDA,1417,1,0,6,0,0,2,6,2018
EL POBLADO,14,EL POBLADO,1418,3,0,0,1,0,1,1,2018
EL POBLADO,14,MANILA,1419,1,0,0,2,3,1,0,2018
EL POBLADO,14,ASTORGA,1420,0,0,0,0,0,1,0,2018
EL POBLADO,14,PATIO BONITO,1421,0,0,0,0,0,1,1,2018
EL POBLADO,14,LA AGUACATALA,1422,0,0,0,0,0,1,0,2018
EL POBLADO,14,SANTA MARIA DE LOS ANGELES,1423,0,0,0,0,0,3,2,2018
GUAYABAL,15,TRINIDAD,1503,19,11,6,97,4,0,0,2018
GUAYABAL,15,SANTA FE,1504,4,0,0,0,49,0,0,2018
GUAYABAL,15,CAMPO AMOR,1507,4,0,1,23,25,0,0,2018
GUAYABAL,15,CRISTO REY,1509,11,0,0,90,9,0,0,2018
GUAYABAL,15,GUAYABAL,1510,5,0,0,13,5,0,0,2018
GUAYABAL,15,LA COLINA,1511,22,0,192,89,0,0,0,2018
BELEN,16,FATIMA,1601,6,1,0,19,26,2,0,2018
BELEN,16,ROSALES,1602,0,0,0,3,5,13,0,2018
BELEN,16,BELEN,1603,6,1,2,23,30,3,0,2018
BELEN,16,GRANADA,1604,1,1,0,27,5,0,0,2018
BELEN,16,SAN BERNARDO,1605,17,3,0,214,3,0,0,2018
BELEN,16,LAS PLAYAS,1606,5,0,0,95,4,0,0,2018
BELEN,16,DIEGO ECHAVARRIA,1607,1,0,0,6,9,1,0,2018
BELEN,16,LA MOTA,1608,1,0,16,9,14,7,0,2018
BELEN,16,LA HONDONADA,1609,4,13,11,55,26,0,0,2018
BELEN,16,EL RINCON,1610,28,69,210,86,7,2,0,2018
BELEN,16,LOMA DE LOS BERNAL,1611,1,0,4,2,22,12,0,2018
BELEN,16,LA GLORIA,1612,2,0,4,18,28,4,0,2018
BELEN,16,ALTAVISTA,1613,26,9,204,33,9,0,0,2018
BELEN,16,LA PALMA,1614,0,0,1,8,8,4,0,2018
BELEN,16,LOS ALPES,1615,1,0,1,42,5,0,0,2018
BELEN,16,LAS VIOLETAS,1616,28,4,199,11,0,0,0,2018
BELEN,16,LAS MERCEDES,1617,11,2,11,72,1,1,0,2018
BELEN,16,NUEVA VILLA DEL ABURRA,1618,0,0,1,1,1,1,0,2018
BELEN,16,MIRAVALLE,1619,1,0,0,0,22,3,0,2018
BELEN,16,EL NOGAL-LOS ALMENDROS,1620,0,0,0,0,1,3,0,2018
BELEN,16,CERRO NUTIBARA,1621,0,0,0,0,4,1,0,2018
SAN SEBASTIAN DE PALMITAS,50,LA SUIZA,5001,1,0,1,0,0,0,0,2018
SAN SEBASTIAN DE PALMITAS,50,LA FRISOLA,5002,3,0,2,0,0,0,0,2018
SAN SEBASTIAN DE PALMITAS,50,LA VOLCANA GUAYABAL,5003,0,0,2,0,0,0,0,2018
SAN SEBASTIAN DE PALMITAS,50,PALMITAS SECTOR CENTRAL,5004,1,5,12,2,0,0,0,2018
SAN SEBASTIAN DE PALMITAS,50,LA ALDEA,5005,1,1,7,0,0,0,0,2018
SAN SEBASTIAN DE PALMITAS,50,POTRERA MISERENGA,5006,2,3,5,0,0,0,0,2018
SAN SEBASTIAN DE PALMITAS,50,LA URQUITA,5007,0,1,3,0,0,0,0,2018
SAN CRISTOBAL,60,CABECERA URBANA SAN CRISTOBAL,6000,25,9,141,72,0,0,0,2018
SAN CRISTOBAL,60,LA LOMA,6001,68,103,214,3,0,0,0,2018
SAN CRISTOBAL,60,LA PALMA-EL PATIO,6002,20,8,98,3,0,0,0,2018
SAN CRISTOBAL,60,LAS PLAYAS,6003,5,2,9,0,0,0,0,2018
SAN CRISTOBAL,60,EL UVITO,6004,2,0,1,0,0,0,0,2018
SAN CRISTOBAL,60,NARANJAL,6005,2,1,1,0,0,0,0,2018
SAN CRISTOBAL,60,LA CUCHILLA,6006,1,0,3,0,0,0,0,2018
SAN CRISTOBAL,60,EL LLANO,6007,1,4,13,0,0,0,0,2018
SAN CRISTOBAL,60,TRAVESIAS,6008,28,1,126,4,0,0,0,2018
SAN CRISTOBAL,60,PEDREGAL ALTO,6009,9,5,35,1,0,0,0,2018
SAN CRISTOBAL,60,PAJARITO,6011,29,242,296,133,1,0,0,2018
SAN CRISTOBAL,60,EL PICACHO,6012,53,5,2,0,0,0,0,2018
SAN CRISTOBAL,60,YOLOMBO,6014,1,0,6,0,0,0,0,2018
SAN CRISTOBAL,60,SAN JOSE DE LA MONTAÑA,6015,0,1,3,0,0,0,0,2018
SAN CRISTOBAL,60,BOQUERON,6016,1,0,6,0,0,0,0,2018
ALTAVISTA,70,ALTAVISTA SECTOR CENTRAL,7001,37,13,164,4,0,0,0,2018
ALTAVISTA,70,AGUAS FRIAS,7002,1,0,1,0,0,0,0,2018
ALTAVISTA,70,LA ESPERANZA,7083,23,5,88,0,0,0,0,2018
ALTAVISTA,70,BUGA PATIO BONITO,7084,3,0,15,0,0,0,0,2018
ALTAVISTA,70,EL CORAZON EL MORRO,7088,3,5,39,2,0,0,0,2018
ALTAVISTA,70,SAN JOSE DEL MANZANILLO,7089,7,10,27,0,0,0,0,2018
SAN ANTONIO DE PRADO,80,CABECERA SAN ANTONIO DE PRADO,8000,164,51,809,488,3,0,0,2018
SAN ANTONIO DE PRADO,80,EL VERGEL,8001,28,12,192,72,0,0,0,2018
SAN ANTONIO DE PRADO,80,LA FLORIDA,8002,7,0,7,0,0,0,0,2018
SAN ANTONIO DE PRADO,80,LA VERDE,8005,14,9,21,0,0,0,0,2018
SAN ANTONIO DE PRADO,80,EL SALADO,8006,8,4,9,0,0,0,0,2018
SAN ANTONIO DE PRADO,80,EL ASTILLERO,8007,0,0,2,0,0,0,0,2018
SAN ANTONIO DE PRADO,80,YARUMALITO,8008,1,0,0,0,0,0,0,2018
SAN ANTONIO DE PRADO,80,SUBURBANO POTRERITO,8089,2,1,8,4,0,0,0,2018
SANTA ELENA,90,EL CERRO,9001,1,0,5,1,0,0,0,2018
SANTA ELENA,90,EL LLANO SE,9002,4,2,6,0,0,0,0,2018
SANTA ELENA,90,EL PLAN,9003,4,0,18,0,0,0,0,2018
SANTA ELENA,90,LAS PALMAS,9004,10,6,8,0,0,0,0,2018
SANTA ELENA,90,MEDIA LUNA,9005,3,2,9,1,0,0,0,2018
SANTA ELENA,90,SANTA ELENA SECTOR CENTRAL,9006,7,2,32,2,0,0,0,2018
SANTA ELENA,90,EL PLACER,9007,1,0,11,1,0,0,0,2018
SANTA ELENA,90,PIEDRAS BLANCAS,9008,14,24,7,0,0,0,0,2018
SANTA ELENA,90,PIEDRA GORDA,9012,4,1,12,0,0,0,0,2018
SANTA ELENA,90,BARRO BLANCO,9013,9,5,10,5,0,0,0,2018
POPULAR,01,SANTO DOMINGO SAVIO No. 1,0101,124,93,277,1,0,0,0,2019
POPULAR,01,SANTO DOMINGO SAVIO No. 2,0102,57,138,36,0,0,0,0,2019
POPULAR,01,POPULAR,0103,116,59,265,0,0,0,0,2019
POPULAR,01,GRANIZAL,0104,51,26,153,1,0,0,0,2019
POPULAR,01,MOSCU No. 2,0105,67,23,139,0,0,0,0,2019
POPULAR,01,VILLA GUADALUPE,0106,30,29,104,1,0,0,0,2019
POPULAR,01,SAN PABLO,0107,51,30,137,0,0,0,0,2019
POPULAR,01,EL COMPROMISO,0108,15,72,0,0,0,0,0,2019
POPULAR,01,ALDEA PABLO VI,0109,13,29,1,0,0,0,0,2019
POPULAR,01,LA ESPERANZA No. 2,0110,13,43,2,0,0,0,0,2019
POPULAR,01,LA AVANZADA,0111,82,128,1,0,0,0,0,2019
POPULAR,01,CARPINELO,0112,96,163,2,0,0,0,0,2019
POPULAR,01,BARRIO S4,NULL,55,215,532,1,0,0,0,2019
SANTA CRUZ,02,LA ISLA,0201,57,22,167,0,0,0,0,2019
SANTA CRUZ,02,EL PLAYON DE LOS COMUNEROS,0202,48,54,66,0,0,0,0,2019
SANTA CRUZ,02,PABLO VI,0203,14,0,77,0,0,0,0,2019
SANTA CRUZ,02,LA FRONTERA,0204,21,21,70,0,0,0,0,2019
SANTA CRUZ,02,LA FRANCIA,0205,58,23,172,0,0,0,0,2019
SANTA CRUZ,02,ANDALUCIA,0206,53,22,242,1,0,0,0,2019
SANTA CRUZ,02,VILLA DEL SOCORRO,0207,64,24,200,0,0,0,0,2019
SANTA CRUZ,02,VILLA NIZA,0208,17,6,117,0,0,0,0,2019
SANTA CRUZ,02,MOSCU No. 1,0209,29,11,112,0,0,0,0,2019
SANTA CRUZ,02,SANTA CRUZ,0210,72,7,169,0,0,0,0,2019
SANTA CRUZ,02,LA ROSA,0211,38,20,72,0,0,0,0,2019
SANTA CRUZ,02,BARRIO S4,NULL,22,70,407,3,2,0,0,2019
MANRIQUE,03,LA SALLE,0301,52,9,233,0,0,0,0,2019
MANRIQUE,03,LAS GRANJAS,0302,84,112,496,2,0,0,0,2019
MANRIQUE,03,CAMPO VALDES No. 2,0303,39,5,108,240,0,0,0,2019
MANRIQUE,03,SANTA INES,0304,96,145,243,23,0,0,0,2019
MANRIQUE,03,EL RAIZAL,0305,59,48,213,0,0,0,0,2019
MANRIQUE,03,EL POMAR,0306,9,1,17,36,0,0,0,2019
MANRIQUE,03,MANRIQUE CENTRAL No. 2,0307,28,2,44,168,0,0,0,2019
MANRIQUE,03,MANRIQUE ORIENTAL,0308,31,0,165,23,0,0,0,2019
MANRIQUE,03,VERSALLES No. 1,0309,60,69,213,1,0,0,0,2019
MANRIQUE,03,VERSALLES No. 2,0310,116,168,49,0,0,0,0,2019
MANRIQUE,03,LA CRUZ,0311,106,113,3,0,0,0,0,2019
MANRIQUE,03,ORIENTE,0312,69,89,1,0,0,0,0,2019
MANRIQUE,03,MARIA CANO-CARAMBOLAS,0313,91,155,0,0,0,0,0,2019
MANRIQUE,03,SAN JOSE LA CIMA No. 1,0314,22,49,15,0,0,0,0,2019
MANRIQUE,03,SAN JOSE LA CIMA No. 2,0315,20,48,3,0,0,0,0,2019
MANRIQUE,03,BARRIO S4,NULL,18,118,325,59,0,0,0,2019
ARANJUEZ,04,BERLIN,0401,25,15,56,133,0,0,0,2019
ARANJUEZ,04,SAN ISIDRO,0402,40,15,105,201,0,0,0,2019
ARANJUEZ,04,PALERMO,0403,25,36,88,9,0,0,0,2019
ARANJUEZ,04,BERMEJAL-LOS ALAMOS,0404,27,9,176,4,0,0,0,2019
ARANJUEZ,04,MORAVIA,0405,195,202,382,2,0,0,0,2019
ARANJUEZ,04,SEVILLA,0407,15,0,0,76,0,0,0,2019
ARANJUEZ,04,SAN PEDRO,0408,33,3,88,102,0,0,0,2019
ARANJUEZ,04,MANRIQUE CENTRAL No. 1,0409,33,4,33,267,2,0,0,2019
ARANJUEZ,04,CAMPO VALDES No. 1,0410,33,1,23,309,0,0,0,2019
ARANJUEZ,04,LAS ESMERALDAS,0411,24,18,57,94,0,0,0,2019
ARANJUEZ,04,LA PIÑUELA,0412,10,6,34,152,0,0,0,2019
ARANJUEZ,04,ARANJUEZ,0413,10,7,47,221,0,0,0,2019
ARANJUEZ,04,BRASILIA,0414,38,2,59,240,0,0,0,2019
ARANJUEZ,04,MIRANDA,0415,27,1,191,11,0,0,0,2019
CASTILLA,05,TOSCANA,0501,55,17,108,69,0,0,0,2019
CASTILLA,05,LAS BRISAS,0502,4,1,1,163,0,0,0,2019
CASTILLA,05,FLORENCIA,0503,13,0,12,236,0,0,0,2019
CASTILLA,05,TEJELO,0504,9,7,2,207,0,0,0,2019
CASTILLA,05,BOYACA,0505,2,1,1,112,0,0,0,2019
CASTILLA,05,HECTOR ABAD GOMEZ,0507,15,19,56,21,0,0,0,2019
CASTILLA,05,BELALCAZAR,0508,33,7,82,50,0,0,0,2019
CASTILLA,05,GIRARDOT,0509,30,3,26,222,0,0,0,2019
CASTILLA,05,TRICENTENARIO,0510,6,2,5,208,0,0,0,2019
CASTILLA,05,CASTILLA,0511,41,4,34,506,0,0,0,2019
CASTILLA,05,OLEODUCTO,0512,0,1,4,0,0,0,0,2019
CASTILLA,05,FRANCISCO ANTONIO ZEA,0513,15,3,97,219,0,1,0,2019
CASTILLA,05,ALFONSO LOPEZ,0514,18,3,72,178,0,0,0,2019
CASTILLA,05,CEMENTERIO UNIVERSAL,0515,0,0,0,2,0,0,0,2019
CASTILLA,05,CARIBE,0517,6,0,7,35,0,0,0,2019
CASTILLA,05,EL PROGRESO,0519,3,0,1,21,4,0,0,2019
CASTILLA,05,BARRIO S4,NULL,0,0,1,1,0,0,0,2019
DOCE DE OCTUBRE,06,SANTANDER,0601,25,0,312,0,0,0,0,2019
DOCE DE OCTUBRE,06,DOCE DE OCTUBRE No. 1,0602,39,5,464,11,0,0,0,2019
DOCE DE OCTUBRE,06,DOCE DE OCTUBRE No. 2,0603,14,2,248,1,0,0,0,2019
DOCE DE OCTUBRE,06,PEDREGAL,0604,27,5,46,372,0,0,0,2019
DOCE DE OCTUBRE,06,LA ESPERANZA,0605,45,3,71,337,0,0,1,2019
DOCE DE OCTUBRE,06,SAN MARTIN DE PORRES,0606,31,0,201,67,0,0,0,2019
DOCE DE OCTUBRE,06,KENNEDY,0607,50,12,572,22,0,0,0,2019
DOCE DE OCTUBRE,06,PICACHO,0608,35,203,132,2,0,0,0,2019
DOCE DE OCTUBRE,06,PICACHITO,0609,23,104,12,0,0,0,0,2019
DOCE DE OCTUBRE,06,MIRADOR DEL DOCE,0610,8,74,9,0,0,0,0,2019
DOCE DE OCTUBRE,06,PROGRESO No. 2,0611,9,82,8,18,0,0,0,2019
DOCE DE OCTUBRE,06,EL TRIUNFO,0612,16,75,7,0,1,0,0,2019
DOCE DE OCTUBRE,06,BARRIO S4,NULL,3,3,4,0,0,0,0,2019
ROBLEDO,07,CERRO EL VOLADOR,0702,2,1,27,14,0,0,0,2019
ROBLEDO,07,SAN GERMAN,0703,22,1,20,86,122,1,0,2019
ROBLEDO,07,FACULTAD DE MINAS,0705,0,0,0,5,1,0,0,2019
ROBLEDO,07,PILARICA,0706,1,0,0,6,9,2,0,2019
ROBLEDO,07,BOSQUES DE SAN PABLO,0707,1,0,0,4,10,0,0,2019
ROBLEDO,07,ALTAMIRA,0708,4,0,0,15,2,0,0,2019
ROBLEDO,07,CORDOBA,0709,15,25,50,95,21,0,0,2019
ROBLEDO,07,LOPEZ DE MESA,0710,3,0,3,96,0,0,0,2019
ROBLEDO,07,EL DIAMANTE,0711,31,1,286,58,0,0,0,2019
ROBLEDO,07,AURES No. 1,0712,63,6,384,5,0,0,0,2019
ROBLEDO,07,AURES No. 2,0713,103,58,463,38,0,0,0,2019
ROBLEDO,07,BELLO HORIZONTE,0714,10,10,141,38,0,0,0,2019
ROBLEDO,07,VILLA FLORA,0715,20,0,131,21,4,0,0,2019
ROBLEDO,07,PALENQUE,0716,11,0,21,87,2,0,0,2019
ROBLEDO,07,ROBLEDO,0717,13,60,231,412,13,0,0,2019
ROBLEDO,07,CUCARACHO,0718,15,16,64,160,0,0,0,2019
ROBLEDO,07,FUENTE CLARA,0719,11,26,42,1,0,0,0,2019
ROBLEDO,07,SANTA MARGARITA,0720,79,44,137,2,0,0,0,2019
ROBLEDO,07,OLAYA HERRERA,0722,97,305,22,0,0,0,0,2019
ROBLEDO,07,PAJARITO,0723,5,43,64,129,1,0,0,2019
ROBLEDO,07,MONTECLARO,0724,10,72,33,95,0,0,0,2019
ROBLEDO,07,MOTENCLARO,0724,1,0,12,46,0,0,0,2019
ROBLEDO,07,NUEVA VILLA DE LA IGUANA,0725,51,168,9,0,0,0,0,2019
ROBLEDO,07,BARRIO S4,NULL,3,7,45,24,0,0,0,2019
VILLA HERMOSA,08,VILLA HERMOSA,0801,33,1,46,395,36,0,0,2019
VILLA HERMOSA,08,LA MANSION,0802,14,1,18,161,9,0,1,2019
VILLA HERMOSA,08,SAN MIGUEL,0803,30,0,55,158,62,0,0,2019
VILLA HERMOSA,08,LA LADERA,0804,23,1,30,55,0,0,0,2019
VILLA HERMOSA,08,BATALLON GIRARDOT,0805,2,6,0,4,0,0,0,2019
VILLA HERMOSA,08,LLANADITAS,0806,115,272,12,1,0,0,0,2019
VILLA HERMOSA,08,LOS MANGOS,0807,78,89,334,1,0,0,0,2019
VILLA HERMOSA,08,ENCISO,0808,47,36,130,140,0,0,0,2019
VILLA HERMOSA,08,SUCRE,0809,28,1,29,147,0,0,0,2019
VILLA HERMOSA,08,EL PINAL,0810,79,47,323,11,0,0,0,2019
VILLA HERMOSA,08,TRECE DE NOVIEMBRE,0811,51,178,3,0,0,0,0,2019
VILLA HERMOSA,08,LA LIBERTAD,0812,109,125,172,1,0,0,0,2019
VILLA HERMOSA,08,VILLA TINA,0813,93,149,196,1,0,0,0,2019
VILLA HERMOSA,08,SAN ANTONIO,0814,65,87,28,29,0,0,0,2019
VILLA HERMOSA,08,LAS ESTANCIAS,0815,64,107,112,0,0,0,0,2019
VILLA HERMOSA,08,VILLA TURBAY,0816,35,59,0,0,0,0,0,2019
VILLA HERMOSA,08,LA SIERRA,0817,21,43,1,0,0,0,0,2019
VILLA HERMOSA,08,VILLA LILIAM,0819,39,56,96,1,0,0,0,2019
BUENOS AIRES,09,JUAN PABLO II,0901,33,47,28,2,0,0,0,2019
BUENOS AIRES,09,BARRIOS DE JESUS,0902,63,32,163,155,2,1,0,2019
BUENOS AIRES,09,BOMBONA No. 2,0903,30,0,228,102,12,0,0,2019
BUENOS AIRES,09,LOS CERROS-EL VERGEL,0904,28,1,84,156,2,0,0,2019
BUENOS AIRES,09,ALEJANDRO ECHAVARRIA,0905,13,1,9,225,30,0,0,2019
BUENOS AIRES,09,BARRIO CAICEDO,0906,19,2,6,67,1,0,0,2019
BUENOS AIRES,09,BUENOS AIRES,0907,29,2,5,265,4,0,0,2019
BUENOS AIRES,09,MIRAFLORES,0908,9,0,0,173,93,0,0,2019
BUENOS AIRES,09,CATALUÑA,0909,16,1,5,67,0,0,0,2019
BUENOS AIRES,09,LA MILAGROSA,0910,12,0,5,166,0,0,0,2019
BUENOS AIRES,09,GERONA,0911,24,1,13,235,0,0,0,2019
BUENOS AIRES,09,EL SALVADOR,0912,34,2,59,340,1,0,0,2019
BUENOS AIRES,09,LORETO,0913,106,9,382,222,4,0,0,2019
BUENOS AIRES,09,ASOMADERA No. 1,0914,30,13,95,25,13,0,0,2019
BUENOS AIRES,09,OCHO DE MARZO,0917,15,29,9,0,0,0,0,2019
BUENOS AIRES,09,BARRIO S4,NULL,0,1,13,116,0,0,0,2019
LA CANDELARIA,10,PRADO,1001,94,0,2,43,104,0,0,2019
LA CANDELARIA,10,JESUS NAZARENO,1003,27,0,3,82,2,0,0,2019
LA CANDELARIA,10,EL CHAGUALO,1004,23,1,0,252,0,0,0,2019
LA CANDELARIA,10,ESTACION VILLA,1005,19,2,1,15,0,1,0,2019
LA CANDELARIA,10,SAN BENITO,1006,17,1,2,21,0,0,0,2019
LA CANDELARIA,10,GUAYAQUIL,1007,17,1,0,2,2,0,0,2019
LA CANDELARIA,10,CORAZON DE JESUS,1008,3,0,2,0,1,0,0,2019
LA CANDELARIA,10,CALLE NUEVA,1011,2,0,0,1,0,0,0,2019
LA CANDELARIA,10,COLON,1013,42,1,18,49,3,0,0,2019
LA CANDELARIA,10,LAS PALMAS,1014,55,5,132,166,2,0,0,2019
LA CANDELARIA,10,BOMBONA No. 1,1015,28,0,2,146,17,0,0,2019
LA CANDELARIA,10,BOSTON,1016,37,1,11,76,88,0,0,2019
LA CANDELARIA,10,LOS ANGELES,1017,31,0,2,36,43,0,0,2019
LA CANDELARIA,10,VILLA NUEVA,1018,50,0,4,12,50,0,0,2019
LA CANDELARIA,10,LA CANDELARIA,1019,32,19,18,8,13,0,0,2019
LA CANDELARIA,10,SAN DIEGO,1020,16,2,111,17,4,1,0,2019
LA CANDELARIA,10,BARRIO S4,NULL,0,0,0,27,0,0,0,2019
LAURELES,11,CARLOS E. RESTREPO,1101,3,0,0,1,21,0,0,2019
LAURELES,11,SURAMERICANA,1102,5,0,0,0,1,27,0,2019
LAURELES,11,NARANJAL,1103,3,1,3,12,2,10,0,2019
LAURELES,11,SAN JOAQUIN,1104,11,0,1,9,67,10,0,2019
LAURELES,11,LOS CONQUISTADORES,1105,1,0,0,0,0,35,0,2019
LAURELES,11,BOLIVARIANA,1106,7,0,0,1,7,11,0,2019
LAURELES,11,LAURELES,1107,1,0,0,0,5,41,1,2019
LAURELES,11,LAS ACACIAS,1108,1,0,0,0,2,26,0,2019
LAURELES,11,LA CASTELLANA,1109,3,0,0,1,5,35,0,2019
LAURELES,11,LORENA,1110,6,0,0,0,37,31,0,2019
LAURELES,11,EL VELODROMO,1111,3,0,0,1,19,12,0,2019
LAURELES,11,ESTADIO,1112,2,0,0,0,3,33,0,2019
LAURELES,11,LOS COLORES,1113,7,0,0,0,56,27,0,2019
LAURELES,11,CUARTA BRIGADA,1114,1,0,1,1,32,6,0,2019
LAURELES,11,FLORIDA NUEVA,1115,4,1,1,0,60,15,0,2019
LA AMERICA,12,FERRINI,1201,2,0,2,10,9,6,0,2019
LA AMERICA,12,CALASANZ,1202,1,0,0,0,3,9,0,2019
LA AMERICA,12,LOS PINOS,1203,2,0,0,0,23,3,0,2019
LA AMERICA,12,LA AMERICA,1204,4,0,10,76,34,0,1,2019
LA AMERICA,12,LA FLORESTA,1205,11,0,0,39,34,0,0,2019
LA AMERICA,12,SANTA LUCIA,1206,8,1,1,67,2,0,0,2019
LA AMERICA,12,EL DANUBIO,1207,7,0,0,32,12,0,0,2019
LA AMERICA,12,CAMPO ALEGRE,1208,1,0,1,22,19,0,0,2019
LA AMERICA,12,SANTA MONICA,1209,4,0,0,6,29,0,0,2019
LA AMERICA,12,CRISTOBAL,1210,11,0,0,49,14,0,0,2019
LA AMERICA,12,SIMON BOLIVAR,1211,2,0,0,1,0,29,0,2019
LA AMERICA,12,SANTA TERESITA,1212,3,0,0,1,1,17,0,2019
LA AMERICA,12,CALASANZ PARTE ALTA,1213,8,4,52,54,33,6,0,2019
LA AMERICA,12,BARRIO S4,NULL,4,2,15,325,4,0,0,2019
SAN JAVIER,13,EL PESEBRE,1301,47,133,46,14,8,0,0,2019
SAN JAVIER,13,BLANQUIZAL,1302,40,116,54,0,0,0,0,2019
SAN JAVIER,13,SANTA ROSA DE LIMA,1303,8,2,52,1,6,0,0,2019
SAN JAVIER,13,LOS ALCAZARES,1304,11,0,3,77,8,0,0,2019
SAN JAVIER,13,METROPOLITANO,1305,15,21,39,8,0,0,0,2019
SAN JAVIER,13,LA PRADERA,1306,21,6,77,118,0,0,0,2019
SAN JAVIER,13,JUAN XXIII LA QUIEBRA,1307,51,179,88,2,0,0,0,2019
SAN JAVIER,13,SAN JAVIER No. 2,1308,1,0,0,28,6,0,0,2019
SAN JAVIER,13,SAN JAVIER No. 1,1309,18,150,148,195,2,0,0,2019
SAN JAVIER,13,VEINTE DE JULIO,1310,33,32,154,11,0,0,0,2019
SAN JAVIER,13,BELENCITO,1311,6,2,6,16,19,0,0,2019
SAN JAVIER,13,BETANIA,1312,22,2,127,6,0,0,0,2019
SAN JAVIER,13,EL CORAZON,1313,23,12,103,0,0,0,0,2019
SAN JAVIER,13,LAS INDEPENDENCIAS,1314,66,269,11,0,0,0,0,2019
SAN JAVIER,13,NUEVOS CONQUISTADORES,1315,49,197,3,1,0,0,0,2019
SAN JAVIER,13,EL SALADO,1316,52,184,74,31,0,0,0,2019
SAN JAVIER,13,EDUARDO SANTOS,1317,17,23,44,10,0,0,0,2019
SAN JAVIER,13,ANTONIO NARIÑO,1318,41,42,195,19,0,0,0,2019
SAN JAVIER,13,EL SOCORRO,1319,15,25,94,9,0,0,0,2019
SAN JAVIER,13,BARRIO S4,NULL,30,279,479,564,4,0,1,2019
EL POBLADO,14,BARRIO COLOMBIA,1401,0,0,0,1,0,0,0,2019
EL POBLADO,14,VILLA CARLOTA,1403,0,0,0,0,5,5,0,2019
EL POBLADO,14,CASTROPOL,1404,0,0,0,0,0,3,8,2019
EL POBLADO,14,LALINDE,1405,1,0,0,0,0,0,1,2019
EL POBLADO,14,LAS LOMAS No. 1,1406,0,0,0,0,0,1,1,2019
EL POBLADO,14,LAS LOMAS No. 2,1407,0,0,0,0,0,0,2,2019
EL POBLADO,14,ALTOS DEL POBLADO,1408,0,0,0,0,0,2,5,2019
EL POBLADO,14,EL TESORO,1409,0,0,7,0,0,1,2,2019
EL POBLADO,14,LOS NARANJOS,1410,4,0,8,13,0,1,4,2019
EL POBLADO,14,LOS BALSOS No. 1,1411,1,0,7,1,0,1,5,2019
EL POBLADO,14,SAN LUCAS,1412,1,0,0,2,0,0,1,2019
EL POBLADO,14,EL DIAMANTE No. 2,1413,0,0,1,0,0,1,7,2019
EL POBLADO,14,LOS BALSOS No. 2,1415,0,0,0,1,0,1,6,2019
EL POBLADO,14,ALEJANDRIA,1416,2,0,7,5,0,1,2,2019
EL POBLADO,14,LA FLORIDA,1417,0,0,2,0,0,1,1,2019
EL POBLADO,14,EL POBLADO,1418,0,0,12,10,1,0,1,2019
EL POBLADO,14,MANILA,1419,0,0,0,2,5,1,0,2019
EL POBLADO,14,ASTORGA,1420,0,0,0,0,1,0,0,2019
EL POBLADO,14,PATIO BONITO,1421,0,0,0,0,0,1,3,2019
EL POBLADO,14,LA AGUACATALA,1422,1,0,0,0,0,0,0,2019
EL POBLADO,14,SANTA MARIA DE LOS ANGELES,1423,1,0,0,0,0,7,4,2019
EL POBLADO,14,BARRIO S4,NULL,1,0,12,15,0,0,0,2019
GUAYABAL,15,TRINIDAD,1503,24,8,11,135,0,0,0,2019
GUAYABAL,15,SANTA FE,1504,6,0,0,0,59,0,0,2019
GUAYABAL,15,CAMPO AMOR,1507,6,0,2,26,29,0,0,2019
GUAYABAL,15,CRISTO REY,1509,18,0,0,133,9,0,0,2019
GUAYABAL,15,GUAYABAL,1510,1,2,7,69,22,0,0,2019
GUAYABAL,15,LA COLINA,1511,30,1,228,123,1,0,0,2019
GUAYABAL,15,BARRIO S4,NULL,18,6,105,622,8,0,1,2019
BELEN,16,FATIMA,1601,2,0,0,21,16,0,0,2019
BELEN,16,ROSALES,1602,3,0,0,0,5,12,0,2019
BELEN,16,BELEN,1603,23,8,169,623,79,7,0,2019
BELEN,16,GRANADA,1604,3,0,1,26,3,0,0,2019
BELEN,16,SAN BERNARDO,1605,22,2,0,226,6,0,0,2019
BELEN,16,LAS PLAYAS,1606,10,0,1,96,5,0,0,2019
BELEN,16,DIEGO ECHAVARRIA,1607,0,0,0,9,9,3,0,2019
BELEN,16,LA MOTA,1608,3,1,12,10,13,6,0,2019
BELEN,16,LA HONDONADA,1609,6,12,13,59,17,0,0,2019
BELEN,16,EL RINCON,1610,62,61,237,76,10,3,0,2019
BELEN,16,LOMA DE LOS BERNAL,1611,1,0,9,1,16,25,0,2019
BELEN,16,LA GLORIA,1612,5,0,3,33,30,2,0,2019
BELEN,16,ALTAVISTA,1613,83,24,366,37,7,0,0,2019
BELEN,16,LA PALMA,1614,1,0,1,8,7,6,0,2019
BELEN,16,LOS ALPES,1615,4,0,3,41,7,0,0,2019
BELEN,16,LAS VIOLETAS,1616,28,5,207,14,0,0,0,2019
BELEN,16,LAS MERCEDES,1617,14,2,8,93,2,6,0,2019
BELEN,16,NUEVA VILLA DEL ABURRA,1618,1,0,1,4,0,5,0,2019
BELEN,16,MIRAVALLE,1619,4,0,0,0,13,6,0,2019
BELEN,16,EL NOGAL-LOS ALMENDROS,1620,3,0,0,0,6,6,0,2019
BELEN,16,CERRO NUTIBARA,1621,0,0,1,0,2,0,0,2019
BELEN,16,BARRIO S4,NULL,34,56,318,677,118,0,1,2019
SAN SEBASTIAN DE PALMITAS,50,LA SUIZA,5001,2,0,0,0,0,0,0,2019
SAN SEBASTIAN DE PALMITAS,50,LA FRISOLA,5002,0,0,4,0,0,0,0,2019
SAN SEBASTIAN DE PALMITAS,50,LA VOLCANA GUAYABAL,5003,0,1,4,0,0,0,0,2019
SAN SEBASTIAN DE PALMITAS,50,PALMITAS SECTOR CENTRAL,5004,7,7,27,2,0,0,0,2019
SAN SEBASTIAN DE PALMITAS,50,LA ALDEA,5005,4,2,14,1,0,0,0,2019
SAN SEBASTIAN DE PALMITAS,50,POTRERA MISERENGA,5006,0,0,2,1,0,0,0,2019
SAN SEBASTIAN DE PALMITAS,50,LA URQUITA,5007,1,2,4,0,0,0,0,2019
SAN CRISTOBAL,60,CABECERA URBANA SAN CRISTOBAL,6000,56,16,269,95,2,0,0,2019
SAN CRISTOBAL,60,LA LOMA,6001,125,117,277,4,0,0,0,2019
SAN CRISTOBAL,60,LA PALMA-EL PATIO,6002,17,3,61,1,0,0,0,2019
SAN CRISTOBAL,60,LAS PLAYAS,6003,0,1,17,0,0,0,0,2019
SAN CRISTOBAL,60,EL UVITO,6004,3,0,9,0,0,0,0,2019
SAN CRISTOBAL,60,NARANJAL,6005,0,0,2,0,0,0,0,2019
SAN CRISTOBAL,60,LA CUCHILLA,6006,3,0,6,0,0,0,0,2019
SAN CRISTOBAL,60,EL LLANO,6007,10,3,24,2,0,0,0,2019
SAN CRISTOBAL,60,TRAVESIAS,6008,40,4,114,7,0,0,0,2019
SAN CRISTOBAL,60,PEDREGAL ALTO,6009,10,5,52,1,0,0,0,2019
SAN CRISTOBAL,60,PEDREGAL BAJO,6010,0,0,1,0,0,0,0,2019
SAN CRISTOBAL,60,PAJARITO,6011,36,285,406,134,0,0,0,2019
SAN CRISTOBAL,60,EL PICACHO,6012,65,7,2,2,0,0,0,2019
SAN CRISTOBAL,60,YOLOMBO,6014,3,1,1,0,0,0,0,2019
SAN CRISTOBAL,60,SAN JOSE DE LA MONTAÑA,6015,3,1,4,0,0,0,0,2019
SAN CRISTOBAL,60,BOQUERON,6016,4,0,6,1,0,0,0,2019
ALTAVISTA,70,ALTAVISTA SECTOR CENTRAL,7001,58,19,116,1,0,0,0,2019
ALTAVISTA,70,AGUAS FRIAS,7002,2,3,14,1,0,0,0,2019
ALTAVISTA,70,LA ESPERANZA,7083,54,4,109,0,0,0,0,2019
ALTAVISTA,70,BUGA PATIO BONITO,7084,35,6,64,4,0,0,0,2019
ALTAVISTA,70,EL CORAZON EL MORRO,7088,16,10,62,1,0,0,0,2019
ALTAVISTA,70,SAN JOSE DEL MANZANILLO,7089,16,9,25,1,0,0,0,2019
SAN ANTONIO DE PRADO,80,CABECERA SAN ANTONIO DE PRADO,8000,321,67,1329,1142,4,0,0,2019
SAN ANTONIO DE PRADO,80,EL VERGEL,8001,7,2,22,11,0,0,0,2019
SAN ANTONIO DE PRADO,80,LA FLORIDA,8002,2,0,9,0,0,0,0,2019
SAN ANTONIO DE PRADO,80,LA VERDE,8005,18,4,29,0,0,0,0,2019
SAN ANTONIO DE PRADO,80,EL SALADO,8006,9,4,11,1,0,0,0,2019
SAN ANTONIO DE PRADO,80,EL ASTILLERO,8007,2,0,1,0,0,0,0,2019
SAN ANTONIO DE PRADO,80,YARUMALITO,8008,4,0,1,0,0,0,0,2019
SAN ANTONIO DE PRADO,80,SUBURBANO POTRERITO,8089,3,0,4,0,0,0,0,2019
SANTA ELENA,90,EL CERRO,9001,2,1,5,1,0,0,0,2019
SANTA ELENA,90,EL LLANO SE,9002,4,0,13,3,1,0,0,2019
SANTA ELENA,90,EL PLAN,9003,7,1,13,4,0,0,0,2019
SANTA ELENA,90,LAS PALMAS,9004,19,3,6,1,0,0,0,2019
SANTA ELENA,90,MEDIA LUNA,9005,9,4,6,1,0,0,0,2019
SANTA ELENA,90,SANTA ELENA SECTOR CENTRAL,9006,16,8,111,24,0,0,0,2019
SANTA ELENA,90,EL PLACER,9007,3,2,2,2,0,0,0,2019
SANTA ELENA,90,PIEDRAS BLANCAS,9008,39,12,3,0,0,0,0,2019
SANTA ELENA,90,PIEDRA GORDA,9012,2,0,7,0,0,0,0,2019
SANTA ELENA,90,BARRO BLANCO,9013,10,3,11,2,0,0,0,2019
NULL,NULL,BARRIO S4,NULL,1,0,12,19,0,0,0,2019
NULL,NULL,CORREGIMIENTO S4,NULL,1,1,1,0,0,0,0,2019
NULL,NULL,SIN CORREGIMIENTO,NULL,4,7,18,2,0,0,0,2019
POPULAR,01,SANTO DOMINGO SAVIO No. 2,0102,13,43,16,0,0,0,0,2020
POPULAR,01,EL COMPROMISO,0108,2,10,0,0,0,0,0,2020
POPULAR,01,LA AVANZADA,0111,0,0,0,0,1,1,0,2020
POPULAR,01,CARPINELO,0112,25,55,0,0,0,0,0,2020
POPULAR,01,BARRIO S4,NULL,106,221,384,1,0,0,0,2020
SANTA CRUZ,02,LA FRONTERA,0204,2,5,17,0,0,0,0,2020
SANTA CRUZ,02,ANDALUCIA,0206,8,10,107,0,0,0,0,2020
SANTA CRUZ,02,VILLA DEL SOCORRO,0207,9,4,65,0,0,0,0,2020
SANTA CRUZ,02,VILLA NIZA,0208,8,3,47,1,0,0,0,2020
SANTA CRUZ,02,BARRIO S4,NULL,67,83,391,0,0,0,0,2020
MANRIQUE,03,LAS GRANJAS,0302,7,19,96,1,0,0,0,2020
MANRIQUE,03,CAMPO VALDES No. 2,0303,8,1,14,30,0,0,0,2020
MANRIQUE,03,SANTA INES,0304,18,21,47,1,0,0,0,2020
MANRIQUE,03,EL RAIZAL,0305,6,8,21,0,0,0,0,2020
MANRIQUE,03,MANRIQUE CENTRAL No. 2,0307,7,3,14,31,0,0,0,2020
MANRIQUE,03,VERSALLES No. 2,0310,22,45,2,0,0,0,0,2020
MANRIQUE,03,ORIENTE,0312,2,24,2,0,0,0,0,2020
MANRIQUE,03,MARIA CANO-CARAMBOLAS,0313,9,29,0,0,0,0,0,2020
MANRIQUE,03,SAN JOSE LA CIMA No. 1,0314,4,22,8,1,0,0,0,2020
MANRIQUE,03,SAN JOSE LA CIMA No. 2,0315,3,19,3,0,0,0,0,2020
MANRIQUE,03,BARRIO S4,NULL,79,145,222,16,0,0,0,2020
ARANJUEZ,04,BERLIN,0401,1,3,4,7,0,0,0,2020
ARANJUEZ,04,SAN ISIDRO,0402,5,4,9,11,0,0,0,2020
ARANJUEZ,04,PALERMO,0403,3,4,10,2,0,0,0,2020
ARANJUEZ,04,BERMEJAL-LOS ALAMOS,0404,0,1,10,0,0,0,0,2020
ARANJUEZ,04,MORAVIA,0405,24,49,104,0,0,0,0,2020
ARANJUEZ,04,SEVILLA,0407,0,1,2,8,0,0,0,2020
ARANJUEZ,04,SAN PEDRO,0408,0,1,16,11,0,0,0,2020
ARANJUEZ,04,MANRIQUE CENTRAL No. 1,0409,17,7,57,42,0,0,0,2020
ARANJUEZ,04,CAMPO VALDES No. 1,0410,20,2,17,83,0,0,0,2020
ARANJUEZ,04,LAS ESMERALDAS,0411,1,2,20,5,0,0,0,2020
ARANJUEZ,04,LA PIÑUELA,0412,1,0,4,5,0,0,0,2020
ARANJUEZ,04,ARANJUEZ,0413,18,21,80,76,0,0,0,2020
ARANJUEZ,04,BRASILIA,0414,2,1,5,21,0,0,0,2020
ARANJUEZ,04,MIRANDA,0415,4,0,21,1,0,0,0,2020
ARANJUEZ,04,BARRIO S4,NULL,0,10,14,5,0,0,0,2020
CASTILLA,05,TOSCANA,0501,8,1,13,7,0,0,0,2020
CASTILLA,05,LAS BRISAS,0502,2,0,3,21,0,0,0,2020
CASTILLA,05,FLORENCIA,0503,4,0,0,42,0,0,0,2020
CASTILLA,05,TEJELO,0504,0,2,0,23,0,0,0,2020
CASTILLA,05,BOYACA,0505,1,0,0,36,0,0,0,2020
CASTILLA,05,HECTOR ABAD GOMEZ,0507,2,10,8,1,0,0,0,2020
CASTILLA,05,BELALCAZAR,0508,8,2,17,14,0,0,0,2020
CASTILLA,05,GIRARDOT,0509,1,1,3,31,0,0,0,2020
CASTILLA,05,TRICENTENARIO,0510,1,4,2,9,0,0,0,2020
CASTILLA,05,CASTILLA,0511,11,2,44,221,0,1,0,2020
CASTILLA,05,OLEODUCTO,0512,0,0,1,0,0,0,0,2020
CASTILLA,05,FRANCISCO ANTONIO ZEA,0513,9,0,9,15,0,0,0,2020
CASTILLA,05,ALFONSO LOPEZ,0514,3,2,18,18,0,0,0,2020
CASTILLA,05,CARIBE,0517,1,0,0,6,0,0,0,2020
CASTILLA,05,EL PROGRESO,0519,0,6,1,1,0,0,0,2020
CASTILLA,05,BARRIO S4,NULL,4,5,4,5,0,0,0,2020
DOCE DE OCTUBRE,06,SANTANDER,0601,5,0,72,0,0,0,0,2020
DOCE DE OCTUBRE,06,DOCE DE OCTUBRE No. 1,0602,13,13,151,3,0,0,0,2020
DOCE DE OCTUBRE,06,DOCE DE OCTUBRE No. 2,0603,2,1,56,0,0,0,0,2020
DOCE DE OCTUBRE,06,PEDREGAL,0604,4,0,19,93,0,0,0,2020
DOCE DE OCTUBRE,06,LA ESPERANZA,0605,9,19,3,10,0,0,0,2020
DOCE DE OCTUBRE,06,SAN MARTIN DE PORRES,0606,2,1,28,9,0,0,0,2020
DOCE DE OCTUBRE,06,KENNEDY,0607,11,2,71,3,0,0,0,2020
DOCE DE OCTUBRE,06,PICACHO,0608,14,123,30,0,0,0,0,2020
DOCE DE OCTUBRE,06,PICACHITO,0609,2,47,1,0,0,0,0,2020
DOCE DE OCTUBRE,06,MIRADOR DEL DOCE,0610,0,22,0,0,0,0,0,2020
DOCE DE OCTUBRE,06,PROGRESO No. 2,0611,0,5,0,0,0,0,0,2020
DOCE DE OCTUBRE,06,EL TRIUNFO,0612,0,40,0,0,0,0,0,2020
DOCE DE OCTUBRE,06,BARRIO S4,NULL,12,14,12,4,15,6,0,2020
ROBLEDO,07,CERRO EL VOLADOR,0702,2,0,1,1,0,0,0,2020
ROBLEDO,07,SAN GERMAN,0703,4,5,6,7,10,0,0,2020
ROBLEDO,07,FACULTAD DE MINAS,0705,0,0,0,1,0,0,0,2020
ROBLEDO,07,PILARICA,0706,0,0,0,1,1,0,0,2020
ROBLEDO,07,BOSQUES DE SAN PABLO,0707,1,0,0,0,0,0,0,2020
ROBLEDO,07,ALTAMIRA,0708,0,0,0,6,0,0,0,2020
ROBLEDO,07,CORDOBA,0709,2,8,11,10,0,0,0,2020
ROBLEDO,07,LOPEZ DE MESA,0710,1,1,5,6,0,0,0,2020
ROBLEDO,07,EL DIAMANTE,0711,3,0,34,3,12,0,0,2020
ROBLEDO,07,AURES No. 1,0712,7,2,86,5,0,0,0,2020
ROBLEDO,07,AURES No. 2,0713,18,26,122,6,0,0,0,2020
ROBLEDO,07,BELLO HORIZONTE,0714,11,11,16,3,0,0,0,2020
ROBLEDO,07,VILLA FLORA,0715,1,1,23,2,1,0,0,2020
ROBLEDO,07,PALENQUE,0716,0,5,5,14,0,0,0,2020
ROBLEDO,07,ROBLEDO,0717,16,74,218,88,2,0,0,2020
ROBLEDO,07,CUCARACHO,0718,3,8,26,25,0,0,0,2020
ROBLEDO,07,FUENTE CLARA,0719,2,12,6,0,0,0,0,2020
ROBLEDO,07,SANTA MARGARITA,0720,20,17,29,0,0,0,0,2020
ROBLEDO,07,OLAYA HERRERA,0722,46,128,10,5,1,1,0,2020
ROBLEDO,07,PAJARITO,0723,1,11,9,5,1,0,0,2020
ROBLEDO,07,MOTENCLARO,0724,0,13,4,13,0,0,0,2020
ROBLEDO,07,NUEVA VILLA DE LA IGUANA,0725,12,21,4,0,0,0,0,2020
ROBLEDO,07,BARRIO S4,NULL,17,17,18,7,1,0,0,2020
VILLA HERMOSA,08,VILLA HERMOSA,0801,11,5,25,40,3,0,0,2020
VILLA HERMOSA,08,LA MANSION,0802,0,0,1,8,1,0,0,2020
VILLA HERMOSA,08,SAN MIGUEL,0803,0,0,2,7,1,0,0,2020
VILLA HERMOSA,08,LA LADERA,0804,3,0,3,3,0,0,0,2020
VILLA HERMOSA,08,LLANADITAS,0806,11,61,12,0,0,0,0,2020
VILLA HERMOSA,08,LOS MANGOS,0807,0,11,24,0,0,0,0,2020
VILLA HERMOSA,08,ENCISO,0808,4,50,94,33,2,0,0,2020
VILLA HERMOSA,08,SUCRE,0809,1,0,3,11,0,0,0,2020
VILLA HERMOSA,08,EL PINAL,0810,24,24,48,0,0,0,0,2020
VILLA HERMOSA,08,TRECE DE NOVIEMBRE,0811,3,25,3,0,0,0,0,2020
VILLA HERMOSA,08,LA LIBERTAD,0812,16,31,25,0,0,0,0,2020
VILLA HERMOSA,08,VILLA TINA,0813,30,57,42,0,0,0,0,2020
VILLA HERMOSA,08,SAN ANTONIO,0814,13,26,107,65,0,0,0,2020
VILLA HERMOSA,08,LAS ESTANCIAS,0815,8,9,5,0,0,0,0,2020
VILLA HERMOSA,08,VILLA TURBAY,0816,5,8,0,0,0,0,0,2020
VILLA HERMOSA,08,LA SIERRA,0817,9,10,2,0,0,0,0,2020
VILLA HERMOSA,08,VILLA LILIAM,0819,10,9,10,0,0,0,0,2020
VILLA HERMOSA,08,BARRIO S4,NULL,4,10,23,0,0,0,0,2020
BUENOS AIRES,09,JUAN PABLO II,0901,0,3,5,0,0,0,0,2020
BUENOS AIRES,09,BARRIOS DE JESUS,0902,2,3,19,19,0,0,0,2020
BUENOS AIRES,09,BOMBONA No. 2,0903,3,0,18,13,1,0,0,2020
BUENOS AIRES,09,LOS CERROS-EL VERGEL,0904,1,0,13,10,0,0,0,2020
BUENOS AIRES,09,ALEJANDRO ECHAVARRIA,0905,0,0,2,4,0,0,0,2020
BUENOS AIRES,09,BARRIO CAICEDO,0906,7,13,18,4,0,0,0,2020
BUENOS AIRES,09,BUENOS AIRES,0907,8,6,36,92,10,0,0,2020
BUENOS AIRES,09,MIRAFLORES,0908,1,0,2,3,0,0,0,2020
BUENOS AIRES,09,CATALUÑA,0909,1,0,0,9,0,0,0,2020
BUENOS AIRES,09,LA MILAGROSA,0910,5,0,10,26,0,0,0,2020
BUENOS AIRES,09,GERONA,0911,2,0,1,6,0,0,0,2020
BUENOS AIRES,09,EL SALVADOR,0912,10,1,8,42,1,0,0,2020
BUENOS AIRES,09,LORETO,0913,11,3,66,24,1,0,0,2020
BUENOS AIRES,09,ASOMADERA No. 1,0914,1,1,3,0,0,0,0,2020
BUENOS AIRES,09,ASOMADERA No. 2,0915,0,0,3,0,1,0,0,2020
BUENOS AIRES,09,OCHO DE MARZO,0917,5,13,4,0,0,0,0,2020
BUENOS AIRES,09,BARRIO S4,NULL,1,7,9,2,0,0,0,2020
LA CANDELARIA,10,PRADO,1001,20,1,39,27,35,0,0,2020
LA CANDELARIA,10,JESUS NAZARENO,1003,0,0,0,4,0,0,0,2020
LA CANDELARIA,10,EL CHAGUALO,1004,0,0,0,13,0,0,0,2020
LA CANDELARIA,10,ESTACION VILLA,1005,0,0,0,1,0,0,0,2020
LA CANDELARIA,10,SAN BENITO,1006,1,0,0,2,1,0,0,2020
LA CANDELARIA,10,GUAYAQUIL,1007,2,0,0,1,2,0,0,2020
LA CANDELARIA,10,CORAZON DE JESUS,1008,0,0,0,1,0,0,0,2020
LA CANDELARIA,10,CENTRO ADMINISTRATIVO,1010,2,0,0,1,0,0,0,2020
LA CANDELARIA,10,CALLE NUEVA,1011,1,0,1,0,0,0,0,2020
LA CANDELARIA,10,COLON,1013,2,1,6,11,0,0,0,2020
LA CANDELARIA,10,LAS PALMAS,1014,4,0,10,23,0,0,0,2020
LA CANDELARIA,10,BOMBONA No. 1,1015,4,0,1,22,6,0,0,2020
LA CANDELARIA,10,BOSTON,1016,9,0,2,26,28,0,0,2020
LA CANDELARIA,10,LOS ANGELES,1017,0,0,1,1,5,0,0,2020
LA CANDELARIA,10,VILLA NUEVA,1018,2,0,0,11,0,0,0,2020
LA CANDELARIA,10,LA CANDELARIA,1019,12,2,5,5,3,0,0,2020
LA CANDELARIA,10,SAN DIEGO,1020,5,0,12,10,0,0,0,2020
LA CANDELARIA,10,BARRIO S4,NULL,2,1,2,6,0,0,0,2020
LAURELES,11,CARLOS E. RESTREPO,1101,0,0,0,0,6,0,0,2020
LAURELES,11,SURAMERICANA,1102,0,0,0,0,18,12,0,2020
LAURELES,11,NARANJAL,1103,0,0,0,1,0,1,0,2020
LAURELES,11,SAN JOAQUIN,1104,4,1,0,1,36,3,0,2020
LAURELES,11,LOS CONQUISTADORES,1105,0,9,0,1,2,10,0,2020
LAURELES,11,LAURELES,1107,4,0,0,2,50,60,1,2020
LAURELES,11,BARRIO S4,NULL,5,0,0,2,56,49,0,2020
LA AMERICA,12,LA AMERICA,1204,2,0,0,30,43,11,0,2020
LA AMERICA,12,BARRIO S4,NULL,7,0,6,6,15,16,0,2020
SAN JAVIER,13,SAN JAVIER No. 1,1309,48,302,253,87,9,0,0,2020
SAN JAVIER,13,BARRIO S4,NULL,26,105,114,31,10,1,0,2020
EL POBLADO,14,EL POBLADO,1418,4,0,5,6,1,1,5,2020
EL POBLADO,14,BARRIO S4,NULL,0,0,1,0,0,1,3,2020
GUAYABAL,15,GUAYABAL,1510,3,2,47,53,11,0,0,2020
GUAYABAL,15,BARRIO S4,NULL,2,0,5,28,9,0,0,2020
BELEN,16,BELEN,1603,38,30,170,172,44,11,0,2020
BELEN,16,ALTAVISTA,1613,34,18,71,1,0,0,0,2020
BELEN,16,BARRIO S4,NULL,14,17,94,51,8,0,0,2020
SAN SEBASTIAN DE PALMITAS,50,LA VOLCANA GUAYABAL,5003,0,0,1,0,0,0,0,2020
SAN SEBASTIAN DE PALMITAS,50,PALMITAS SECTOR CENTRAL,5004,1,0,4,0,0,0,0,2020
SAN CRISTOBAL,60,CABECERA URBANA SAN CRISTOBAL,6000,22,34,62,20,0,0,0,2020
SAN CRISTOBAL,60,LA LOMA,6001,15,18,48,0,0,0,0,2020
SAN CRISTOBAL,60,LA PALMA-EL PATIO,6002,1,0,10,0,0,0,0,2020
SAN CRISTOBAL,60,LAS PLAYAS,6003,2,0,1,0,0,0,0,2020
SAN CRISTOBAL,60,EL UVITO,6004,0,0,1,0,0,0,0,2020
SAN CRISTOBAL,60,LA CUCHILLA,6006,0,0,3,0,0,0,0,2020
SAN CRISTOBAL,60,EL LLANO,6007,0,0,4,0,0,0,0,2020
SAN CRISTOBAL,60,TRAVESIAS,6008,1,0,6,2,0,0,0,2020
SAN CRISTOBAL,60,PEDREGAL ALTO,6009,2,1,5,1,1,0,0,2020
SAN CRISTOBAL,60,PEDREGAL BAJO,6010,1,5,6,1,0,0,0,2020
SAN CRISTOBAL,60,PAJARITO,6011,5,31,41,20,0,0,0,2020
SAN CRISTOBAL,60,EL PICACHO,6012,2,5,1,0,0,0,0,2020
SAN ANTONIO DE PRADO,80,CABECERA SAN ANTONIO DE PRADO,8000,45,34,282,107,1,0,0,2020
SANTA ELENA,90,EL LLANO SE,9002,1,0,0,0,0,0,0,2020
SANTA ELENA,90,SANTA ELENA SECTOR CENTRAL,9006,11,4,33,3,0,0,0,2020
NULL,NULL,SIN CORREGIMIENTO,NULL,3,2,0,1,0,0,0,2020
