FECHA,COMUNA,ORGANIZACIÓN_COMUNAL,DIRECCIÓN,ORG_RADIO_ACCION,SEDES_SOCIALES,EST_EDUCATIVOS,CENTROS_DE_DESARROL,CASAS_DE_LA_CULTURA,SEDES_ONG,CONDICIONES_DE_OTRAS,CONDICIONES_DE_OTRAS,LEGIMITIMIDAD_BARRIO,LECTURAS_TERRITORIO,SECTORES_RADIO,JUNTA_DIRECTIVA,PART_GRUPOS_POBLACIO,DECISIONES_JUNTADIRECTIVA,DECISIONES_ASAMBLEA,PROYECTOS_EN_EL_AÑO,¿CUÁNTOS_PROYECTOS?,PROYECTO_AÑO_ANTERIOR,RECURSOS_PROPIOS,LIDERA_PROCESOS,ACTIVIDADES_SALUD,ACTIVIDADES_EDUCACIÓN,ACTIVIDADES_INCLUSIÓN,ACTIVIDADES_DEPORTES,ACTIVIDADES_RECREACI,ACTIVIDADES_MEDIO_AM,ACTIVIDADES_PAZ,ACTIVIDADES_CULTURA,OTROS,OTROS:_ENUNCIE_ACTIVIDADES,DIGNATARIOS ACTIVOS,CUENTA_COMISIONES,¿CUÁNTAS?,ACT_LIBRO_DE_AFILIAD,ACT_LIBRO_DE_INVENTA,ACT_LIBRO_DE_TESORER,ACT_LIBRO_DE_ACTAS,OTROS_LIBROS,ACT_OTROS_LIBROS,ESTRATEGIAS_DIVULGAC,REGLAMENTO_INTERNO,ACT_ESTATUTOS,ESPACIOSDELIBERACIÓN,EMPALME_DE_DIGNATARI,EMPALME_PRESIDENTE,EMPALME_VICEPRESIDENTE,EMPALME_TESORERO,EMPALME_SECRETARIO,EMPALME_COORDINADOR,EMPALME_ORGANOFISCAL,EMPALME_ORGANOCONCILIADOR,EMPALME_DELEGADOSASO,INCIDE_DESARROLLO,¿COMO_INCIDE?
16/09/2017,06,12 DE OCTUBRE SECTOR EL JARDÍN DE MEDELLIN,Calle 108 # 82-36,SI,No especifica,No especifica,No especifica,No especifica,No especifica,Hogares comunitarios del ICBF,,"Convocatorias para ofertas institucionales, fiestas del niño, fortalecimiento con tejido social (Recreativo, cultural, social y politico), combites.",SI,Sí,Sí,"Mujeres, Hombres, Jóvenes, Adultos, Adultos Mayores, Afrodescendientes, Victimas del conflicto",SI,Sí,NO,formulación y gestión de proyectos,NO,No,"Mejorar la Infraestructura, Mejorar condiciones Medioambientales, Mejorar el acceso a los derechos, Fortalecer la Convivencia","Jornadas de vacunación, odontologia preventiva.",Fomento a la educación superior,,"Torneo cada 6 meses llamado ""los teteritos""",Jornadas recreativas con el Inder,Jornadas de Ornato y limpieza,,Eventos culturales mostrando talentos.,,,10,Sí,3,26 de agosto de 2017,26 de Abril 2016,14 de Agosto de 2017,13/08/2017,,,Sí,Sí,No,Sí,Empalme Parcial,NO,SI,NO,NO,NO,SI,NO,NO,Sí,Con las actividades que realiza genera intercambios entre vecinos siendo así una jac incidente en la vida de sus habitantes.
11/10/2017,06,12 DE OCTUBRE ZONA TREINTA DE MEDELLIN,Calle 104 c # 82 FF -25,SI,Regular,Bueno,No especifica,No especifica,No especifica,No especifica,No especifica,"Actividad en parejas, escuela de arte, la de fútbol, clases de ingles, cultura, modelación 3D, danzas, matemáticas, punto de la mujer, colectivo de mujeres.",NO,Sí,Sí,"Mujeres, Hombres, LGTBI, Jóvenes, Adultos, Adultos Mayores, Afrodescendientes, Victimas del conflicto",SI,Sí,SI,4,SI,Sí,"Mejorar la Infraestructura, Mejorar condiciones Medioambientales, Promover la productividad y el emprendimiento., Mejorar el acceso a los derechos, Fortalecer la Convivencia","Jornadas de vacunación, Jornadas visual, nutrición.","Clases de Ingles, Clases de Matemáticas, Clases de Moderación 3D, alfabetización.",,"Punto de la Mujer, Clases de Fútbol.",Tomas recreativas.,"Jornada de eco-huertas, Limpieza de puntos críticos, implementación de huertas, mesa central de medio ambiente.",Café por la paz.,Escuela de Danza y dibujo.,,,16,Sí,7,28-09-2017,19-04-2017,14-06-2017,25/09/2017,bancos,14-06-2017,Sí,Sí,No,Sí,Empalme Parcial,SI,SI,SI,NO,SI,SI,SI,NO,Sí,"En la organización y cualificación de los comites, iniciativa del plan de desarrollo, sector de convivencia, en el sentido de pertenencia y fomenta la participación."
11/11/2017,08,13 DE NOVIEMBRE SECTOR LA PRIMAVERA DE MEDELLIN,Carrera 19 Nº 56HE - 34 Interior 201,SI,No especifica,Bueno,No especifica,No especifica,No especifica,Colegio Beato Iturrate,,"Asambleas, rendicion de cuentas",SI,Sí,Sí,"Mujeres, Hombres, Adultos, Adultos Mayores, Victimas del conflicto",SI,No,SI,1,NO,Sí,"Mejorar la Infraestructura, Mejorar condiciones Medioambientales, Mejorar el acceso a los derechos, Fortalecer la Convivencia","Jornadas de salud visual, mamografias",,Noche de cine,Grupo de futbol,,"Lombri cultivos, huerta comunitaria",Noche de cine,Noche de cine,Infraestructura,Arreglo de vias,8,Sí,3,8/10/2017,13/08/2015 no tienen mas bienes por registrar,No hay libro,15/02/2015,Actas junta directiva,6/05/2015 Pendientes de transcribir,Sí,No,Sí,Sí,No Empalme,NO,NO,NO,NO,NO,NO,NO,NO,Sí,Mejorando la calidad de vida del sector
09/10/2017,70,ALTAVISTA PARTE ALTA,carrera 116 # 17a 49,SI,Bueno,Bueno,No especifica,No especifica,No especifica,No especifica,No especifica,"Andenes y Pasamanos (pl y pp), Convites de Limpieza, Eventos Deportivos, Recreacionistas, Gafas, prótesis, vacunas de mascotas.",NO,Sí,Sí,"Mujeres, Hombres, Jóvenes, Adultos, Victimas del conflicto",SI,Sí,NO,formulación y gestión de proyectos,NO,No,"Mejorar la Infraestructura, Mejorar condiciones Medioambientales, Mejorar el acceso a los derechos, Fortalecer la Convivencia","Gafas, prótesis, vacunas.","educación Superior, técnicas por medio del telecentro, vacunación a animales.",,torneos de fútbol.,"recreación a niños, ",limpiezas ,Capacitación a victimas,,,,14,Sí,3,,,,,,,Sí,Sí,No,Sí,Empalme Total,NO,SI,SI,SI,SI,SI,SI,SI,Sí,"Mejorando la calidad de vida, la salud y la infraestructura."
08/10/2017,80,ANGELES DE SAN ANTONIO,Calle 68B Sur 69 21,NO,No especifica,No especifica,No especifica,No especifica,No especifica,No especifica,No especifica,"asambleas, ejecución de planes de trabajo",NO,Sí,Sí,"LGTBI, Jóvenes, Adultos, Adultos Mayores",NO,No,SI,6,SI,Sí,"Mejorar la Infraestructura, Mejorar condiciones Medioambientales, Promover la productividad y el emprendimiento., Fortalecer la Convivencia",tamizaje visual,,,,fiesta de la familia,"limpieza de terreno, tenencia responsable de mascotas",seguridad casa de gobierno,,,,14,Sí,4,,,,,,,Sí,No,No,Sí,No Empalme,,,,,,,,,Sí,construcción de vivienda.
28/09/2017,09,ANGELES SOÑADORES,CR 40 # 46 - 68,SI,Bueno,Bueno,Bueno,Bueno,Bueno,No especifica,No especifica,"EL FOCO DE LA ORGANIZACIÓN ESTA PUESTO EN LAS VIVIENDAS DE INTERÉS PRIORITARIO PARA LOS AFILIADOS, POBLACIÓN VULNERABLEM.",SI,Sí,Sí,"Mujeres, Hombres, LGTBI, Jóvenes, Adultos, Adultos Mayores, Victimas del conflicto, Población en Situación de Discapacidad",SI,Sí,SI,4,NO,No,"Promover la productividad y el emprendimiento., Mejorar el acceso a los derechos, Fortalecer la Convivencia",,,,,,,,,,,10,No,No aplica,,,,,,,No,Sí,No,Sí,Empalme Parcial,NO,NO,NO,NO,NO,SI,NO,SI,Sí,SE A LOGRADO QUE EL 30% DE SUS FAMILIAS ASOCIADAS HAYAN ACCEDIDO AL PROGRAMA DE VIVIENDA PRIORITARIA.
03/09/2017,04,ARANJUEZ SAN CAYETANO,carrera 51 # 87 - 08,SI,Bueno,No especifica,No especifica,Bueno,Bueno,No especifica,No especifica,"festival de parques, clásica aran juez, celebración día de la madre del padre,clases de danza, bisutería.",SI,Sí,Sí,"Mujeres, Hombres, LGTBI, Jóvenes, Adultos, Adultos Mayores, Población en Situación de Discapacidad",SI,Sí,SI,4,SI,Sí,"Mejorar la Infraestructura, Mejorar condiciones Medioambientales, Promover la productividad y el emprendimiento., Mejorar el acceso a los derechos, Fortalecer la Convivencia",brigadas de salud.,talleres formativos.,actividades de integracion grupos de tercera edad.,,"recreando, torneos deportivos, clásica ciclistica.",limpieza parques y quebrada.,festival de parques,"danza, baile,manualidades.",,,15,Sí,4,al dia.,enero de 2014,31 agosto,12/08/2017,,,Sí,Sí,No,Sí,Empalme Total,SI,SI,SI,SI,SI,SI,SI,SI,Sí,"en mejoramiento de las condiciones de vida de sus habitantes,la infraestructura,llevando la oferta institucional."
09/10/2017,16,ASOCIACIÓN COMUNAL DE JUNTAS DE ACCIÓN COMUNAL Y JUNTAS DE VIVIENDA ASOBELÉN,Carrera 77 # 31-75,SI,Bueno,Bueno,Bueno,No especifica,No especifica,Carantoñas.,Bueno,"Las acciones que desarrolla la ASOCOMUNAL 16 son : gestionar proyectos realizar actividades con la organizaciones de la comuna 16, talleres y trabajo en equipo para fortalecer las organizaciones.",NO,Sí,Sí,"Mujeres, Hombres, Jóvenes, Adultos, Adultos Mayores",NO,No,SI,5,SI,No,"Mejorar la Infraestructura, Mejorar condiciones Medioambientales, Promover la productividad y el emprendimiento., Mejorar el acceso a los derechos, Fortalecer la Convivencia",Copaco,Becas de estudio con presupuesto Participativo,Inclusión y actividades con discapacitados,"Justas deportivas, actividades escuelas deportivas de la comuna 16 y entidades privadas.",,"Mesa ambiental, festivales ambientales.",,,Seminarios de belén  con la Gobernación de Antioquia.,,19,Sí,8,12 de mayo de 2017,16 de marzo de 2016,julio 31 de 2017,,,,Sí,No,No,Sí,Empalme Parcial,SI,SI,SI,NO,NO,SI,SI,SI,Sí,La ASOCOMUNAL 16 incide en el territorio con sus acciones para fortalecer las organizaciones de la comuna 16.
13/10/2017,04,ASOCIACIÓN COMUNAL DE JUNTAS DE LA COMUNA CUATRO ASOCOVIC IV,CALLE 87 # 52 B 45,SI,Regular,Bueno,Regular,Bueno,Regular,No especifica,No especifica,"PROCESOS FORMATIVOS ,ACADÉMICOS,CULTURALES,CON LAS JUNTAS DE ACION COMUNAL Y LA COMUNIDAD EN GENERAL.",SI,Sí,Sí,"Mujeres, Hombres, LGTBI, Jóvenes, Adultos, Adultos Mayores, Indigenas, Población en Situación de Discapacidad",SI,Sí,SI,10,SI,Sí,"Mejorar la Infraestructura, Mejorar condiciones Medioambientales, Promover la productividad y el emprendimiento., Mejorar el acceso a los derechos, Fortalecer la Convivencia",CAMPAÑAS DE SALUD,ACTIVIDADES FIORMATIVAS CON LOS DIGNATARIOS Y DELEGADOS DE LAS JAC.,ACTIVIDADES ADULTOS MAYORES,JORNADAS DEPORTIVAS,,CAMPAÑAS,MOVILIZACIONES,,,,19,Sí,11,JULIO DE 2017,AGOSTO DE 2017,SEPTIEMBRE DE 2017,01/09/2017,,,Sí,Sí,No,Sí,Empalme Total,SI,SI,SI,SI,SI,SI,SI,SI,Sí,CONTRIBUYENDO AL MEJORAMIENTO DE LAS CONDICIONES SOCIALES Y DE MEJORAMIENTO Y CONSTRUCION DE INFRAESTRUCTURA EN LA COMUNA 04 ARANJUEZ.
15/09/2017,03,ASOCIACIÓN DE JUNTAS DE ACCIÓN COMUNAL (ASOCOMUNAL) 3 MANRIQUE,Carrera 34 # 85 C 15,SI,Bueno,Bueno,Bueno,Bueno,No especifica,"UVA La Alegría, Armonía y Esperanza ",Bueno,Articulación con las demás organizaciones y dependencias de la administración para estar mas comprometido con la necesidad de la comunidad ,SI,Sí,Sí,"Mujeres, Hombres, LGTBI, Jóvenes, Adultos",SI,Sí,SI,10,SI,No,"Mejorar la Infraestructura, Mejorar condiciones Medioambientales, Promover la productividad y el emprendimiento., Mejorar el acceso a los derechos, Fortalecer la Convivencia, Fortalecer las Juntas de Acción Comunal , Discapacitados y Mesa de Derechos Humanos",Proyecto atención primaria en salud,Formación de lideres,,Proyectos Deportivos,Proyectos de Recreación ,Monitoreo con la mesa ambiental,,Articulación con cada grupo artistico de la comunidad,,,16,Sí,5,Julio 2016,2007,10/ Sep/2017,9/7/0217,Libro Auxiliar de Tesoreria,23 Diciembre del 2016,Sí,Sí,No,Sí,Empalme Parcial,SI,NO,NO,SI,NO,NO,SI,NO,Sí,"incide de manera positiva y comprometida con la comunidad, articulandose y gestionando proyectos  y tratando de fortalecer las Juntas de Acción Comunal "
17/09/2017,60,ASOCIACIÓN DE JUNTAS DE ACCIÓN COMUNAL Y DE VIVIENDA ASOSANCRISTOBAL,Calle 64 N° 128 42,SI,Regular,Bueno,No especifica,No especifica,No especifica,"Biblioteca, UVA, Hospital, Casa de Gobierno, estación de policia",Bueno,"Asambleas elección, informativas, participación en diferentes espacios de deliberación como mesa agropecuaria, Concejo de Medellin, debates de política publica",SI,Sí,Sí,"Mujeres, Hombres, Jóvenes, Adultos, Adultos Mayores, Afrodescendientes",SI,Sí,SI,17,SI,No,"Mejorar la Infraestructura, Mejorar condiciones Medioambientales, Promover la productividad y el emprendimiento., Mejorar el acceso a los derechos, Fortalecer la Convivencia",Brigadas de salud,"Contenidos académicos: movilidad, planes de contingencia","Casa de la mujer, alimentación adulto mayor","Integración comunidades en las UVAS, programaciones deportivas con el INDER","Torneos, comisión recreo deportes PP",Procesos Cor Antioquia,"Diplomado gestores de paz, desminado humanitario","Actividades conjuntas con la Biblioteca, día del campesino, desfiles silleteritos","Obras y vivienda, unidades de Planificación rural","1. Reforma del CMDR
2. Construcción del PAM
3. Aportes ante la construcción del Distrito Rural Campesino y Unidades de planificación Rural (UPR)
4. Mesa Agropecuaria, Productiva y Campesina del Corregimiento
1. Mantenimiento por parte de secretaria de Infraestructura Departamental (Adjudicador del contrato hacia un contratante en mantenimiento y estabilización de la malla vial)
2. Empalme hacia la Agencia Nacional de Infraestructura (ANI) y el Concesionario DEVIMAR",15,Sí,4,11/06/2017,15/06/2017,05/09/2017,11/06/2017,,,Sí,No,No,Sí,Empalme Parcial,SI,NO,NO,NO,NO,NO,NO,NO,Sí,"Incide positivamente en la formación de lideres, en la solución de contingencias inmediatas, participación de los campesinos en nuevos procesos, ejecución planes, proyectos de participación y en la generación de nuevas oportunidades a los jóvenes, niños, mujeres y campesinos."
13/09/2017,09,ASOCIACIÓN DE JUNTAS DE ACCIÓN COMUNAL Y JUNTAS DE VIVIENDA COMUNITARIA ASOCOMUNAL 9,CL 37 # 24D - 14 ,SI,Bueno,Bueno,Bueno,Bueno,Bueno,"CUERPO DE BOMBEROS, BATALLÓN MILITAR",,SE TRABAJA DE LA MANO CON LAS JAC DE LA COMUNA Y CON LA JAL.,SI,Sí,Sí,"Mujeres, Hombres, Jóvenes, Adultos, Adultos Mayores, Afrodescendientes, Victimas del conflicto",SI,Sí,SI,6,SI,No,"Mejorar la Infraestructura, Mejorar condiciones Medioambientales, Promover la productividad y el emprendimiento., Mejorar el acceso a los derechos, Fortalecer la Convivencia",BRIGADAS DE SALUD ,FORMACIÓN PARA LA PARTICIPACIÓN ,SEMILLEROS,,,"LIMPIEZA DE QUEBRADAS, EDUCACIÓN AMBIENTAL",,"MÚSICA, NAVIDADES.",,,16,Sí,5,01/04/2017,10/07/2017,,,,,Sí,Sí,Sí,Sí,Empalme Parcial,NO,SI,SI,SI,SI,SI,SI,SI,Sí,MEDIANTE EL FORTALECIMIENTO A LAS DISTINTAS JAC DE LA COMUNA ATRAVEZ DE LA FORMACIÓN Y LEVANTAMIENTO DE DIAGNÓSTICOS.
06/09/2017,11,ASOCIACIÓN DE JUNTAS DE ACCIÓN COMUNAL Y JUNTAS DE VIVIENDA COMUNITARIA DE LA COMUNA 11,Transversal 39B  75-39,SI,Bueno,Bueno,Bueno,Bueno,No especifica,No especifica,No especifica,"Reuniones de Juntas de Acción Comunal, Apoyo a las JAC´s, Actividades en la Sede Social de Asocomunal",SI,Sí,Sí,"Mujeres, Hombres, Jóvenes, Adultos, Adultos Mayores, Afrodescendientes, Población en Situación de Discapacidad",SI,Sí,SI,3,NO,Sí,"Mejorar la Infraestructura, Mejorar condiciones Medioambientales, Promover la productividad y el emprendimiento., Mejorar el acceso a los derechos, Fortalecer la Convivencia, Fortalecer la comunicación","Programas de PP, Salud Visual","Telecentro, Capacitaciones",Participación de diferentes sectores y grupos poblacionales,INDER,Actividades con el INDER,"Siembras y limpiezas, Mesa Ambiental","Conexión cuarta brigada, cuadrantes","Prolírica, Pintura",,,14,Sí,2,23/07/2016,27/12/2016,06/09/2017,,,,Sí,No,No,Sí,Empalme Parcial,SI,SI,NO,NO,NO,NO,NO,NO,Sí,"Mediante apoyo a Proyectos, Gestión Cursos del SENA, Participación en La Planeación Local"
22/09/2017,13,ASOCIACIÓN DE JUNTAS DE ACCIÓN COMUNAL Y JUNTAS DE VIVIENDA DE LA COMUNA TRECE ASOCOMUNA 13,Calle 44 - 95-79 Int. 1,SI,Bueno,No especifica,No especifica,No especifica,No especifica,"Refieren: ""Bueno""",Bueno,"""Acompañamiento a todas las JAC""",SI,Sí,Sí,"Mujeres, Hombres, Jóvenes, Adultos, Adultos Mayores, Afrodescendientes, Victimas del conflicto, Población en Situación de Discapacidad",SI,Sí,SI,8,SI,Sí,"Mejorar la Infraestructura, Mejorar condiciones Medioambientales, Promover la productividad y el emprendimiento., Mejorar el acceso a los derechos, Fortalecer la Convivencia",Acompañamiento y gestión con la Secretaria de Salud en jornadas de Prevención y Promoción ,"Articulación con la Secretaria de educación, Sapiensa y formación por parte de los formadores de Asocomuna 13 ",Se realiza actividades dirigidas a toda la comunidad en mejoramiento de la calidad de vida,Articulación con el Inder entre otras actividades propias de Asocomuna 13,"Se realiza actividades dirigidas a toda la comunidad en mejoramiento de la calidad de vida y articulación con el Inder 
",Con acciones positivas y prepositivas que incidan en el desarrollo integral y mejoramiento de la calidad de vida de los habitantes y articulación con la secretarias de la administración Municipal,Se realiza talleres a víctimas del conflicto y se articulan con varios programas del plan de trabajo,"""Acompañamiento a las actividades de la comuna y eventos culturales propios como: Fiestas de la comuna, formación cultural etc.""",Ver antes mencionadas,Ver antes mencionadas,16 renunció 1 dignatario delegado 4,Sí,5,12/08/2017,No se evidenció,20/05/2017,29/06/2017,"El libro de actas se extravió, están digitalizadas  ",N/A,Sí,Sí,Sí,Sí,Empalme Total,SI,SI,SI,SI,SI,SI,SI,SI,Sí,"""intentando cambiar la forma en que se interviene y reconstruyendo tejido social"""
05/10/2017,05,ASOCIACIÓN DE JUNTAS DE ACCIÓN COMUNAL Y VIVIENDA COMUNITARIA DE LA COMUNA 5 DE CASTILLA,CR 68 No 106C-24,SI,Regular,Malo,No especifica,No especifica,No especifica,No especifica,No especifica,ASESORAR EN PLANES DE DESARROLLO LOCALES ,SI,Sí,Sí,"Mujeres, Hombres, Adultos, Adultos Mayores",SI,Sí,SI,1,NO,No,"Mejorar la Infraestructura, Mejorar condiciones Medioambientales, Promover la productividad y el emprendimiento., Mejorar el acceso a los derechos, Fortalecer la Convivencia","VACUNACION, JORNADAS DE SALUD ",,,,,,,,,,15,Sí,3,17-09-2017,,12-05-2017,17/09/2017,,,Sí,Sí,No,Sí,Empalme Parcial,NO,NO,SI,NO,NO,NO,NO,NO,Sí,EN LA GESTION QUE SE REALIZA CON LA ADMINISTRACIÓN Y CON LA PRESENCIA A LOS  DIFERENTES ESPACIOS PARA TRAER PROYECTOS QUE BENEFICIEN A LAS JUNTAS DE ACCIÓN COMUNAL 
07/09/2017,01,ASOCIACIÓN DE JUNTAS DE ACCIÓN COMUNAL Y VIVIENDA COMUNITARIA DE LA COMUNA UNO (ASOCOMUNAL UNO),Casa de Gobierno Santo Domingo Savio,SI,Bueno,Bueno,Bueno,Bueno,Bueno,No especifica,No especifica,"Planeación estratégica, Articulación con las JAC, Mesa Ambiental, Comite de cultura, Plan de salud, Acompañamiento en los procesos que se describen",NO,Sí,Sí,"Mujeres, Hombres, LGTBI, Adultos, Adultos Mayores, Victimas del conflicto, Población en Situación de Discapacidad",NO,No,SI,4,SI,Sí,Fortalecer la Convivencia,Trabajo con el sistema de salud,Capacitación a las JAC,Capacitación con personeria,Torneos,Festival del niño,Acompañamiento a convites,,,,,13,Sí,8,No presentan,No presentan,No presentan,,,,Sí,No,No,Sí,Empalme Parcial,SI,,,,,,,,Sí,Planeación en el territorio con la participación en la gestión y seguimiento del Plan del Desarrollo Local
12/11/2017,15,ASOCOMUNAL COMUNA 15 DE GUAYABAL,Calle- 6- n 56-22,SI,Bueno,Bueno,No especifica,No especifica,No especifica,No especifica,No especifica,Acompañamiento a las diferentes JAC territorio.,SI,Sí,Sí,"Mujeres, Hombres, LGTBI, Jóvenes, Adultos, Adultos Mayores, Victimas del conflicto",SI,Sí,SI,1,NO,No,"Mejorar la Infraestructura, Mejorar condiciones Medioambientales, Promover la productividad y el emprendimiento.","comisión de salud copacos,  gestión de recursos  para impacto en el territorio, campañas con comunidad en inclusión, derechos humanos activos en territorio con la administración.", priorización de recursos.," gestión de recursos  para impacto en el territorio campañas con comunidad en inclusión, derechos humanos activos en territorio con la administración. ",,,,,,,,10,Sí,4,13-07-2004,9-12-2008,15-10-2008,,,,Sí,Sí,No,Sí,Empalme Total,SI,SI,SI,SI,SI,SI,SI,SI,Sí,Como parte activa de todos los procesos territoriales entre administración y comunidad.
01/09/2017,10,ASOCOMUNAL DIEZ LA CANDELARIA,Carrera 48  38-16,SI,Bueno,Bueno,Bueno,Bueno,Bueno,"Centro Día, Museo Casa de La Memoria y Casa LGTBI",Bueno,"Acompañamiento a organizaciones de primer grado (JAC´s), Asesoría, acompañamiento y Capacitación, intervención en el tema de conflictos",SI,Sí,Sí,"Mujeres, Hombres, LGTBI, Jóvenes, Adultos, Adultos Mayores, Victimas del conflicto",SI,Sí,SI,5,SI,No,"Mejorar condiciones Medioambientales, Mejorar el acceso a los derechos, Fortalecer la Convivencia, Cultura",Brigadas en asambleas y jornadas de salud,Convenios con entidades educativas,"Promoción grupo danzas, invitación a capacitaciones en diferentes espacios, empoderamiento de espacios públicos",Participación torneos deportivos,Bazares,"Programas de hátitat, Vivero",Acuerdos de conversatorios,,,,15,Sí,4,30/07/2016,,07/07/2017,04/08/2017,,,Sí,Sí,No,Sí,Empalme Total,SI,SI,SI,SI,SI,SI,SI,SI,Sí,Con la participación activa en los diferentes espacios de deliberación y toma de decisiones
21/10/2017,80,ASOCOMUNAL SAN ANTONIO DE PRADO,No especifica,SI,Bueno,Regular,Bueno,No especifica,No especifica,No especifica,No especifica,"Visitas de Diagnósticas a las JAC,  Articulación, apoyo económico  y asesoría a las JAC, y al colectivo de mujeres",SI,Sí,Sí,"Mujeres, Hombres, Adultos, Adultos Mayores, Victimas del conflicto",SI,Sí,SI,5,NO,No,"Mejorar la Infraestructura, Mejorar condiciones Medioambientales, Promover la productividad y el emprendimiento., Mejorar el acceso a los derechos, Fortalecer la Convivencia",,,,,,,,,ACCIONES TRANSVERSALES QUE FORTALEZCAN LAS ORGANIZACIONES COMUNALES.,UN CONVENIO CON EL PARQUE BIBLIOTECA JOSÉ HORACIO BETANCUR,15,Sí,6,23 DE MAYO DEL  2017,NO SE PRESENTÓ,NO SE PRESENTÓ,15/05/2017,,Las actas se llevan en medios magnéticos,Sí,Sí,No,Sí,Empalme Parcial,,,,,,,,,Sí,"Generar Confianza en la JAC, Articular sector público y privado, generar convivencia dentro de las organizaciones comunales."
16/09/2017,09,BARRIO ÁVILA,CR 28B #38F - 05,SI,Bueno,No especifica,No especifica,Regular,No especifica,CENTRO DE SALUD,Bueno,"SE TRABAJA POR LAS NECESIDADES DE LOS HABITANTES DEL TERRITORIO, EN TODAS LAS ACTIVIDADES QUE SE PLANEAN SE TIENEN EN CUENTA LA COMUNIDAD. ",SI,Sí,Sí,"Mujeres, Hombres, LGTBI, Jóvenes, Adultos, Adultos Mayores",SI,Sí,SI,5,SI,Sí,"Mejorar la Infraestructura, Mejorar condiciones Medioambientales, Promover la productividad y el emprendimiento., Mejorar el acceso a los derechos, Fortalecer la Convivencia","BRIGADAS DE SALUD, CÇVACUNACIÓN, MASCITAS, ",CURSOS DE INGLES,,"CLUB JUVENIL, ESCUELA DE FÚTBOL, JUSTAS DEPORTIVAS",RECREO COMUNA,"INTERVENCIONES MEDIOAMBIENTALES, CAPACITACIONES SOBRE RESIDUOS SÓLIDOS, MASCOTAS.",,MUSICAL NAVIDEÑO,,,14,Sí,3,07/06/2017,,,09/07/2017,,,Sí,Sí,No,Sí,Empalme Total,SI,SI,SI,SI,SI,SI,SI,SI,Sí,"SE INCIDE DESDE VARIOS ÁMBITOS COMO: LA INFRAESTRUCTURA, LA CULTURA, MEDIO AMBIENTE, ENTRE OTROS, LA COMUNIDAD SE SIENTE MUY INTERESADA POR TODOS LOS PROCESES QUE SE GESTAN EN EL RADIO DE ACCIÓN."
02/09/2017,80,BARRIO LOS HALCONES,"CRA 75 B # 41 SUR 60 INT 201,  ",SI,No especifica,Bueno,No especifica,No especifica,Bueno,Amigos por la PAZ,Bueno,"COMISIONES DE PP,  TOMAS RECREATIVAS",SI,Sí,Sí,"Mujeres, Hombres, Jóvenes, Adultos, Adultos Mayores",SI,Sí,SI,1,SI,No,"Mejorar la Infraestructura, Mejorar el acceso a los derechos","Salud Visual,  vacación para niños",,,"Equipo de futbol del barrio, ",Tomas recreativas con el INDER.,,,,,,14,Sí,3,Mayo 2017,Julio 2017,Agosto 2017,,,,Sí,Sí,No,Sí,Empalme Total,SI,SI,SI,SI,NO,SI,NO,NO,Sí,"Ser un puente para informar a la comunidad de las diferentes oportunidades y convocatorias que ofrece la Alcaldia y el sector privado,"
16/09/2017,08,BARRIO 13 DE NOVIEMBRE,Calle 56HG Nº 17A - 112,SI,Regular,No especifica,No especifica,No especifica,No especifica,"Telecentro, Aula ambiental",Regular,"Eventos culturales, convocatorias, asambleas, convites",SI,Sí,Sí,"Mujeres, Hombres, Jóvenes, Adultos, Adultos Mayores, Afrodescendientes, Victimas del conflicto",SI,Sí,SI,2,SI,Sí,"Mejorar la Infraestructura, Mejorar condiciones Medioambientales, Mejorar el acceso a los derechos, Fortalecer la Convivencia, Acceso a la tecnología TIC",Programas de capacitación en salud,"Curso comunal, semilleros de teatro baile grafiti fotografía, telecentro",Fiestas 13 de noviembre,Torneo micro futbol,Días de sol,Recolección de escombros,Celebración días especiales,Fiestas 13 de noviembre,,,15,Sí,7,22/08/2017,"22/10/1993 Solo tienen la sede, no tienen mas bienes registrados",11/09/2017,11/09/2017,,,Sí,Sí,Sí,Sí,Empalme Total,SI,SI,SI,SI,SI,SI,SI,SI,Sí,"Generando espacios de participación en ámbitos sociales, culturales, deportivos y toma de decisiones "
31/08/2017,13,BARRIO 20 DE JULIO ,Calle 39A No. 108-08,SI,Bueno,No especifica,No especifica,No especifica,No especifica,"""La sede social no es usada por ellos, esta se encuentra en comodato por una fundación""",Bueno,"""Reuniones y articulaciones con actores del territorio""",SI,Sí,Sí,"Mujeres, Hombres, LGTBI, Adultos Mayores, Afrodescendientes, Población en Situación de Discapacidad",SI,Sí,SI,2,NO,No,"Mejorar la Infraestructura, Mejorar condiciones Medioambientales, Promover la productividad y el emprendimiento., Mejorar el acceso a los derechos, Fortalecer la Convivencia",Promoción y prevención en salud visual y ortodoncia articulados con la secretaria de salud,Se gestionan las becas de Sapiensa,Se realiza actividades dirigidas a toda la comunidad en mejoramiento de la calidad de vida y se realiza las fiestas del 20 de julio donde se incluye la comunidad en general.,Se realiza actividades para los jóvenes en torneos donde a través del juego se trabajan los valores,Con acciones positivas y prepositivas que incidan en el desarrollo integral y mejoramiento de la calidad de vida de los habitantes.,Embellecimiento de la quebrada y limpieza mediante convites.,No refieren,Procesos de articulación con el arte,No refieren,Ver las antes mencionadas,14,Sí,3,25/07/2016,No tienen enseres el libro esta vació ,12/07/2017 ,01/01/2016,,N/A,Sí,No,No,Sí,No Empalme,NO,NO,NO,NO,NO,NO,NO,NO,Sí,"""Trasladando los beneficios de la Administración Municipal, gestionando recursos para la salud, educación, deporte, recreación etc."""
02/10/2017,09,BARRIO ALEJANDRO ECHAVARRIA,CR 15# 50 - 63 ,SI,No especifica,No especifica,No especifica,No especifica,No especifica,No especifica,No especifica,"SE BRINDA INFORMACIÓN OPORTUNA, HAY ACOMPAÑAMIENTO EN LOS DIFERNTES ÁMBITOS DEL DESARROLLO.",SI,Sí,Sí,"Mujeres, Hombres, LGTBI, Jóvenes, Adultos, Adultos Mayores",SI,Sí,SI,3,SI,No,"Mejorar la Infraestructura, Mejorar condiciones Medioambientales, Promover la productividad y el emprendimiento., Mejorar el acceso a los derechos, Fortalecer la Convivencia","BRIGADAS DE SALUD, ORIENTACIÓN A LA COMUNIDAD SOBRE EL SISBEN, CAMPAÑAS DE VACUNACIÓN.","JUSTAS DEPORTIVAS, FESTIVAL INFANTIL.",,,,CAMPAÑAS MEDIOAMBIENTALES Y FUMIGACIONES ,,NOVENAS NAVIDEÑAS.,,,14,Sí,3,17 Y 18 DE ABRIL DEL 2016,,,28/07/2017,,,Sí,Sí,No,Sí,Empalme Total,SI,SI,SI,SI,SI,SI,SI,SI,Sí,"GESTIONANDO LOS PROYECTOS DEL BARRIO, TRAMITANDO TODO TIPO DE INFORMACIÓN NECESARIA DEL BARRIO, ATENDIENDO LA COMUNIDAD."
25/08/2017,05,BARRIO ALFONSO LÓPEZ SECTOR LA QUINTANA,CR 71 A No89 B-40,SI,Regular,Regular,No especifica,No especifica,No especifica,No especifica,No especifica,"REALIZAN ACCIONES COMO: FESTIVAL COMETA, FIESTA DEL NIÑO, ALFONSO LOPEZ TIENE TALENTO, NOCHES DE CINE ",NO,Sí,Sí,"Mujeres, Hombres, Adultos, Adultos Mayores",SI,Sí,NO,formulación y gestión de proyectos,NO,Sí,Mejorar la Infraestructura,,,,,,,,,,,9,Sí,3,29-112016,,30-022016,19/08/2017,,,Sí,No,No,Sí,No Empalme,NO,SI,SI,SI,SI,SI,SI,SI,Sí,RESOLVIENDO LAS PROBLEMÁTICAS DEL BARRIO ALFONSO LOPEZ
19/09/2017,05,BARRIO ALFONSO LÓPEZ SECTOR LA QUINTANA,carrera 71c No 89A-13,SI,Bueno,No especifica,No especifica,No especifica,No especifica,No especifica,No especifica,No existe evidencia de nada ,NO,Sí,Sí,"Mujeres, Hombres, Adultos, Adultos Mayores",NO,No,NO,formulación y gestión de proyectos,NO,Sí,NINGUNA ,,,,,,,,,,,14,Sí,3,,,,,,,No,No,No,Sí,No Empalme,NO,SI,SI,SI,SI,SI,SI,SI,Sí,"no hay evidencia alguna de trabajo en la comisiones, junta directiva, ni mucho menos en el barrio Alfonso Lopez"
07/09/2017,07,BARRIO ALTAMIRA,calle 77c n°75-100,SI,No especifica,No especifica,No especifica,No especifica,Bueno,No especifica,No especifica,"asambleas, reuniones, bazares, convites, integración",SI,Sí,Sí,"Mujeres, Hombres, Jóvenes, Adultos, Adultos Mayores",SI,Sí,SI,3,NO,Sí,"Mejorar la Infraestructura, Mejorar condiciones Medioambientales, Promover la productividad y el emprendimiento.",,,,,recreando,convites,,bazar,bazar productivo,,12,Sí,4,marzo 2017,no se tiene,25 agosto de 2017,26/05/2017,,,Sí,No,No,Sí,Empalme Parcial,SI,SI,SI,SI,SI,SI,SI,SI,Sí,"en l atransformacion en cuanto a la educación, cultura, seguridad y trabajo articulado con otras instituciones"
01/10/2017,02,BARRIO ANDALUCIA,CARRERA 49A No. 106-74 ,SI,Regular,Bueno,No especifica,No especifica,Bueno,No especifica,No especifica,"CAPACITACIONES ADULTO MAYOR Y NIÑOS CON DISCAPACIDAD COGNITIVA, BANDA MARCIAL, TALLERES DE MANUALIDADES Y VALORES PARA LOS NIÑOS, CAMPEONATO DE FUTBOL SALA ",SI,No,Sí,"Mujeres, Hombres, Jóvenes, Adultos, Adultos Mayores, Victimas del conflicto",NO,No,SI,2,NO,No,"Mejorar la Infraestructura, Mejorar condiciones Medioambientales, Promover la productividad y el emprendimiento., Mejorar el acceso a los derechos, Fortalecer la Convivencia",VISUAL,CAPACITACIONES,,CAMPEONATOS,"LUDICAS CON LOS NIÑOS, TOMAS RECREATIVAS","SIEMBRA DE ARBOLES, LIMPIEZA DE CAÑADAS",,BANDA MARCIAL,,,9,Sí,5,03 DE MAYO DE 2017,01 DE JULIO DE 2017,"NO SE PRESENTO QUE PORQUE LA TESORERA QUE ESTA A DOC, LO TIENE EN PARTICIPACION PORQUE ADELANTA UNA CAPACITACIÓN   ",,"BANCOS: 31 DE MARZO DE 2012,  ",NO SE PRESENTO LIBRO DE ACTAS,Sí,No,No,Sí,Empalme Parcial,NO,NO,SI,NO,NO,NO,SI,NO,Sí,"INFRAESTRUCTURA, CULTURA, DEPORTE, EMPRENDIMEINTO"
28/08/2017,13,BARRIO ANTONIO NARIÑO,Cra 107 No. 43-46,SI,Regular,Bueno,No especifica,No especifica,No especifica,La sede regular estado ,Regular,"""Trabajo comunitario que se realiza con los comités de trabajo de la JAC",SI,Sí,Sí,"Mujeres, Hombres, LGTBI, Jóvenes, Adultos, Adultos Mayores, Población en Situación de Discapacidad",SI,Sí,SI,3,SI,Sí,"Mejorar la Infraestructura, Mejorar condiciones Medioambientales, Promover la productividad y el emprendimiento., Mejorar el acceso a los derechos, Fortalecer la Convivencia",Promoción y prevención en salud visual y ortodoncia articulados con la secretaria de salud,Se gestionan las becas de Sapiensa,Se realiza actividades dirigidas a toda la comunidad en mejoramiento de la calidad de vida,Articulación con el Inder ,"Se realiza actividades para la celebración del día del niño, de la mujer, madres etc.","Aseo a quebradas, recolección de basuras etc.",,"Teatro, cine foro etc.",Mejoramiento de vías en infraestructuctura ,Ver antes mencionado,9,Sí,4,16/04/2016,03/08/2016,30/07/2016,16/01/2017,N/A,Ninguno,Sí,Sí,No,Sí,Empalme Total,SI,SI,SI,SI,SI,SI,SI,SI,Sí,"""Se ha realizado gestión con las diferentes secretarias con educación, sapiensa, quien ha tenido incidencia positiva con los 16 estudiantes becados, en recreación se articula la población con el fin de promover aprovechamiento del tiempo libre. etc.""..."
13/09/2017,07,BARRIO AURES DOS SEC. ROMERAL VILLA SOFIA,cra 92b 83-09,SI,No especifica,No especifica,Bueno,No especifica,No especifica,No especifica,No especifica,"Dinamiza las acciones del estado en materia de ejecución de recursos, actividades de integración",SI,Sí,Sí,"Mujeres, Hombres, Jóvenes, Adultos, Adultos Mayores, Afrodescendientes",SI,Sí,SI,3,SI,No,"Mejorar la Infraestructura, Mejorar condiciones Medioambientales, Promover la productividad y el emprendimiento.",,talleres de emprendimiento,,,,,,,,,15,Sí,5,16/04/2016,12/24/2010,,10/10/2016,,,Sí,No,No,Sí,No Empalme,SI,SI,SI,SI,SI,SI,SI,SI,Sí,"tramitacion de problemas básicos, encuentros, dinamizacion de ejecuciones"
27/09/2017,07,BARRIO AURES NRO. 1,cll 78a # 93a- 31,SI,Bueno,Bueno,No especifica,No especifica,No especifica,No especifica,No especifica,"Gestiones sociales, dinamización de actividades a traves de la sede social",SI,Sí,Sí,"Mujeres, Hombres, Adultos, Adultos Mayores",SI,Sí,SI,2,SI,No,"Mejorar la Infraestructura, Mejorar condiciones Medioambientales, servicios públicos",prótesis dentales,,bono alimentario,"aerobicos, karate",,,,,,,12,Sí,1,03/05/2017,11/10/2015,11/06/2015,06/08/2016,,,Sí,Sí,No,Sí,Empalme Total,NO,NO,,,NO,NO,,NO,Sí,Gestión de trabajo  comunitario para necesidades básicas
29/08/2017,07,BARRIO AURES NO 2,calle 87 n° 95-64,SI,Bueno,No especifica,No especifica,No especifica,No especifica,No especifica,No especifica,convites,NO,Sí,Sí,"Mujeres, Hombres, Jóvenes, Adultos, Adultos Mayores",NO,Sí,SI,2,NO,No,"Mejorar la Infraestructura, Mejorar condiciones Medioambientales",,,,,,siembra de árboles,,,construcción de andenes,,11,Sí,3,16/04/2016,no registra,no se aporta,11/06/2017,,,Sí,No,No,Sí,Empalme Parcial,NO,,NO,NO,,,,,No,El técnico social no manifiesta observaciones.
27/08/2017,60,SECTOR BALMORAL DE LA PARTE CENTRAL,Cra 127 N° 61 A 173,SI,No especifica,Bueno,No especifica,Bueno,No especifica,"Telecentro, biblioteca",Bueno,"Asambleas informativas y de elecciones, censo poblacional, convites de limpieza de quebradas, poda de arboles, actividades ludicas, gimnasia para la comunidad, celebración navideña",SI,Sí,Sí,"Mujeres, Hombres, Jóvenes, Adultos, Adultos Mayores",SI,Sí,SI,1,NO,No,"Mejorar la Infraestructura, Mejorar condiciones Medioambientales, Promover la productividad y el emprendimiento., Mejorar el acceso a los derechos, Fortalecer la Convivencia","Promocion y prevencion: anteojos, ortodoncia,protesis","Becas colegio mayor, ITM con presupuesto de PP","Programas con el adulto mayor, niños y jovenes",Torneos con jovenes,Gimnasia y salidas recreativas con el adulto mayor,Limpieza quebrada,Caminatas,Desfile de silleteros,,,15,Sí,3,24/05/2017,,28/112/2016,11/08/2017,,,Sí,Sí,No,Sí,Empalme Total,SI,SI,SI,SI,SI,SI,SI,SI,Sí,"Incide en el cuidado del medio ambiente concientizando a la comunidad por medio de limpieza, convites comunitarios, en la promocion y prevencion en salud, mejoramiento de la calidad de vida generando oportunidades de capacitacion a los jovenes, recreacion a los adultos, actividades ludicas."
01/11/2017,05,BARRIO BELALCÁZAR,CALLE 103- 64A-08,NO,Bueno,Bueno,No especifica,No especifica,No especifica,No especifica,No especifica,"REALIZANDO ACCIONES EN CULTURA , TRABAJO CON NIÑOS, AYUDANDO A LA COMUNIDAD EN LAS NECESIDADES QUE SE PRESENTAN EN EL BARRIO ",NO,Sí,Sí,"Mujeres, Hombres, Adultos",SI,Sí,SI,3,NO,Sí,"Mejorar la Infraestructura, Mejorar el acceso a los derechos",REVISIÓN OFTALMOLÓGICA ,,,,"JUEGOS CON LOS NIÑOS, DANZAS, TENIS DE MESA,  ","SIEMBRA DE ARBOLES, RECICLAJE,   ",,,,,14,Sí,6,16-04-2016,,,19/07/2017,,,Sí,Sí,No,Sí,Empalme Total,SI,SI,SI,SI,SI,SI,SI,SI,Sí,"CON EL TRABAJO QUE SE REALIZA A NIVEL COMUNITARIO, TRATANDO DE DAR SOLUCIONES A LOS DIFERENTES PROBLEMAS QUE SE PRESENTAN EN EL BARRIO."
31/10/2017,16,BARRIO BELÉN ZAFRA SUCRE,Calle 21 # 84B2,SI,Bueno,Bueno,No especifica,No especifica,No especifica,No especifica,No especifica,"La organización para obtener legitimidad en el ario realiza asambleas, actividades de jornadas de aseo, celebra el día de los niños, la navidad y actividades que integren la familia.",SI,Sí,Sí,"Mujeres, Hombres, Jóvenes, Adultos, Adultos Mayores, Afrodescendientes, Victimas del conflicto, Población en Situación de Discapacidad",SI,Sí,SI,6,SI,No,"Mejorar la Infraestructura, Mejorar condiciones Medioambientales, Promover la productividad y el emprendimiento., Fortalecer la Convivencia","Jornadas y brigadas de salud, vacunación para mascotas.",Becas de presupuesto participativo,,Justas deportivas con la Polilla,Cuadras recreativas con el INDER,"Jornadas de aseo, siembra y limpieza.",Talleres de convivencia.,,,,11,Sí,3,16 de abril de 2017,30 de junio de 2013,5 de nov de 2013,06/08/2017,,,Sí,Sí,No,Sí,No Empalme,NO,NO,NO,NO,NO,NO,NO,NO,Sí,La junta de acción comunal incide en el territorio con sus acciones y el trabajo con la comunidad.
15/09/2017,03,BARRIO BELLO ORIENTE,Carrera 23 B # 84 B 285,SI,Regular,Regular,No especifica,No especifica,Bueno,Casa Comunitaria,Regular,"Gestiones en infraestructura, desastres y medio ambiente ",NO,Sí,No,"Mujeres, Hombres, Adultos, Adultos Mayores, Victimas del conflicto",SI,No,SI,2,SI,No,"Mejorar la Infraestructura, Mejorar condiciones Medioambientales",,,,,Inder,recolección de basuras ,,,Infraestructura,"escalas, pasamanos y puentes",5,Sí,4,Abril 2016,Febrero 2017,Mayo 2016,05/07/2017,,,Sí,No,No,Sí,No Empalme,NO,NO,NO,NO,NO,NO,NO,NO,Sí,"Aunque la junta está atravesando problemas con sus dignatarios, los que trabajan siempre están comprometidos con las necesidades de esta comunidad tan necesitada "
29/10/2017,15,BARRIO BETANIA-GUAYABAL,Calle sur n 51-21 int- 201,SI,No especifica,No especifica,No especifica,No especifica,No especifica,No especifica,No especifica,"Asambleas, actividades lúdico recretivas, ambientales, acompañamientos a campañas de salud.",SI,Sí,Sí,"Mujeres, Hombres, LGTBI, Jóvenes, Adultos, Adultos Mayores",SI,Sí,SI,2,SI,No,"Mejorar la Infraestructura, Mejorar condiciones Medioambientales, Promover la productividad y el emprendimiento., Fortalecer la Convivencia",Acompañamiento a campañas de prótesis.,Talleres asesoría en educación superior.,Talleres de manualidades con discapacitados.,"Juegos tradicionales, torneos.",Tardes recreativas.,Jornadas de limpieza.,,Jornadas culturales con grupos del radio acción.,,,14,Sí,6,20-08-2012,,,30/08/2017,,,Sí,Sí,No,Sí,Empalme Total,NO,SI,SI,SI,SI,SI,SI,SI,Sí,"Actividades con la comunidad, en salud, recreación, medio ambiente"
12/09/2017,05,BARRIO BOYACÁ,CALLE 109 No 64D 153,NO,Bueno,Regular,No especifica,No especifica,No especifica,No especifica,No especifica,"FIESTA DE LOS NIÑOS, ARREGLO DE PARQUES CON FUNDACIÓN NUTRESA, PINTADA DE LOS JUEGOS RECREATIVOS,CAMPAÑA CON LA CRUZ ROJA, CLASES Y TALLERES DE PINTURA ",SI,Sí,Sí,"Mujeres, Hombres, LGTBI, Jóvenes, Adultos, Adultos Mayores",SI,Sí,SI,3,SI,Sí,"Mejorar la Infraestructura, Mejorar condiciones Medioambientales, Mejorar el acceso a los derechos",JORNADAS DE SALUD ,,,,RECREANDO CON EL INDER ,,,,,,14,Sí,2,06-04-2017,,,,,,Sí,Sí,No,Sí,Empalme Total,SI,SI,SI,SI,SI,SI,SI,SI,Sí,CON ACCIONES DIRIGIDAS A MEJORAR LAS CONDICIONES DE VIDA DE LOS HABITANTES DEL BARRIO BOYACA 
15/09/2017,09,BARRIO BRISAS DE ORIENTE,CR 2AG # 46DD - 04,SI,Bueno,Bueno,No especifica,No especifica,No especifica,No especifica,No especifica,"ASAMBLEAS INFORMATIVAS, JORNADAS AMBIENTALES, RECREATIVAS, GRUPO DE INCLUSIÓN SOCIA Y SOCIOCULTURALES.",SI,Sí,Sí,"Mujeres, Hombres, LGTBI, Jóvenes, Adultos, Adultos Mayores, Afrodescendientes",SI,Sí,SI,4,NO,No,"Mejorar la Infraestructura, Mejorar condiciones Medioambientales, Promover la productividad y el emprendimiento., Mejorar el acceso a los derechos, Fortalecer la Convivencia","BRIGADAS DE SALUD PARA PERROS Y GATOS, TOMAS AMBIENTALES CON RECREACIÓN, ","CONVENIO CON EL SENA PEOGRAMAS TÉCNICOS Y TECNOLÓGICOS,  ",,KUNFU,,"JORNADAS DE ASEO Y ORNATO, ACOPIOS DE BASURA ",,CURSOS DE CIRCO Y TEATRO.,,,15,Sí,4,27/08/2017,,,27/08/2017,,,Sí,No,No,Sí,Empalme Parcial,NO,SI,SI,SI,SI,SI,SI,SI,Sí,"A NOVEL EDUCATIVO, AMBIENTAL, SE INCENTIVA LA PARTICIPACIÓN, SE LOGRO QUE LA COMUNIDAD SE APROPIE MAS DEL TERRITORIO."
18/09/2017,05,BARRIO BRISAS DEL NORTE,CARRERA 67B No 119-04,SI,Regular,No especifica,No especifica,No especifica,No especifica,No especifica,No especifica,"TRABAJO EN LA COMISIÓN DE MEDIO AMBIENTE EN LAS CANCHAS DEL BARRIO, SE REALIZARON GESTIONES PARA EL MEJORAMIENTO DE LAS CALLES DEL BARRIO, MANTENIMIENTO DE LA QUEBRADA CON EL AREA METROPOLITANA ",SI,Sí,Sí,"Mujeres, Hombres, Jóvenes, Adultos, Adultos Mayores",SI,Sí,SI,3,NO,Sí,"Mejorar la Infraestructura, Mejorar condiciones Medioambientales",JORNADAS DE SALUD ,,,,,BRIGADAS DE LIMPIEZA ,,,,,11,Sí,3,25-08-2017,,30-07-2017,,,,Sí,No,No,Sí,No Empalme,NO,NO,NO,NO,NO,NO,NO,NO,Sí,"ATACAR LAS NECESIDADES MARCADAS EN EL BARRIO, CON LA ARTICULACIÓN CON LAS DEPENDENCIAS DE LA ALCALDÍA Y LA EJECUCIÓN DEL LOS PLANES DE TRABAJO "
06/10/2017,09,BARRIO BUENOS AIRES,CR 33 # 46 - 38,NO,No especifica,Bueno,No especifica,No especifica,No especifica,No especifica,No especifica,"TRABAJO CON EL ADULTO MAYOR, INTEGRACIONES FAMILIARES, INTEGRACIONES DE SEGURIDAD, ACTITUD PUERTA A PUERTA, ACTIVIDADES DE NAVIDAD CONCERTADA CON LA IGLESIA, CONVENIO LABOR SOCIAL I,E .",SI,Sí,Sí,"Mujeres, Hombres, LGTBI, Jóvenes, Adultos, Victimas del conflicto",SI,Sí,NO,formulación y gestión de proyectos,NO,No,"Mejorar el acceso a los derechos, Fortalecer la Convivencia","PROGRAMAS DE ADULTO MAYOR, ADOLESCENTES, FARMACOLOGÍA, BIENESTAR ANIMAL.",,"CONVENIOS DE ALFABETIZACIÓN, EDUCACIÓN, LECTURA Y ESCRITURA, APOYO A LAS FAMILIAS PARA REINGRESAR A LOS HIJOS A SUS ESTUDIOS.",,RECREACIÓN PARA NIÑOS  ,,,DÍA DE LA FAMILIA ,,,16,Sí,6,,,03/09/2017,05/10/2017,,,Sí,Sí,No,Sí,No Empalme,NO,NO,NO,NO,NO,NO,NO,NO,Sí,"GENERANDO PROCESOS DE FORTALECIMIENTO DE VECINDAD, FORTALECIENDO GRUPOS RECONOCIDOS EN EL TERRITORIO."
12/09/2017,09,BARRIO CAICEDO,CL 51# 32 - 83,SI,No especifica,Regular,No especifica,No especifica,No especifica,No especifica,No especifica,"EVENTOS CULTURALES, CONTACTO CON LA COMUNIDAD, PUENTE ENTRE LA COMUNIDAD Y LAS INSTITUCIONES.",SI,Sí,Sí,"Mujeres, Hombres, LGTBI, Jóvenes, Adultos, Adultos Mayores, Victimas del conflicto, Población en Situación de Discapacidad",SI,Sí,SI,5,SI,No,"Mejorar la Infraestructura, Mejorar condiciones Medioambientales, Mejorar el acceso a los derechos, Fortalecer la Convivencia",BRIGADAS DE SALUD,APOYO A LA EDUCACIÓN SUPERIOR,AYUDA A LOS HABITANTES DE LA CALLE ,SOSTENIMIENTO DE PARQUES,ACTIVIDADES PARA LOS NIÑOS ,,,,,,16,Sí,6,,,,,,,Sí,Sí,No,Sí,Empalme Parcial,SI,NO,NO,SI,NO,SI,SI,NO,Sí,"DESDE LA GESTIÓN ANTE LA INSTITUCIONALIDAD, LA EDUCACIÓN, APECTOS DE LOS PARQUES, ARTICULACIÓN DE LOS NODOS DE LA COMUNA"
13/09/2017,12,BARRIO CALASANZ,Calle 49 N° 81 - 54,SI,Bueno,Bueno,No especifica,No especifica,No especifica,No especifica,No especifica,"Jornadas de Integración con la Comunidad, Jornadas ambientales, capacitación a diferentes grupos poblacionales",NO,Sí,Sí,"Mujeres, Hombres, Jóvenes, Adultos, Adultos Mayores",NO,No,SI,3,SI,No,"Mejorar la Infraestructura, Mejorar condiciones Medioambientales, Mejorar el acceso a los derechos",,,,,,Medio Ambiente: recuperación del Parque Jhon F Kenedy y limpieza del mismo y manejo responsable de mascotas.,,,,,8,No,No aplica,25/11/2016,"No hay libro, hay carpeta sin registrar en la Secretaría de Participación",10 de octubre de 2016,,las actas las registran en carpeta sin registrar,,Sí,No,No,Sí,Empalme Total,SI,NO,SI,SI,,SI,SI,SI,Sí,"Mejoramiento de sus espacios, orientación y capacitación en temas de movilidad, motivación para la participación y toma de los parques existentes en el barrio y embellecimiento de espaciospúblicos"
16/09/2017,60,BARRIO CARACOLI,Cra 61 B N° 124 C 23,NO,Bueno,No especifica,No especifica,No especifica,No especifica,Placa Polideportiva,Bueno,"Asambleas, actividades deportivas, recreativas, convites de limpieza",SI,Sí,Sí,"Mujeres, Hombres, Jóvenes, Adultos, Adultos Mayores",SI,Sí,SI,1,SI,No,"Mejorar condiciones Medioambientales, Promover la productividad y el emprendimiento., Mejorar el acceso a los derechos, Fortalecer la Convivencia","Promoción y prevención, vacunacion mascotas","Capacitación microempresarial, capacitación tesoreros",Programa deportivo con personas en condicion de discapacidad,"Microfutbol, aeerobicos",Recreando con el INDER,Programa de Reciclaje,Mesa de trabajo,,,,16,Sí,4,17/06/2016,,11/09/2017,16/08/2017,,,Sí,Sí,No,Sí,Empalme Total,SI,SI,SI,SI,SI,SI,SI,SI,Sí,"Incide en el mejoramiento de calidad de vida de las personas en condición de discapacidad, genera oportunidades a los jovenes y adultos mayores de capacitación y emprendimiento"
18/08/2017,05,BARRIO CASTILLA LA UNIÓN,Cra 68 # 92F 00,SI,Regular,Bueno,No especifica,No especifica,No especifica,No especifica,No especifica,"BMX Festival, MERCADOS DE LAS PULGAS",SI,Sí,Sí,"Mujeres, Hombres, Jóvenes, Adultos, Adultos Mayores, Victimas del conflicto",SI,Sí,SI,2,SI,No,"Mejorar el acceso a los derechos, Fortalecer la Convivencia",,,,"Pre Pony, Selección niño",toma de cuadra recreativa,,,"cuentería, encuentro de voces",,,11,Sí,3,23/09/2010,,26/05/2015,,,,Sí,Sí,No,Sí,Empalme Parcial,SI,SI,SI,SI,SI,SI,SI,SI,No,El técnico social no manifiesta observaciones.
14/09/2017,09,BARRIO CATALUÑA,CL 37 # 24D - 14,SI,Bueno,No especifica,No especifica,No especifica,No especifica,No especifica,No especifica,"SE VISITAN LAS PERSONAS PUERTA A PUERTA, SE GESTIONA ACTIVIDADES AMBIENTALES, INFRAESTRUCTURA ( PASAMANOS) MEJORA DE PUNTOS CRÍTICOS.",SI,Sí,Sí,"Mujeres, Hombres, Jóvenes, Adultos, Adultos Mayores, Población en Situación de Discapacidad",SI,Sí,SI,2,SI,No,"Mejorar la Infraestructura, Mejorar condiciones Medioambientales, Promover la productividad y el emprendimiento., Mejorar el acceso a los derechos, Fortalecer la Convivencia",PL Y PP ( GAFAS Y IMPLANTE DE DIENTES) DEMAS OFERTA INSTITUCIONAL DE SALUD,,,EQUIPOS DEPORTIVOS,,JORNADAS DE SALUD AMBIENTAL,,FIESTAS NAVIDEÑAS ,,,16,Sí,6,,,24/12/2016,,,,Sí,Sí,No,Sí,Empalme Parcial,SI,NO,NO,NO,SI,SI,SI,NO,Sí,"SE GENERA IMPACTO SOCIAL EN VENEFICIO DE LA COMUNIDAD EN TEMAS AMBIENTALES, CULTURALES, DEPORTIVOS Y EDUCATIVOS."
07/09/2017,08,BARRIO COLINAS DE ENCISO,Cra 24 Nº 57EE - 51,SI,Regular,Regular,No especifica,No especifica,No especifica,No especifica,No especifica,"Trabajar por el tema ambiental, demás problemáticas y demandas de la comunidad, rendiciones de cuenta, asambleas",SI,Sí,Sí,"Mujeres, Hombres, Jóvenes, Adultos, Adultos Mayores",SI,Sí,SI,1,SI,Sí,Mejorar condiciones Medioambientales,,,centro de vida,clases de karate y aerobicos ,,,grupo de ddhh,"Festival octarock, solidaridad y equidad",,,14,Sí,3,30 Junio 2017,"No tienen, solicitud SPC","Pendiente de actualizar, visita VIC",30/06/2017,,,Sí,Sí,Sí,Sí,Empalme Parcial,SI,SI,SI,SI,SI,SI,SI,SI,Sí,Se trabaja en pro de la comunidad pero se refleja muy poco la participación es baja y los problemas son de vieja data o larga data
23/09/2017,11,BARRIO LOS CONQUISTADORES,Calle 37  65D-25,SI,Bueno,Bueno,Bueno,No especifica,No especifica,"Edificio Torre Santos, Auditorio de Unicentro, Parques del río",Bueno,"Eventos mensuales: 1. Festival de la sostenibilidad, 2. Conquistarte, 3. Misa Campal, 4. Cultura al parque, 5. Charlas de actualidad",SI,Sí,Sí,"Mujeres, Hombres, Jóvenes, Adultos, Adultos Mayores, Victimas del conflicto",SI,Sí,SI,4,SI,No,"Mejorar la Infraestructura, Mejorar condiciones Medioambientales, Promover la productividad y el emprendimiento., Mejorar el acceso a los derechos, Fortalecer la Convivencia",Clubes de vida,Capacitación y charlas en medio ambiente ,Programas con otros barrios,Programas y torneos con el INDER,"Yoga, talleres de pintura y escultura","Charlas, festivales, calidad del aire",Conferencias,,,,15,Sí,4,24/01/2017,Diciembre de 2016,Septiembre de 2017,19/07/2017,,,Sí,Sí,No,Sí,No Empalme,NO,NO,NO,NO,NO,NO,NO,NO,Sí,"Con el mejoramiento de la calidad de vida de la comunidad, de acuerdo con el Plan de Desarrollo"
12/09/2017,07,BARRIO CÓRDOBA,calle 79a 68a-1,SI,No especifica,Bueno,No especifica,No especifica,No especifica,Parroquia,Bueno,"Recuperar la confianza, integracion con parroquia, dinamizadora de acciones institucionales",NO,Sí,Sí,"Mujeres, Hombres, Jóvenes, Adultos, Adultos Mayores, Afrodescendientes",SI,Sí,SI,2,NO,Sí,Mejorar la Infraestructura,tramite de beneficios en lentes y prótesis,tramite de becas,salidas recreativas,,,,,,,,13,Sí,3,NO HUBO EVIDENCIA,Sin fecha,07/06/2016,26/07/2016,,,Sí,Sí,No,Sí,Empalme Total,SI,SI,SI,SI,SI,SI,SI,SI,Sí,"La organización es en el territorio la articuladora de muchas acciones locales y gubernamentales
"
28/08/2017,12,BARRIO CRISTÓBAL,Carrera 86 N° 37 - 149,SI,Bueno,Bueno,No especifica,No especifica,No especifica,No especifica,No especifica,"Buscamos desarrollar acciones y actividades en diferentes ámbitos y mecanismos de participación; ej: Feria Ambiental, feria de la Antioqueñidad, procesos de formación, actividades culturales, Promoción y difusión de proyectos de PLy PP, entre otros.",SI,Sí,Sí,"Mujeres, Hombres, Jóvenes, Adultos, Adultos Mayores",SI,Sí,SI,3,NO,No,"Mejorar la Infraestructura, Mejorar condiciones Medioambientales, Promover la productividad y el emprendimiento., Mejorar el acceso a los derechos, Fortalecer la Convivencia",,Gestión de becas educación superior en Presupuesto Participativo.,,"Torneos de fútbol en varias categorías, cursos de natación",,,,Cursos de bailes,,,15,Sí,4,02/06/2017,06/07/2016,20/09/2017,,,,Sí,Sí,No,Sí,No Empalme,SI,SI,SI,SI,SI,SI,NO,NO,Sí,"En la protección al medio ambiente, continuidad de proyectos que transforman el territorio, programas culturales, formación académica, prevención en salud, sana convivencia"
21/09/2017,06,BARRIO DOCE DE OCTUBRE PARTE CENTRAL,Carrera 80 # 103 A 240,SI,Regular,Regular,Regular,Bueno,No especifica,No especifica,No especifica,"eventos en los parque, celebración día de los abuelos, festivales comunitarios, brigadas de salud, convites, cursos, fiestas del 12.",SI,Sí,Sí,"Mujeres, Hombres, LGTBI, Jóvenes, Adultos, Adultos Mayores, Afrodescendientes, Indigenas, Población en Situación de Discapacidad",SI,Sí,SI,7,NO,Sí,"Mejorar la Infraestructura, Mejorar condiciones Medioambientales, Promover la productividad y el emprendimiento., Fortalecer la Convivencia","Brigadas de salud visual y oral, consultas medicas, ENSURE (Vitaminas)","Capacitación en manicure y pedicure, salud ocupacional (PONAL), cursos de gastronomía, capacitación el dulceria",,"torneos deportivos, gimnasia","bingo recreativo, tomas recreativas","poda de arboles, recupración de puntos criticos, manejo de residuos solidos.",conversatorio por la pz,"festival destacando talentos, festival comunitarios, concursos del mejor pesebre, talleres culturales",Infraestrutura,"andenes, muro de contención",13,Sí,7,23-08-2017,no hay,14-09-2017,14/09/2017,,,Sí,No,No,Sí,No Empalme,NO,NO,NO,NO,NO,NO,NO,NO,Sí,articulando todos los sectores interviniendo para que transformen realidades y asi vivir dignamente.
24/09/2017,13,BARRIO EDUARDO SANTOS,Cl 43A No. 120D 84,SI,Regular,Regular,No especifica,No especifica,No especifica,La sede comunal esta en construcción,Regular,"""Integraciónes, semilleros de música, recreación, deporte de la SPC, centros de vida Gerontológico, Gimnasia, Actividad física y grupos de adulto mayor.",SI,Sí,Sí,"Mujeres, Hombres, Jóvenes, Adultos, Adultos Mayores, Población en Situación de Discapacidad",SI,Sí,SI,5,SI,No,"Mejorar la Infraestructura, Mejorar condiciones Medioambientales, Promover la productividad y el emprendimiento., Mejorar el acceso a los derechos",Promoción y prevención en salud visual y ortodoncia articulados con la secretaria de salud,Se gestionan las becas de Sapiensa,Se realiza actividades dirigidas a toda la comunidad en mejoramiento de la calidad de vida,Articulación con el Inder,"Se realiza actividades para la celebración del día del niño, de la mujer, madres etc.","Actividades de cuidado del medio ambiente, convites etc",,,N/A,Ver las antes mencionadas,15,Sí,4,11/1172016,"No esta en poder de la JAC y narra  2lo tiene un particular pero ya se va a  recuperar""",13/03/2016,03/07/2017,N/A,N/A,Sí,Sí,Sí,Sí,Empalme Parcial,SI,SI,NO,NO,SI,SI,SI,SI,Sí,"""Mejorando la calidad de vida con todos los programas integrales"""
11/10/2017,06,BARRIO EFE GÓMEZ,Calle 108 # 81-06,SI,Malo,No especifica,No especifica,No especifica,No especifica,No especifica,No especifica,"eventos (día del amor y la amistad, día de las madres, novenas navideñas, formación en el telecentro)",NO,Sí,Sí,"Mujeres, Hombres, Jóvenes, Adultos, Adultos Mayores",SI,Sí,SI,2,NO,No,"Mejorar la Infraestructura, Promover la productividad y el emprendimiento.",Brigadas de salud visual,"procesos de formación, telecentro",,,tomas recreativas,,,,,obras de infraestructura,16,Sí,4,No hay evidencias dado que en ocasiones pasadas todos los libros se mojaron y no hay modo alguno de rescatar la información.,No hay evidencias dado que en ocasiones pasadas todos los libros se mojaron y no hay modo alguno de rescatar la información.,No hay evidencias dado que en ocasiones pasadas todos los libros se mojaron y no hay modo alguno de rescatar la información.,,,,Sí,No,No,Sí,Empalme Total,SI,NO,NO,SI,NO,NO,NO,NO,Sí,con la promoción de los diferentes programas y actividades de las jac
25/10/2017,15,BARRIO EL BOLO,calle 12 sur n 53-283,SI,Bueno,No especifica,No especifica,No especifica,No especifica,No especifica,No especifica,"Asambleas festivales, fiesta de madres ,padres ,abuelos ,niños,pesebre comunitario, bingos viejo tecas para la participación.",SI,Sí,Sí,"Mujeres, Hombres, LGTBI, Jóvenes, Adultos, Adultos Mayores",SI,Sí,SI,1,NO,No,"Mejorar la Infraestructura, Mejorar condiciones Medioambientales, Promover la productividad y el emprendimiento., Mejorar el acceso a los derechos, Fortalecer la Convivencia",,"Acompañamiento a campañas visual, vacunas.",Fiestas de la tercera edad.,Escuela de futbol.,Grupos de baile.,,,Vivero eco huerta.,,,13,Sí,3,23-feb- 2007,23-feb-2007,23-feb- 2009,23/02/2017,,,Sí,Sí,No,Sí,Empalme Total,NO,NO,NO,NO,SI,NO,NO,NO,Sí,"Con los proyectos que se realizan integraciones, en pro del bienestar y desarrollo de la comunidad. "
01/10/2017,10,BARRIO EL CHAGUALO,Calle 61A  56-30,SI,Bueno,Bueno,No especifica,No especifica,Bueno,Parque de la vida,Bueno,"Socializaciones, actividades de los diferentes grupos, Gimnasia, apoyo a nivelación académica, artesanías",NO,Sí,Sí,"Mujeres, Hombres, Jóvenes, Adultos, Adultos Mayores",NO,Sí,SI,6,SI,Sí,"Mejorar la Infraestructura, Mejorar condiciones Medioambientales","Vacunas, gafas, campañas mascotas, prótesis, ortodoncia",Nivelación académica,,Campeonatos INDER,Gimnasia,Silvicultura,,,,,11,No,No aplica,12/04/2017,No presentan,01/01/2016,25/09/2014,,,Sí,No,No,Sí,Empalme Total,SI,SI,SI,SI,NO,SI,SI,SI,Sí,"Algunos dignatarios han realizado acciones aisladas, a pesar de que hay conflicto entre los dignatarios."
21/09/2017,01,BARRIO EL COMPROMISO,carrera 29# 97 BB - 17,SI,Bueno,Bueno,No especifica,No especifica,No especifica,No especifica,No especifica,"Actividades recreativas, deportivas y  educativas enfocadas a la comunidad",NO,Sí,Sí,"Mujeres, Hombres, LGTBI, Jóvenes, Adultos, Adultos Mayores, Victimas del conflicto, Población en Situación de Discapacidad",NO,No,SI,3,SI,No,"Mejorar la Infraestructura, Mejorar condiciones Medioambientales, Promover la productividad y el emprendimiento., Mejorar el acceso a los derechos, Fortalecer la Convivencia",Jornada visual,Jóvenes estudiando con el SENA,,Torneos,Recreación de niños,Limpieza y reforestación,,Clases de baile,,,16,Sí,5,No lo entregan,No lo entregan,No lo entregan,,,,Sí,No,No,Sí,No Empalme,NO,NO,NO,NO,NO,NO,NO,NO,Sí,Mejorando la calidad de vida de la comunidad y construyendo con la conservación del medio ambiente e incluyendo a toda la comunidad
18/10/2017,70,BARRIO EL CONCEJO DE MEDELLÍN,Calle 19 N° 104-20,SI,Regular,Regular,No especifica,No especifica,No especifica,No especifica,No especifica,"Actividades sociales, combites, salidas para niño y niñas, obras de infraestructura",SI,Sí,Sí,"Mujeres, Hombres, Jóvenes, Adultos, Adultos Mayores, Victimas del conflicto",SI,Sí,SI,1,NO,Sí,"Mejorar la Infraestructura, Mejorar condiciones Medioambientales, Fortalecer la Convivencia",jornadas de salud,fortalecimiento labor social,Jornadas de convivencia,Torneos microfutbol,celebración día del niño ,jornadas de limpieza,,,,,14,Sí,4,17-07-2017,2016,2016,09/09/2017,,,Sí,No,No,Sí,Empalme Parcial,NO,NO,NO,NO,NO,NO,NO,NO,Sí,mejorando las condiciones de las calidad de vida de sus habitantes
24/09/2017,13,BARRIO EL CORAZÓN SECTOR LA ASOMADERA,Calle 34B Cra 11 - 1 Interior 123 Sin sede comunal ,SI,No especifica,Regular,No especifica,No especifica,No especifica,No especifica,No especifica,"""Gestionar necesidades que tenga la comunidad como: legalización de predios, mantenimiento de zona verde, arreglo de las vías, andenes etc""",SI,Sí,Sí,"Mujeres, Hombres, Jóvenes, Adultos, Adultos Mayores",SI,No,SI,1,SI,No,"Mejorar la Infraestructura, Mejorar condiciones Medioambientales, Promover la productividad y el emprendimiento., Mejorar el acceso a los derechos, Fortalecer la Convivencia",Brigadas de salud,Se gestionan las becas de Sapiensa,Todas as actividades que se realizan con toda la comunidad ,Articulación con el Inder ,Se realiza actividades dirigidas a toda la comunidad en mejoramiento de la calidad de vida,"Actividades de cuidado del medio ambiente, convites etc.”",N/A,No se tiene en cuenta la JAC,No,Ver lo antes mencionado,17,Sí,5,16/0472017,No tiene nada a cargo,no lo presentan y se hace la sugerencia respectiva,13/05/2017,N/A,N/A,Sí,Sí,Sí,Sí,No Empalme,NO,NO,NO,NO,NO,NO,NO,NO,Sí,"""Ejecutando las necesidades que la comunidad requiere y en acompañamiento con toda la administración"""
15/09/2017,70,BARRIO EL CORAZÓN SECTOR MONTE VERDE,calle 34a # 116-170,NO,Bueno,No especifica,No especifica,No especifica,No especifica,No especifica,No especifica,"Manualidades, cuadra recreativa, actividades físicas, convites de limpíeza, priorización de recursos (PL y PP) para infraestructura y salud.",SI,Sí,Sí,"Mujeres, Hombres, Jóvenes, Adultos, Adultos Mayores",SI,Sí,NO,formulación y gestión de proyectos,SI,Sí,"Mejorar la Infraestructura, Mejorar condiciones Medioambientales, Mejorar el acceso a los derechos","Lentes, ortodoncia, vacunación.",priorizan por Pl y PP,convocan a la  comunidad a participar de las reuniones de las junta directiva.,,La cuadra recreativa.,,,,,,12,Sí,3,16/04/2017,,05/08/2017,20/04/2012,,,Sí,Sí,No,Sí,Empalme Parcial,NO,SI,NO,NO,SI,NO,NO,NO,Sí,"Mejorando la calidad de vida, salud y recreación"
15/09/2017,03,BARRIO EL JARDIN,Cra 34 Nro. 85C 15,SI,Bueno,Bueno,No especifica,No especifica,Bueno,Telecentro,Bueno,Diagnósticos y gestiones por la comunidad,SI,Sí,Sí,"Mujeres, Hombres, Adultos, Victimas del conflicto",SI,Sí,SI,4,SI,Sí,"Mejorar la Infraestructura, Mejorar condiciones Medioambientales, Mejorar el acceso a los derechos, Fortalecer la Convivencia",Brigadas de salud,"Telecentro, talleres",Tercera edad y talleres para discapacitados,"Torneos de football, basketball, microfootball, ajedrez, tennis de mesa, porrismo, natación e hidroaeróbicos",Recreo cuadra y Recreo comuna,"Sensibilización para el manejo de basuras, articulación con Secretaría de Medio Ambiente",,Grupos de danzas y teatro,,,16,Sí,5,12/09/2017,09 04 2016,31 07 2017,29/08/2017,Libro de actas de asamblea,13 09 2017,Sí,Sí,Sí,Sí,Empalme Total,SI,SI,SI,SI,SI,SI,SI,SI,Sí,Con gestión y compromiso con la comunidad
27/08/2017,13,BARRIO EL PARAISO,Calle 58D No. 87-254,SI,Malo,No especifica,No especifica,No especifica,No especifica,"La sede social esta en alto de riesgo por grietas y techos caídos, se recomienda no tener ninguna actividad ya que pone en peligro la vida.",Malo,"""Articulación con otras organizaciones del sector para  integrar a la población, también se trabaja con la mesa de la cuenca de la iguana"".",SI,Sí,Sí,"Mujeres, Hombres, LGTBI, Jóvenes, Adultos, Adultos Mayores, Afrodescendientes, Victimas del conflicto, Población en Situación de Discapacidad",SI,Sí,SI,4,SI,No,"Mejorar la Infraestructura, Mejorar condiciones Medioambientales, Promover la productividad y el emprendimiento., Mejorar el acceso a los derechos, Fortalecer la Convivencia",Promoción y prevención en salud visual y ortodoncia articulados con la secretaria de salud,Se gestionan las becas de Sapiensa,Se realiza actividades dirigidas a toda la comunidad en mejoramiento de la calidad de vida,Se tienen torneos de fútbol ,Actividades del plan de trabajo en las celebración de días especiales. ,Jornadas Ambientales,"Obras de infraestructura, legalización y titulación de barrios, jornadas ambientales, de recreación,  separación de residuos, limpieza de aguas residuales, convites para mejorar infraestructura, jornadas de salud etc. ",Articulación con cultura en formación artística y eventos culturales del barrio,Ver adjunto y registros fotográficos,Ver adjunto y registros fotográficos,14,Sí,4,16/04/2016,16/08/2017,"27/07/2017 ver evidencias ""registro fotográfico de libro contables y otros""",19/03/2017,Libro auxiliar contable,27/07/2017,Sí,Sí,Sí,Sí,Empalme Total,SI,SI,SI,SI,SI,SI,SI,SI,Sí,Con acciones positivas y prepositivas que incidan en el desarrollo integral y mejoramiento de la calidad de vida de los habitantes. 
10/10/2017,06,BARRIO EL PICACHO SECTOR PRIMAVERAL,Calle 95 #84-63,SI,No especifica,Bueno,No especifica,No especifica,No especifica,No especifica,No especifica,"reuniones, capacitaciones, actividades deportivas, recreación, comité de medio ambiente (jornadas de ornato y limpieza), limpieza de la quebrada, trabajo con las mascotas.",SI,Sí,Sí,"Mujeres, Hombres, Jóvenes, Adultos, Adultos Mayores",SI,Sí,SI,6,NO,Sí,"Mejorar la Infraestructura, Mejorar condiciones Medioambientales, Promover la productividad y el emprendimiento., Mejorar el acceso a los derechos, Fortalecer la Convivencia","brigadas de salud, esterilización de mascotas",,,,tomas recreativas,,,diplomado de derechos humanos,,unidad productiva (elaboración de bolsas),14,Sí,3,11-06-2017,06-08-2016,07-30-2017,10/09/2017,,,Sí,Sí,No,Sí,Empalme Parcial,SI,SI,SI,SI,NO,SI,NO,NO,Sí,"mejorar las condiciones de medio ambiente, buena vecindad."
03/09/2017,14,BARRIO EL POBLADO LOMA DE LOS GONZÁLEZ,Calle 4 Sur #30-132,SI,Regular,No especifica,No especifica,No especifica,No especifica,FUNAVID,Bueno,GESTIONAN CON EL FIN DE MEJORAR LA CALIDAD DE VIDA DEL TERRITORIO,SI,Sí,Sí,"Mujeres, Hombres, Jóvenes, Adultos, Adultos Mayores",SI,Sí,SI,3,SI,Sí,"Mejorar la Infraestructura, Mejorar condiciones Medioambientales, Promover la productividad y el emprendimiento., Mejorar el acceso a los derechos, Fortalecer la Convivencia",,,,,,,,,"Iluminación de la sede social, manejo de tienda,actividades artisticas para niños y padres de familia",Gestión Terreno Comunal y eventos para la familia,12,Sí,3,Lo están actualizando y no han terminado,"Esta pendiente, quedo como compromiso",15 agosto 2017,02/04/2017,Actas Directiva ,18/08/2017,Sí,Sí,No,Sí,Empalme Total,SI,NO,SI,NO,NO,SI,NO,NO,Sí,Gestionando la oferta institucional
03/10/2017,03,BARRIO EL POMAR,Carrera 43 # 76-06,SI,Bueno,Bueno,No especifica,No especifica,No especifica,No especifica,No especifica,Articulación con cada sector para conocer las problemáticas ,SI,Sí,Sí,"Mujeres, Adultos",NO,No,SI,3,SI,Sí,"Mejorar la Infraestructura, Fortalecer la Convivencia",Brigadas de salud,Labor social y Becas ,Grupo de la tercera edad y deporte sin limites,"Deporte sin limites, tenis de mesa, natación, hidroaerobicos y ajedrez ",Recreo cuadra y recreo comuna ,Recolección de basuras ,,,,,17,Sí,6,17/04/2016,,,,,,Sí,Sí,Sí,Sí,No Empalme,NO,NO,NO,NO,NO,NO,NO,NO,Sí,incide con gestiones para cada sector de su comunidad 
12/09/2017,03,BARRIO EL RAIZAL,"La organización no cuenta con sede, se realizo la reunión en la Calle 79 # 30-116 casa de la Vicepresidente ",SI,No especifica,Bueno,Bueno,No especifica,No especifica,Placa Polideportiva ,Regular,Gestiones y eventos ,NO,Sí,Sí,"Mujeres, Jóvenes, Adultos, Victimas del conflicto",SI,Sí,SI,3,SI,No,"Mejorar la Infraestructura, Mejorar condiciones Medioambientales",Brigadas de Salud ,,,Tenis de mesa,"Eventos de la junta, recreo cuadra y recreo comuna",Jornadas de Limpieza ,,Artistas (danza y cantantes),,,8,Sí,4,A la hora de realizar la ficha no tenian los libros en su poder ya que los tienen en el CDS y la oficina se la tienen cerrada hace unos dias ,,,09/05/2017,,,Sí,No,Sí,Sí,No Empalme,NO,NO,NO,NO,NO,NO,NO,NO,Sí,"Aunque aún no a logrado organizarse, incide con gestiones y eventos para la comunidad "
13/08/2017,13,BARRIO EL SALADO PARTE ALTA,Cra. 120 No. 39FC - 110,SI,Bueno,Bueno,No especifica,No especifica,No especifica,Sede Social ben estado y Centro de Desarrollo Social en mal estado.,Bueno,"""Dentro del Pan de  trabajo de la JAC-Directiva se fomenta los valores como el respeto, también  realizan convites en obras de infraestructura, Pedagogía Social y diferentes programas en infraestructura, salud, educación etc"". ",SI,Sí,Sí,"Mujeres, Hombres, LGTBI, Jóvenes, Adultos, Adultos Mayores, Afrodescendientes, Victimas del conflicto, Población en Situación de Discapacidad",SI,Sí,SI,5,SI,No,"Mejorar la Infraestructura, Mejorar condiciones Medioambientales, Promover la productividad y el emprendimiento., Mejorar el acceso a los derechos, Fortalecer la Convivencia",Promoción y prevención en salud visual y ortodoncia articulados con la secretaria de salud,Se gestionan las becas de Sapiensa,Se realiza actividades dirigidas a toda la comunidad en mejoramiento de la calidad de vida,Articulación con el Inder,"Se realiza actividades para la celebración del día del niño, de la mujer, madres etc.","Limpieza de quebradas, convites etc.",No,"Se articula con la Secretaria de Cultura con los procesos de formación donde se realizan diferentes actividades artísticas, cines foros etc. ",N/A,,14,Sí,4,16/04/2017,10/08/2017,16/08/2016,19/12/2016,N/A,N/A,Sí,Sí,No,Sí,Empalme Total,SI,SI,SI,SI,SI,SI,SI,SI,Sí,"Mejorando la calidad de vida de la comunidad, sensibilizando los habitantes frente al cuidado de del medio ambiente y promoviendo la sana convivencia.  "
30/08/2017,09,EL SALVADOR PARTE BAJA,CR 36 # 40A - 12 ,SI,Regular,Malo,Regular,No especifica,No especifica,No especifica,No especifica,"GESTIÓN DE OBRAS, EVENTOS CON NIÑOS, ADULTO MAYORES, CLASES CON EL SENA, CLASES DE GASTRONOMIA, ARTICULACIÓN CON JARDINES INFANTILES.",SI,Sí,Sí,"Mujeres, Hombres, Jóvenes, Adultos, Adultos Mayores, Victimas del conflicto",SI,Sí,SI,1,NO,No,"Mejorar la Infraestructura, Mejorar condiciones Medioambientales, Promover la productividad y el emprendimiento., Mejorar el acceso a los derechos, Fortalecer la Convivencia","CONOCIMIENTO DE ALIMENTOS SALUDABLES, ",,,ESCUELA DE DEPORTES,ACTIVIDADES CON ADULTOS MAYORES Y NIÑOS,VISITAS ÁREAS PROTEGIDAS ,,,,,14,Sí,5,10/01/2017,,,22/04/2017,,,Sí,Sí,No,Sí,Empalme Total,SI,SI,SI,SI,SI,SI,SI,SI,Sí,"CON LA GESTIÓN DE LA MAYA VIAL, TEMAS AMBIENTALES, SE REALIZAN ACCIONES DE PAZ Y CONVIVENCIA, EDUCACIÓN"
29/08/2017,09,BARRIO EL SALVADOR PARTE CENTRAL,CR 36 CL 40A - 12 ,SI,Bueno,Bueno,Bueno,No especifica,No especifica,No especifica,No especifica,"CAPACITACIONES DE MANUALIDADES, FIESTA DE MORRO 100 AÑOS DEL CRISTO, DÍA DE LA ANTIOQUEÑIDAD, CUENTOS DE SALUD, ADULTO MAYOR",NO,Sí,Sí,"Mujeres, Hombres, Jóvenes, Adultos, Adultos Mayores, Afrodescendientes",NO,No,SI,16,SI,No,"Mejorar la Infraestructura, Mejorar condiciones Medioambientales, Promover la productividad y el emprendimiento.","VACUNAIÓN A PRIMERA INFANCIA, CRECIMIENTO Y DESARROLLO, ","JORNADAS VACACIONALES, SEMILLEROS DE MATEMATICAS ",FIESTAS DE LA MADRE,,JORNADAS RECREATIVAS ,,,FIESTA DE LA ANTIOQUEÑIDAD ,,,14,Sí,5,16/05/2017,,,,,,Sí,Sí,No,Sí,Empalme Parcial,SI,NO,SI,SI,SI,SI,NO,NO,Sí,"ACTIVIDADES CULTURALES, PEDAGÓGICAS, MOVILIDAD , RECREACIÓN Y EDUCATIVAS . "
11/08/2017,13,BARRIO EL SOCORRO LA AMERICA,Cra 102B No. 48C - 10,SI,Bueno,Bueno,Bueno,No especifica,Bueno,El estado de todas en buena,Bueno,"""Actividades de plan de trabajo en: Recreación, reuniones con asociación dde mujeres, de  la tercera edad para mejorar los entornos""",SI,Sí,Sí,"Mujeres, Hombres, LGTBI, Jóvenes, Adultos, Adultos Mayores, Afrodescendientes, Indigenas, Victimas del conflicto, Población en Situación de Discapacidad",SI,Sí,SI,4,SI,Sí,"Mejorar la Infraestructura, Mejorar condiciones Medioambientales, Promover la productividad y el emprendimiento., Mejorar el acceso a los derechos, Fortalecer la Convivencia, Genero y violencia",Promoción y prevención en salud visual y ortodoncia articulados con la secretaria de salud,Se gestionan las becas de Sapiensa ,"Se realiza talleres a víctimas del conflicto y se articulan con varios programas del plan de trabajo. 
",Campeonatos con los jóvenes en fútbol ,"Se realiza juegos y actividades para la celebración del día del niño, de la mujer, madres etc. ","Recorridos, recolección de basura y residuos sólido,  limpieza de quebradas etc.",Capacitaciones en prevención del conflicto,Articulación con cultura donde apoya los eventos de la comuna y gestiona para el sector.,Genero y violencia ,"Capacitaciones, talleres formativos y acompañamiento a las iniciativas de la alcaldía. ",14,Sí,5,10/07/217,08/08/2017,31/07/2017,01/01/2017,Libro auxiliar contable , 11/08/2017,Sí,Sí,No,Sí,Empalme Total,SI,SI,SI,SI,SI,SI,SI,SI,Sí,"""Con las obras que se gestionan y con todas las actividades  que se realizan con las diferentes comisiones de trabajo.
 "
02/09/2017,14,BARRIO EL TESORO SECTOR LA VIRGEN,Callle 5 Sur #13-217,SI,No especifica,No especifica,No especifica,No especifica,No especifica,Parque la Virgen,Bueno,Gestionar de acuerdo a las Necesidades,NO,Sí,Sí,"Mujeres, Hombres, Jóvenes, Adultos, Adultos Mayores, Afrodescendientes, Población en Situación de Discapacidad",SI,Sí,SI,4,SI,No,"Mejorar la Infraestructura, Mejorar condiciones Medioambientales, Fortalecer la Convivencia, Capacitación a mujeres cabeza de familia","Vacación , Prótesis, Lentes, ortodocia",,,Torneos de fubbool,Cuadras recreativas,Jornada de Ornato y Limpieza,,,,,15,Sí,4,Julio 29 de 2017,julio 2017,Julio 29 de 2017,30/07/2017,,Están en tramite Un  Libro de Actas Nuevo ,Sí,Sí,No,Sí,Empalme Parcial,SI,SI,SI,SI,NO,NO,SI,SI,Sí,"Gestionando actividades y beneficios para los afiliados, en la convivencia, manejo de basuras."
05/09/2017,14,BARRIO EL TESORO SECTOR LA YE,Callle 12 Sur 11-20,NO,No especifica,No especifica,No especifica,No especifica,No especifica,Zona Verde en La Glorieta,Bueno,Hace buen uso del recurso que llega al territorio en informan lo que hacen.,SI,Sí,Sí,"Mujeres, Hombres, Jóvenes, Adultos, Adultos Mayores, Población en Situación de Discapacidad",SI,Sí,SI,5,SI,Sí,"Mejorar la Infraestructura, Mejorar condiciones Medioambientales, Fortalecer la Convivencia","Campañas  de vacunación, gafas,  protesis",Apoyo al la Educación Superior con las Horas Social y el aval,Manualidades,,Cuadras Recreativas,Mantenimiento del Acueducto,,,,Talleres de Pintura,15,Sí,5,Julio 5/2017,DICIEMBRE /2016,JULIO 5/2017,21/08/2017,,,Sí,Sí,No,Sí,Empalme Parcial,NO,SI,NO,NO,NO,NO,NO,NO,Sí,"En la Integración  y Convivencia, en la Participación de los Habitantes."
03/10/2017,09,BARRIO EL VERGEL,CR 15 # 35 - 136 INT 151,NO,No especifica,Regular,No especifica,No especifica,No especifica,No especifica,No especifica,SER EL CANAL ENTRE EL TERRITORIO Y LA OFERTA INSTITUCIONAL. ,NO,No,No,"Mujeres, Jóvenes, Adultos, Adultos Mayores",SI,Sí,SI,1,SI,No,"Mejorar la Infraestructura, Mejorar condiciones Medioambientales","JORNADAS DE ARTICULACIÓN CON LOS COPACOS  Y OTRAS JAC, ","EDUCACIÓN A JÓVENES EN MECÁNICA DE MOTOS, HABILIDADES PARA LA VIDA",,,JORNADAS DE RECREACIÓN CON EL INDER,FESTIVAL DE INCIDENCIA AMBIENTAL ,,,,,16,Sí,4,,,,21/11/2016,,,Sí,No,No,Sí,Empalme Parcial,SI,NO,NO,SI,NO,SI,NO,NO,Sí,A PARTIR DE LA GESTIÓN ANTE LA INSTITUCIONALIDAD Y COORDINACIÓN DE TODA SU OFERTA.
08/09/2017,07,BARRIO EL VOLADOR,cra 72aa n°71-120,SI,Regular,No especifica,No especifica,No especifica,No especifica,No especifica,No especifica,"asambleas, fiestas de integracion",NO,Sí,Sí,"Mujeres, Hombres, Jóvenes, Adultos, Adultos Mayores",SI,Sí,SI,8,NO,No,"Mejorar la Infraestructura, Mejorar condiciones Medioambientales",,SEMILLERO INFANTIL,,,,Actividades ligadas al cerro el Volador,,,,,15,Sí,3,16/04/2016,no tiene fecha,13/07/2016,28/02/2016,,,Sí,No,No,Sí,Empalme Parcial,NO,SI,SI,SI,SI,SI,SI,SI,Sí,dinamizan los procesos de la alcaldía
28/08/2017,08,BARRIO ENCISO,Carrera 29A Nº58-47,SI,Bueno,Bueno,No especifica,No especifica,No especifica,No especifica,No especifica,"Asambleas,festival con la comunidad,integración,convite,salidas recreativas,capacitaciones,día blanco",SI,Sí,Sí,"Mujeres, Hombres, Jóvenes, Adultos, Adultos Mayores",SI,Sí,SI,1 Coordinador de medio ambiente,NO,Sí,"Mejorar la Infraestructura, Mejorar condiciones Medioambientales, Mejorar el acceso a los derechos, Fortalecer la Convivencia",Brigadas de salud,Capacitaciones y fortalecimientos,,Justas deportivas,Salidas recreativas,Convites ambientales,Banda músico marcial,Banda músico marcial,Infraestructura,Obras de infraestructura,17,Sí,6,junio 28/2017,mayo 21/2015,julio 31/2017,22/07/2017,,,Sí,Sí,Sí,Sí,No Empalme,NO,NO,NO,NO,NO,NO,NO,NO,Sí,Con las actividades que se desarrollan constantemente se busca mejorar la calidad de vida de la comunidad
11/09/2017,12,BARRIO FERRINI,"Carrera 81 N° 54A-91, Apto 501",NO,No especifica,Regular,No especifica,Bueno,No especifica,No especifica,No especifica,"Sólo acciones que se desarrollan con recursos de Presupuesto Participativo, por la representación de la Secretaria de la Junta,  en las comisiones de PP.",NO,Sí,Sí,"Mujeres, Hombres, Jóvenes, Adultos, Adultos Mayores",NO,No,SI,2,NO,No,"Mejorar la Infraestructura, Mejorar el acceso a los derechos",,,,,"Se tiene el programa de Rumba aeróbica y Canas al aire, gestionada por la Señora Secretaría de la Junta de Acción Comunal, con recursos ordinarios",,,,,,15,Sí,5,"Abril de 2016, pero no lo presentaron, para veri9facr",No tienen libro registrado,No tienen libro registrado,,,,Sí,No,No,Sí,Empalme Parcial,NO,SI,SI,NO,SI,NO,SI,NO,Sí,Se incide con las actividades gestionadas con recursos ordinarios y un poco con Presupuesto Particpativo
28/09/2017,05,BARRIO FLORENCIA,CLL 115 No 72A-2,SI,Regular,No especifica,No especifica,No especifica,No especifica,No especifica,No especifica,"SE REALIZAN ARTICULACIONES CON LA ADMINISTRACIÓN PARA ATENDER LAS NECESIDADES DEL BARRIO, EN DEPORTES, SEGURIDAD Y CONVIVENCIA, MEDIO AMBIENTE, ADULTO MAYOR, INFRAESTRUCTURA, SALUD ",SI,Sí,Sí,"Mujeres, Hombres, Jóvenes, Adultos, Adultos Mayores",SI,Sí,SI,3,SI,No,"Mejorar la Infraestructura, Mejorar condiciones Medioambientales",JORNADAS DE SALUD ,,,,"PASEO A TUTUCAN, TOMAS RECREATIVAS, ",RECUPERACIÓN DE LOS PARQUES RECREATIVOS ,,,,,14,Sí,4,,,30-11-2016,26/09/2017,,,Sí,Sí,No,Sí,No Empalme,SI,NO,NO,NO,NO,NO,NO,NO,Sí,CON LAS ACTIVIDADES QUE SE REALIZAN PARA AFRONTAR LAS PROBLEMATICAS DEL BARRIO 
13/09/2017,07,BARRIO FUENTE CLARA,CRA 94B -62AA-41,SI,No especifica,Bueno,No especifica,No especifica,No especifica,No especifica,No especifica,tramita solución a problematicas de necesidades básicas insatisfechas,SI,Sí,Sí,"Mujeres, Hombres, Adultos, Adultos Mayores, Victimas del conflicto",SI,Sí,SI,2,NO,Sí,"Mejorar la Infraestructura, Mejorar condiciones Medioambientales, Mejorar el acceso a los derechos",,,,,,,INTEGRACION CON BARRIO GRANIZAL,,SANEAMIENTO BASICO,MEJORAMIENTO ALCANTARILLADO,10,Sí,3,2017 MAYO,,PENDIENTE DATO,19/04/2017,,,Sí,Sí,No,Sí,Empalme Parcial,SI,SI,NO,SI,SI,SI,NO,SI,Sí,BUSQUEDA DE SOLUCIONES
28/08/2017,01,BARRIO GRANIZAL,Sede de la junta de accion comunal,SI,Bueno,Bueno,No especifica,No especifica,Bueno,No especifica,No especifica,"Realizan programas sociales, educativos, deportivos y culturales",SI,Sí,Sí,"Mujeres, Hombres, Jóvenes, Adultos, Adultos Mayores, Afrodescendientes, Victimas del conflicto, Población en Situación de Discapacidad",SI,No,NO,formulación y gestión de proyectos,SI,No,"Mejorar condiciones Medioambientales, Promover la productividad y el emprendimiento., Mejorar el acceso a los derechos, Fortalecer la Convivencia",brigadas de salud,Jornadas de capacitación,Se convoca a todas las personas del territorio a las actividades realizadas,torneos,Torneos,Brigadas de limpieza,Todas las actividades que se realizan son enfocadas a la paz en el territorio,Jornadas culturales,,,16,Sí,5,16/04/16,No tienen,31/01/13,20/08/2017,,,Sí,Sí,No,Sí,No Empalme,NO,NO,NO,NO,NO,NO,NO,NO,Sí,mejorando la convivencia en el territorio y realizando el trabajo social
17/10/2017,15,BARRIO GUAYABAL,Cra 51a n-7 sur int 201,SI,No especifica,No especifica,No especifica,No especifica,No especifica,Placa polideportiva,Bueno,"Asambleas, reuniones informativas, actividades con niños, articulación con propiedad horizontal, frentes de seguridad, articulación con la empresa privada.",SI,Sí,Sí,"Mujeres, Hombres, Jóvenes, Adultos",SI,Sí,SI,3,SI,No,"Mejorar condiciones Medioambientales, Mejorar el acceso a los derechos, Fortalecer la Convivencia, Formacion a niños en el area deportiva.","Acompañamiento promoción de campañas de vacunación,",,busca que las personas se vinculen a los programas gubernamentales.,,clubes de vida.,Recuperación de puntos críticos.,,Grupo de manualidades.,Seguridad.,,8,No,No aplica,29-11-19999.,29-11-1999.,,,,,Sí,Sí,No,Sí,Empalme Parcial,NO,SI,SI,SI,SI,SI,SI,SI,Sí,Con la transformación de los espacios y relación comunidad empresas.
30/08/2107,80,GUAYABAL LA OCULTA,Carrera 79 X  Calle 36 A Sur,NO,No especifica,No especifica,No especifica,No especifica,No especifica,No especifica,No especifica,"Día del niño, día de la madre, Navidad Comunitaria, Jornadas Ambientales, y Asambleas",NO,Sí,Sí,"Mujeres, Hombres, Jóvenes, Adultos",SI,Sí,NO,formulación y gestión de proyectos,SI,No,"Mejorar la Infraestructura, Fortalecer la Convivencia",,,"La salida RECREATIVA  de la comunidad con el INDER, ",,"Al celebrar el dia de los niños se genera recreación, y con el INDEN",,,,"INFRAESTRUCTURA,",colocada de pasamanos en las vías.,14,Sí,4,junio 2017,No hay evidencias,No hay evidencias,11/06/2017,,,Sí,No,No,Sí,Empalme Parcial,,,SI,SI,,,,,Sí,"Mejorar la convivencia, Coordinación con PP,   Apoyo solidario con familias vulnerables, ISVIMED."
18/08/2017,05,BARRIO HECTOR ABAD GOMEZ,cr 63 No 103 -31,SI,Regular,Regular,No especifica,No especifica,No especifica,No especifica,No especifica,"eventos en el barrio, brigadas de aseo, novenas navideñas, ",NO,Sí,Sí,"Mujeres, Hombres, Adultos, Adultos Mayores",SI,Sí,NO,formulación y gestión de proyectos,SI,Sí,Mejorar la Infraestructura,Brigadas de salud ,,,,Jornadas de recreación con los jóvenes del barrio ,,,,,,12,Sí,3,,,,21/07/2017,,,Sí,No,No,Sí,No Empalme,NO,NO,NO,NO,NO,NO,NO,NO,Sí,"con la gestión de proyectos que benefician a la comunidad, especialmente en  el barrio hector abad "
13/09/2017,13,BARRIO JUAN XXIII,Calle 49 No. 99C - 05 ,SI,Bueno,No especifica,No especifica,No especifica,No especifica,Sede social en buenas condiciones,Bueno,"Manifiestan ""Ninguna""",SI,Sí,Sí,"Mujeres, Hombres, Jóvenes, Adultos, Adultos Mayores, Victimas del conflicto, Población en Situación de Discapacidad",NO,Sí,SI,3,SI,Sí,"Mejorar la Infraestructura, Mejorar condiciones Medioambientales, Promover la productividad y el emprendimiento., Mejorar el acceso a los derechos, Fortalecer la Convivencia",Promoción y prevención en salud visual y ortodoncia articulados con la secretaria de salud,Se gestionan las becas de Sapiensa,No,Se gestiona con el Inder ,"Actividades de baile, celebraciones de eventos y tomas recreativas",Con el Plan ambiental de la ciudad,No,Formación Artística  ,No,"Limpieza de quebradas, tomas recreativas, recreando, brigadas de salud visual etc.",5,Sí,4,2016,2012,No lo presentan ,,No se evidencia,No se evidencia,Sí,No,No,Sí,Empalme Parcial,NO,SI,NO,NO,,NO,NO,NO,No,"A la fecha se presentan múltiples inconvenientes, la sede es poco utilizada por los dignatarios y por la comunidad...La JAC esta impugnada y  manifiesta mucho malestar por dicha situación."
03/09/2017,60,B. LA AURORA NUEVA CIUDADELA DEL OCCIDENTE,Clle 63 AE N°117,SI,No especifica,Bueno,No especifica,No especifica,No especifica,No especifica,No especifica,"Asambleas, huerta comunitaria, semilleros, jornadas de aseo, colectivo de mujeres",SI,Sí,Sí,"Mujeres, Jóvenes, Adultos Mayores, Victimas del conflicto, Población en Situación de Discapacidad",SI,Sí,SI,1,SI,No,"Mejorar la Infraestructura, Mejorar condiciones Medioambientales, Promover la productividad y el emprendimiento., Mejorar el acceso a los derechos, Fortalecer la Convivencia","Promocion y prevencion, busqueda activa de personas con discapacidad",Diagnostico personas desescolarizadas,"Discapacidad, red de victimas ",Torneos con el INDER,INDER: Recreando,"Huerta ecológica, jornadas de aseo","Mesa de trabajo red de victimas, acuerdos con JAC Pedregal Bajo",Grupo de baile,,,16,Sí,5,02/07/2017,,30/11/2016,7/23/0207,,,Sí,Sí,No,Sí,Empalme Total,SI,SI,SI,SI,SI,SI,SI,SI,Sí,"Incide en el mejoramiento del medio ambiente, la inclusión en las diferentes actividades de las personas en condición de discapacidad y en los procesos de convivencia del sector"
19/09/2017,11,LA CASTELLANA,Carrera 82A  33-09 (Apto 201),NO,No especifica,Bueno,No especifica,No especifica,No especifica,No especifica,No especifica,"En el parque ""El triángulo 1"", Actividades de vacunación para mascotas, salud con la UNAD, Manualidades para adultos mayores, Cultura ciudadana con seguridad",SI,Sí,Sí,"Mujeres, Hombres, Jóvenes, Adultos, Adultos Mayores, Afrodescendientes",SI,Sí,SI,4,SI,Sí,"Mejorar la Infraestructura, Mejorar condiciones Medioambientales, Promover la productividad y el emprendimiento., Mejorar el acceso a los derechos, Fortalecer la Convivencia","Jornadas de salud (gafas, vacunación, manualidades)",,"Talleres para diferentes grupos, SENA y PP",Actividades con el INDER,Gimnasia,"Sembratón, embellecimiento del parque",Tema de Convivencia trabajado con la policía,Acciones conjuntas con el DAGRD y Seguridad,,,15,Sí,4,04/08/2016,09/12/2015 (No hay inventario en la Junta),14/05/2016,26/08/2017,,,Sí,Sí,No,Sí,Empalme Parcial,SI,SI,SI,NO,SI,SI,SI,SI,Sí,"Seguridad, apoyo en la gestión de movilidad, andenes, embellecimiento del parque"
07/09/2017,14,BARRIO LA CHACONA,Calle 9A #15-539,SI,Regular,No especifica,No especifica,No especifica,No especifica,No especifica,No especifica,"Grupo de Ingles para jóvenes y niños, ydos garupos de Flauta",SI,Sí,Sí,"Mujeres, Hombres, LGTBI, Jóvenes, Adultos, Adultos Mayores",SI,Sí,SI,3,NO,Sí,"Mejorar condiciones Medioambientales, Fortalecer la Convivencia, Carrera Observación, Bingos, sancochos",,Apoyo a la Educación Superior con el Aval y horas Sociales,,,Cuadras Recretivas,Limpieza de quebradas y siembra de arboles,,Clases de Flauta,,"Actividades para mejorar la convivencia, bingos, sancocho , pesebre",7,Sí,3,16 de Junio 2017,,12 Julio 2017,08/07/2017,,,Sí,No,No,Sí,Empalme Parcial,SI,SI,SI,SI,SI,SI,SI,SI,Sí,Para mejorar la calidad de vida
01/11/2017,15,BARRIO LA COLINA,Calle-12 sur-54-23,SI,Bueno,Bueno,No especifica,No especifica,No especifica,No especifica,No especifica,"Informa sobre las actividades de pp, costurero, encuentros familiares cine extra mural e intramural , yoga niños y adultos, juegos callejeros",SI,Sí,Sí,"Mujeres, Hombres, LGTBI, Jóvenes, Adultos, Adultos Mayores",SI,Sí,NO,formulación y gestión de proyectos,NO,No,"Mejorar la Infraestructura, Mejorar condiciones Medioambientales, Promover la productividad y el emprendimiento., Fortalecer la Convivencia",Información campañas de vacunación. ,"capacitaciones con el Sena, educación sexual,",Costurero,,"Juegos tradicionales.
",Eco huertas.,,Empoderamiento a los niños en o comunal.,,,8,Sí,3,12-07-2006,0,12-07-2006,17/05/2017,,,Sí,Sí,No,Sí,Empalme Total,SI,SI,SI,SI,SI,SI,SI,SI,Sí,"Realiza actividades para mejorar calidad de vida a nivel integral con acciones sociales, recreativas, culturales, educativas."
22/08/2017,03,BARRIO LA CRUZ,CL 79C 24F 68,SI,Bueno,Regular,No especifica,No especifica,No especifica,No especifica,No especifica,"Actividades en salud, recreación y obras de Infraestructura.",NO,Sí,Sí,"Mujeres, Hombres, Jóvenes, Adultos Mayores",SI,Sí,SI,2,SI,Sí,"Mejorar la Infraestructura, Mejorar condiciones Medioambientales, Mejorar el acceso a los derechos, Fortalecer la Convivencia",Proyecto UdeA y Salud familias vulnerables.,Talleres formativos.,Adulto mayor.,"Torneo de ajedrez, porrismo, futbol.",,Recolección de basuras.,,,,,14,Sí,5,02/08/2017,Sin fecha,21/11/2016,06/08/2017,,,Sí,No,Sí,Sí,No Empalme,NO,NO,NO,NO,NO,NO,NO,NO,Sí,Trabajando por los diferentes grupos poblacionales de la comunidad.
13/09/2017,01,BARRIO LA ESPERANZA NO. 2,No especifica,SI,No especifica,Bueno,No especifica,No especifica,No especifica,No especifica,No especifica,"Jornadas de identificación de necesidades, acciones de incidencia comunitaria, trabajo con los niños y el adulto mayor, cuadras infantiles ",NO,Sí,Sí,"Mujeres, Hombres, LGTBI, Jóvenes, Adultos, Victimas del conflicto, Población en Situación de Discapacidad",SI,No,SI,4,SI,No,"Mejorar la Infraestructura, Mejorar condiciones Medioambientales, Mejorar el acceso a los derechos, Fortalecer la Convivencia",Jornadas de vacunación ,Gestionan becas para educación superior,,Torneos deportivos,Cuadras recreativas,Jornadas de aseo,,Festival de talentos,,,8,Sí,3,27/05/2016,Lo tienen pero no lo utilizan,Lo tienen pero no lo diligencian,26/02/2017,,,Sí,No,No,Sí,No Empalme,NO,NO,NO,NO,NO,NO,NO,NO,Sí,Brindando información oportuna de los proceso que se desarrollan en el territorio y ademas brindando asesorías juridicas
14/10/2017,06,BARRIO LA ESPERANZA CASTILLA,Carrera 78 # 95- 55,SI,Bueno,No especifica,No especifica,No especifica,No especifica,No especifica,No especifica,"Torneos, socializaciones de recursos priorizados por PL y PP, fiesta de la Madre, día de los niños, navidad, día de los abuelos, los aerobicos, el punto de la mujer",SI,Sí,Sí,"Mujeres, Hombres, LGTBI, Jóvenes, Adultos, Adultos Mayores, Afrodescendientes",SI,Sí,NO,formulación y gestión de proyectos,NO,Sí,"Mejorar la Infraestructura, Mejorar condiciones Medioambientales, Promover la productividad y el emprendimiento., Mejorar el acceso a los derechos, Fortalecer la Convivencia","protesis, ortodoncia preventiva, vacunación, jornada de salud visual.","Curso de mesa y bar, curso de peluquería, curso de ruta motor.",,"Torneos de futbol, taekwondo. ",Recreocomuna.,"Fumigación, vacunación de mascotas.","Talleres de derechos humanos, capacitación en desplazamiento forzado.",,,,13,Sí,4,12-09-2017,24-03-2017,18-08-2017,12/09/2017,,,Sí,Sí,No,Sí,Empalme Parcial,SI,SI,SI,SI,SI,SI,SI,SI,Sí,Mejorar las condiciones de vida y el bienestar de la comunidad.
09/11/2017,08,BARRIO LA ESPERANZA VILLATINA,Carrera 13 Nº 55 - 92,NO,Bueno,No especifica,No especifica,No especifica,No especifica,Cancha estacion la torre,Bueno,"Asambleas, rendición de cuentas, gestión de proyectos sociales",SI,Sí,Sí,"Mujeres, Hombres, Jóvenes, Adultos, Adultos Mayores, Afrodescendientes, Victimas del conflicto, Población en Situación de Discapacidad",SI,Sí,SI,1,SI,Sí,"Mejorar la Infraestructura, Mejorar el acceso a los derechos, Fortalecer la Convivencia","Jornadas de salud, esterilizacion y vacunas de mascotas",,Convivencia comunal,,Fiesta de los niños,,Convivencia comunal,Convivencia comunal,Infraestructura,Acueducto y alcantarillado,14,Sí,3,17042017,18072013 No tienen mas bienes,13042017,09/08/2015,,,Sí,Sí,Sí,Sí,No Empalme,NO,NO,NO,NO,NO,NO,,NO,Sí,Desarrollando actividades en el territorio que le permitan a la comunidad un mejor vivir
04/10/2017,02,BARRIO LA FRANCIA,CARRERA 49C No. 108-80,SI,Bueno,Bueno,No especifica,No especifica,No especifica,OBSERVACION: LA SEDE SOCIAL ES PROPIA,,"RECREATIVAS, CULTURALES, VEEDURIA PUBLICA, GESTIONES EN PROCESOS DE INFRAESTRUCTURA, ACTIVIDADES DECEMBRINAS, EMPRESARISMO, CAPACITACIONES CON EL SENA ",NO,Sí,Sí,"Mujeres, Hombres, Jóvenes, Adultos, Adultos Mayores",SI,Sí,SI,1,SI,No,"Mejorar la Infraestructura, Mejorar condiciones Medioambientales, Promover la productividad y el emprendimiento., Mejorar el acceso a los derechos, Fortalecer la Convivencia",JORNADAS DE SALUD ,,EL DIA DE LA DISCAPACIDAD ,CAMPEONATOS AJEDREZ  ,RECREANDOS,"SILVICULTURA Y PAISAJISMO, INFRAESTRUCTURA",,,,,8,Sí,6,"08 DE FEBRERO DE 2017, FECHA DE INSCRIPCION DEL ULTIMO AFILIADO Y NO TIENE FECHA DE REGISTRO DEL LIBRO  ","SE ENCUENTRA DESACTUALIZADO, LA TECNICA LES ASESORO AL RESPECTO, LA FECHA DE REGISTRO DEL LIBRO ES DE NOV. 05 E 2013","INFORMAN NO ESTAR EN LA SEDE, LA TECNICA LES ASESORA AL RESPECTO Y LA FECHA DE REGISTRO ES DEL 09 DE FEBRERO DE 2010",03/02/2013,"LA ANTERIOR FECHA ES LA DEL REGISTRO DEL LIBRO, NO DE ACTUALIZACIÓN DEL LIBRO",NO SE INFORMA,Sí,No,No,Sí,Empalme Parcial,SI,NO,SI,SI,SI,SI,SI,SI,Sí,El técnico social no manifiesta observaciones.
27/09/2017,13,BARRIO LA GABRIELA,Cl 52 107-170,SI,No especifica,No especifica,No especifica,No especifica,No especifica,"Iglesia Cristiana - Centro Familiar y comunitario, buenas condiciones",Bueno,"""Actividades enmarcadas en el adulto mayor, jóvenes y adultos que redundenen el beneficio de  la comunicad"" ",SI,Sí,Sí,"Mujeres, Hombres, Jóvenes, Adultos, Adultos Mayores",SI,No,SI,2,SI,Sí,"Mejorar la Infraestructura, Mejorar condiciones Medioambientales, Promover la productividad y el emprendimiento., Mejorar el acceso a los derechos, Fortalecer la Convivencia",Promoción y prevención en salud visual y ortodoncia articulados con la secretaria de salud,Se gestionan las becas de Sapiensa,Se realiza actividades dirigidas a toda la comunidad en mejoramiento de la calidad de vida,Articulación con el Inder ,"Se realiza actividades para la celebración del día del niño, de la mujer, madres y se hace las fiestas del cometa.","Senderos, desvíos para las motos, convites para el cuidado y protección del medio ambiente. Cuidado de los pozos sépticos..","""Todas las actividades mejoran la paz y la convivencia""",N/A,Ver lo antes mencionado,Ver lo antes mencionado,12,Sí,3,16/04/2016,No presentó,21/06/2017,20/04/2017,N/A,N/A,Sí,Sí,No,Sí,Empalme Total,SI,SI,SI,SI,SI,SI,SI,SI,Sí,"""Mejorando la calidad de vida e todos los habitantes del sector"""
10/10/2017,16,BARRIO LA GLORIA URBANIZACIÓN LA NUBIA,Calle 15B # 82A 05,SI,Bueno,Bueno,No especifica,No especifica,Bueno,Escuela de Futbol Maturana,Bueno,"Culturales, Pedagógicas, Convites de aseo, tomas ambientales, convite ecológico, espacios de convivencia",NO,Sí,Sí,"Mujeres, Hombres, Jóvenes, Adultos, Adultos Mayores, Victimas del conflicto",SI,No,SI,4,SI,Sí,"Mejorar la Infraestructura, Mejorar condiciones Medioambientales, Promover la productividad y el emprendimiento., Mejorar el acceso a los derechos, Fortalecer la Convivencia","Jornadas salud visual, vacunacion",becas de PP y trabajo social,,escuelas de futbol,INDER cuadras recreativas,Talleres de cultura canina,Taller de resiliencia,,,,15,Sí,4,16/04/2016,20/04/2017,30/08/2017,1/1/0001,,,Sí,Sí,No,Sí,Empalme Total,SI,SI,SI,SI,SI,SI,SI,SI,Sí,actividades culturales permanentes
07/09/2017,03,BARRIO LA HONDA,Cra 24BD 71-60,SI,Bueno,Regular,No especifica,No especifica,No especifica,No especifica,No especifica,"Gestiones en mejoramiento de servicios públicos, legalización de predios, infraestructura, proyectos sociales y deportivos.",SI,Sí,Sí,"Mujeres, Hombres, Jóvenes, Adultos, Adultos Mayores, Victimas del conflicto",SI,Sí,SI,1,SI,No,"Mejorar la Infraestructura, Mejorar condiciones Medioambientales, Mejorar el acceso a los derechos, Fortalecer la Convivencia",Brigadas de salud y gestión con la UdeA en Salud Pública,Semilleros para niños y proyecto Ríe Biblioteca,Grupo de tercera edad,"Ajedrez, porrismo, natación y tennis de mesa",Amigo Metro,Recolección de basuras,,,,,16,Sí,5,26/07/2017,no tienen,03/03/2012,23/01/2016,,,Sí,No,No,Sí,No Empalme,NO,NO,NO,NO,NO,NO,NO,NO,Sí,"Incide de manera positiva, gestionando y articulándose con diferentes organizaciones y dependencias de la administración para mejorara la calidad de vida de la comunidad."
22/09/2017,13,BARRIO LA INDEPENDENCIA  SECTOR NO 1,Cra 110 34 CC  133 Int- 106,SI,Bueno,No especifica,No especifica,No especifica,No especifica,Buen estado ,Bueno,"""Jornadas de ornato, recolección de mercados mediante un proyecto.., se realizan bailes, pedagogía con la universidad Luis Amigó, EAFIT y se hacen jornadas culturales""",SI,Sí,Sí,"Mujeres, Hombres, Jóvenes, Adultos, Adultos Mayores, Población en Situación de Discapacidad",SI,No,SI,4,SI,Sí,"Mejorar la Infraestructura, Mejorar condiciones Medioambientales, Promover la productividad y el emprendimiento., Mejorar el acceso a los derechos, Fortalecer la Convivencia","
Promoción y prevención en salud visual y ortodoncia articulados con la secretaria de salud",Se gestionan las becas de Sapiensa,Se realiza actividades dirigidas a toda la comunidad ,Articulación con el Inder ,"Se realiza actividades para la celebración del día del niño, de la mujer, madres etc.","red de gas, alumbrados, caminos, senderos, convites","Programa ""Choca la tarde para hablar"" en DDHH mejorar los entornos",Articulación con cultura en formación artística,"Derechos humanos, etc.",Isvimet: se esta realizando  29 proyectos para mejoramiento de vivienda.,14,Sí,6,25/052016,01/0172017,04/2017 esta acta esta en hojas de blook se recomienda pasarlo al libro y digitarlas en lo posible. ..,01/04/2017,N/A,N/A,Sí,Sí,No,Sí,No Empalme,NO,NO,NO,NO,NO,NO,NO,NO,Sí,"""mediante las jornadas que se realizan, con mejorar la calidad de vida, con los estudiantes tengan recursos para estudiar, con el mejoramiento de las vias, las escaleras eléctricas, la salud de los habitantes"" "
24/09/2017,13,BARRIO LA INDEPENDENCIA SECTOR II,Cra 111E 38C 47 Int. 102,SI,Bueno,No especifica,No especifica,No especifica,No especifica,Refieren que buen estado,Bueno,"""Gestión de las necesidades del barrio, cine foro, restaurante con apoyoo de la fundación madre Laura.",SI,No,Sí,"Mujeres, Hombres, Jóvenes, Adultos, Adultos Mayores, Afrodescendientes, Victimas del conflicto",NO,No,SI,3,SI,Sí,"Mejorar la Infraestructura, Mejorar condiciones Medioambientales, Promover la productividad y el emprendimiento.",Brigadas de la Secretaria de Salud,Las becas con sapiensa,N/A,N/A,Articulación con el Inder ,Proyecto mecanismo para los desechos ambientales ,N/A,Cine foro,N/A,N/A,17,Sí,6,03/2017,No tiene y se les indicó el procedimiento  ante la SPC ,Refiere que no lo tiene y existe denuncia .. de la cual no se evidencia ,15/03/2016,N/A,N/A,Sí,No,No,Sí,Empalme Parcial,SI,NO,SI,SI,NO,NO,NO,NO,Sí,"""En las acciones realizadas con apoyo de las diferentes Secretarias de la Alcaldía Municipal."""
04/10/2017,02,BARRIO LA ISLA,Calle 112 No. 47-71,SI,Regular,Bueno,No especifica,No especifica,No especifica,No especifica,No especifica,"CELEBRACION DIA DE LA MADRE Y DEL PADRE, AMOR Y AMISTAD, NOVENAS DE NAVIDAD, DIA DE HALLOWEEN,  INTEGRACIÓN DE LA COMUNIDAD, JORNADA DE SALUD, SANCOCHOS",NO,No,Sí,"Mujeres, Hombres, Adultos, Adultos Mayores, Afrodescendientes, Victimas del conflicto",NO,No,SI,DOS (DOS),SI,No,"Mejorar la Infraestructura, Mejorar condiciones Medioambientales, Mejorar el acceso a los derechos","CITOLOGIAS, BRIGADAS DE OJOS",PEDAGOGIA CON LOS NIÑOS,TALLERES CON LA POBLACION CON CAPACIDADES DIFERENTES,TORNEOS DEPORTIVOS,"DIA DE LAS COMETAS, RECREOCOMUNAS","PARQUE AMBIENTAL, BRIGADAS",,OBRAS DE TEATRO,,,1,No,No aplica,NO FUE PRESENTADO,NO FUE PRESENTADO,NO FUE PRESENTADO,,NO SE PRESENTO EL LIBRO DE ACTAS ,SE INFORMO QUE NO TIENEN NINGÚN OTRO LIBRO ,Sí,No,No,Sí,Empalme Parcial,SI,NO,NO,NO,NO,NO,NO,NO,Sí,"EN LA CONVIVENCIA, EN LA SOCIALIZACION DE PROYECTOS, EN EL MEJORAMIENTO CONTINUO Y CALIDAD DE VIDA.   "
08/09/2017,08,BARRIO LA LIBERTAD,Cra 20C Nº 56 - 75,SI,Malo,Bueno,No especifica,No especifica,No especifica,No especifica,No especifica,"Gestiones, eventos deportivos y culturales, socialización con la policía, rendición de cuentas, asambleas",SI,Sí,Sí,"Mujeres, Hombres, Jóvenes, Adultos, Adultos Mayores, Victimas del conflicto, Población en Situación de Discapacidad",SI,Sí,SI,3,SI,Sí,"Mejorar la Infraestructura, Mejorar condiciones Medioambientales, Mejorar el acceso a los derechos, Fortalecer la Convivencia",Brigadas de salud,Cursos de convivencia,Cursos de convivencia,Torneos deportivos,Torneos deportivos,Convites de aseo,Cursos de convivencia,Cursos de convivencia,Infraestructura,"Red de gas, escalas, cambio de alcantarillado",12,Sí,5,14 Junio 2017,"No tienen, ya se llevaron para registro en SPC",2 Agosto 2017,28/08/2017,,,Sí,Sí,Sí,Sí,Empalme Parcial,SI,SI,NO,NO,NO,NO,SI,SI,Sí,Procurando la mejor calidad de vida de la comunidad ejecutando el plan de trabajo y gestionando ante los entes públicos y privados
12/09/2017,09,BARRIO LA MILAGROSA,CR 29 #41 - 14 ,SI,Regular,Regular,No especifica,Regular,No especifica,No especifica,No especifica,"INFRAESTRUCTURA, SALUD CULTURA Y DEPORTE, ADEMAS SE GESTIONA LA EDUCACIÓN.",NO,Sí,Sí,"Mujeres, Hombres, LGTBI, Jóvenes, Adultos, Adultos Mayores, Población en Situación de Discapacidad",SI,Sí,SI,3,SI,No,"Mejorar la Infraestructura, Mejorar condiciones Medioambientales, Promover la productividad y el emprendimiento., Mejorar el acceso a los derechos, Fortalecer la Convivencia","BRIGADAS DE SALUD, LA PERLA, UNIVERSIDAD DE ANTIOQUIA, ",,CARNAVALES CON LOS GRUPOS DE ADULTO MAYOR ,,PROYECTOS RECREATIVOS CON EL INDER ,"CAPACITACIONES SOBRE RESIDUOS SÓLIDOS, SERVICIOS PUBLICOS ",,,,,11,Sí,3,,,,25/04/2017,,,Sí,Sí,No,Sí,Empalme Total,SI,SI,SI,SI,SI,SI,SI,SI,Sí,DÁNDOSE A CONOCER POR MEDIO DE LA EJECUCIÓN DE OBRAS Y DEMÁS HAMBITOS DEL DESARROLLO 
14/09/2017,04,BARRIO LA PIÑUELA,carrera 50 # 86 - 07,SI,Bueno,Bueno,No especifica,No especifica,No especifica,asilo santisima trinidad,Regular,"semilleros,escuela de futbol,grupo juveniles,manualidades,talleres artisticos,servicio social.",SI,Sí,Sí,"Mujeres, Hombres, LGTBI, Jóvenes, Adultos, Adultos Mayores, Afrodescendientes, Victimas del conflicto, Población en Situación de Discapacidad",SI,Sí,SI,6,SI,Sí,"Mejorar la Infraestructura, Mejorar condiciones Medioambientales, Promover la productividad y el emprendimiento., Mejorar el acceso a los derechos, Fortalecer la Convivencia",campañas,"talleres,semilleros.",actividades adultos mayores,torneos.,recreandos,linpieza quebrada.,jornadas de sensibilizacion,jornadas de integracion.,,,17,Sí,6,junio de 2016,agosto de 2017,agosto de 2017,10/08/2017,,,Sí,Sí,No,Sí,Empalme Total,SI,SI,SI,SI,SI,SI,SI,SI,Sí,"garantizando la ascesibilidad a los proyectos sociales y la oferta institucional,mejorando la infraestructura vial,educativa deportica a traves de gestión."
20/09/2017,13,BARRIO LA PRADERA SECTOR PARTE ALTA,Cl 49A No. 97A 78,SI,Bueno,Bueno,No especifica,No especifica,No especifica,Buen estado,Bueno,"""Tiene información abierta a todo la comunicad, hacemos actividades para la comunidad en: recreación, cultura, obras públicas, se participa en gestión institucionales de red y gas, parcheos, pasamanos etc"".",SI,Sí,Sí,"Mujeres, Hombres, Jóvenes, Adultos, Adultos Mayores, Afrodescendientes, Victimas del conflicto, Población en Situación de Discapacidad",SI,Sí,SI,4,SI,Sí,"Mejorar la Infraestructura, Mejorar condiciones Medioambientales, Promover la productividad y el emprendimiento., Mejorar el acceso a los derechos, Fortalecer la Convivencia",Promoción y prevención en salud visual y ortodoncia articulados con la secretaria de salud,Se gestionan las becas de Sapiensa,Se realiza actividades dirigidas a toda la comunidad en mejoramiento de la calidad de vida,Se realiza talleres a víctimas del conflicto y se articulan con varios programas del plan de trabajo y articulación con el Inder,"Se realiza actividades para la celebración del día del niño, de la mujer, madres etc.","Siembras, limpieza, aseo, convites etc.",Todas las actividades apuntan a generar lazos de paz ,Eventos del plan de trabajo ver adjunto,Ver los mencionados ,Ver los mencionados ,14,Sí,7,28/08/2017,Sin fecha,05/08/2017,22/06/2017,N/A,N/A,Sí,Sí,No,Sí,Empalme Total,SI,SI,SI,SI,SI,SI,SI,SI,Sí,"""Mejorando acciones de vecindad, con buenas prácticas en el desarrollo de cada afiliado, beneficiándolos con programas que tenemos los servicios a la comunidad"""
12/09/2017,13,BARRIO LA QUIEBRA,Calle 48DD 99F - 17,SI,Bueno,Bueno,No especifica,No especifica,No especifica,Buenas condiciones,Bueno,"""eventos de esparcimiento, encuentros de juventud, adulto mayor, niños, eventos dedicados a la familia, reuniones formativas etc"". ",SI,Sí,Sí,"Mujeres, Hombres, Jóvenes, Adultos, Adultos Mayores",SI,Sí,SI,14,SI,Sí,"Mejorar la Infraestructura, Mejorar condiciones Medioambientales, Promover la productividad y el emprendimiento., Mejorar el acceso a los derechos",Brigadas de salud y atención primaria en salud,Becas con Sapiensa,Se realiza actividades dirigidas a toda la comunidad en mejoramiento de la calidad de vida,Articulación con el Inder ,"Se realiza actividades para la celebración del día del niño, de la mujer, madres etc.","Se cuenta con la mesa ambiental para sensibilizar los procesos del sector, se siembran arboles y se realiza jornadas de limpieza.",Todas las actividades que tenemos generan paz y armonía en la población,Articulación con cultura en formación artística,"Isvimet en mejora de vivienda, liderazgos juveniles y fortalecimiento de la convivencia ",Ver los antes mencionados ,14,Sí,3,24/0572017,"sin fecha, pero se evidencia ",12/0972017,,N/A,N/A,Sí,Sí,No,Sí,Empalme Parcial,NO,NO,NO,NO,NO,NO,NO,NO,Sí,"""Con todas las actividades antes mencionadas, con la articulación de las diferentes secretarias y la JAC, con los programas que están realizando y empoderamiento a los jóvenes en diferentes temas"" "
14/11/2017,02,BARRIO LA ROSA,CALLE 98 No. 50-68,SI,Bueno,Bueno,No especifica,No especifica,Bueno,No especifica,No especifica,"CANALIZACIÓN DE QUEBRADAS, PABIMENTACION DE CALLES",SI,Sí,Sí,"Mujeres, Hombres, LGTBI, Jóvenes, Adultos, Adultos Mayores, Población en Situación de Discapacidad",SI,Sí,SI,2,SI,No,"Mejorar la Infraestructura, Mejorar condiciones Medioambientales, Mejorar el acceso a los derechos, Fortalecer la Convivencia","ARREGLO DEL ALCANTARILLADO PARA EVITAR LA EPIDEMIA DE LA BARICELA, QUE SEGÚN DIAGNOSTICO FUE LO QUE LA OCASIONO, EXTERMINIO DE ROEDORES  ",BECAS EN EDUCACIÓN SUPERIOR,,"SEMILLEROS, TORNEO DE RODILLONES, GIMNASIA",RECREANDOS,"CANALIZACIÓN DE LA QUEBRADA Y SENSIBILIZACION, GESTIÓN PARA EXTERMINIO DE ROEDORES",SENSIBILIZACION EN LA NO VIOLENCIA,,,,17,Sí,SEIS,25 DE OCTUBRE DE 1968,NO SE INFORMO,07 DE JULIO DE 2005,02/02/2015,,,Sí,Sí,No,Sí,Empalme Total,NO,NO,NO,SI,NO,NO,NO,NO,Sí,"EN LA TRANSFORMACIÓN COMO RESULTADO DE LA GESTIÓN, EN EL MEJORAMIENTO DE LA CALIDAD DE VIDA, EN CARRETERAS, I.E., AMOBLAMIENTO, TRANSPORTE, CENTRO DE SALUD "
11/09/2017,03,BARRIO LA SALLE,Carrera 42 B # 91-42,SI,Bueno,Bueno,No especifica,No especifica,No especifica,No especifica,No especifica,"Los dignatarios actuales pudieron recuperar la junta después de un periodo largo de sanción, esta recibió su personería jurídica el mes de Junio, desde entonces viene articulandose con las necesidades de la comunidad y motivandola para su participación ",SI,Sí,Sí,"Mujeres, Hombres, LGTBI, Jóvenes, Adultos, Adultos Mayores",SI,No,SI,7,NO,No,Fortalecer la Convivencia,Brigadas de Salud,Becas Educativas ,"Bonos Alimenticios, Ser capaz en Casa","Ajedrez, porrismo, natación y tenis de mesa ",,,,,,,14,Sí,8,Octubre del 2016,No tienen aún ,No se ha radicado ,24/08/2017,,,Sí,No,Sí,Sí,No Empalme,NO,NO,NO,NO,NO,NO,NO,NO,Sí,"incide positivamente , ha creado confianza con la comunidad "
20/08/2017,08,BARRIO LA SIERRA,Cra 6Este Nº 54B - 05,SI,Regular,Bueno,No especifica,No especifica,Bueno,Iglesia,Bueno,"Rendición de cuentas, asambleas, convites comunitarios, actividades varias, recreaciones",SI,Sí,Sí,"Mujeres, Hombres, Jóvenes, Adultos, Adultos Mayores, Población en Situación de Discapacidad",SI,Sí,NO,formulación y gestión de proyectos,SI,Sí,"Mejorar la Infraestructura, Mejorar condiciones Medioambientales, Mejorar el acceso a los derechos, Fortalecer la Convivencia",,"Semilleros de niños, fortalecimiento en telecentro",Festivales,Torneo de fútbol ,Festivales,Recolección de residuos sólidos,Festivales,,Infraestructura y Productividad,"Construcción local y andenes, cancha polideportiva, motocarga",12,Sí,3,Marzo 29 de 2017,Mayo 29 de 2017,Agosto 19 de 2017 Pendiente de registro en SPC,18/08/2017,,,Sí,Sí,Sí,Sí,Empalme Total,SI,SI,SI,SI,SI,SI,SI,SI,Sí,Con credibilidad y aceptación de la comunidad para con la JAC
13/09/2017,12,BARRIO LA SOLEDAD,Carrera 53A  N° 81B-55,NO,Bueno,Regular,No especifica,No especifica,No especifica,"Otros cultos(7), Comunidad Católica de Emaus, quien dio en comodato a la Junta de Acción Comunal,  la sede social",Bueno,"Actividades culturales, de integración social, Deportivas, y recreativas,Feri de Antioqueñidad, día de madres, Navidad comunitaria, noche de estrellas y celebración de día de amor y amistad; además, de la gestión de recursos en el Presupuesto Participativo, para que la comunidad se beneficie.",NO,Sí,Sí,"Mujeres, Hombres, Jóvenes, Adultos, Adultos Mayores",SI,Sí,SI,1,SI,Sí,"Mejorar la Infraestructura, Promover la productividad y el emprendimiento., Mejorar el acceso a los derechos, Promover la Participación social y comunitaria",Gestión móvil de Salud,Gestión y promoción de becas de educación superior con Presupuesto Participativo,,Acompañamiento a torneos deportivos,Celebración del día del niño,,,"Celebración del día de la madre, noche de setrellas",,,12,Sí,6,04/04/2017,,29/08/2017,,Libro de Acyas,06/09/2017,Sí,No,No,Sí,Empalme Total,NO,SI,NO,SI,NO,NO,NO,NO,Sí,"A través de actividades, tales como: la hidro terapia"
25/09/2017,07,BARRIO LAS COMETAS,cl 76ca # 88c-30,SI,Bueno,No especifica,No especifica,No especifica,No especifica,No especifica,No especifica,integracion con la comunidad,SI,Sí,Sí,"Mujeres, Hombres, Jóvenes, Adultos, Adultos Mayores",SI,No,SI,3,NO,No,Fortalecer la Convivencia,,,,,Actividades con niños,,,,,,14,No,No aplica,16/09/2016,sin registro,sin registro,,,,Sí,No,No,Sí,Empalme Parcial,SI,SI,NO,SI,SI,SI,SI,,Sí,Dinamización de información y apoyo a actividades
12/09/2017,10,BARRIO LAS PALMAS,Carrera 42  41-26,SI,Bueno,Bueno,No especifica,No especifica,No especifica,Fundación Estrellitas de Niquitao,Bueno,"Programación fiestas y eventos, Acompañamiento a los proyectos de PP, Formación en manualidades, programas de la tercera edad",NO,Sí,Sí,"Mujeres, Hombres, LGTBI, Jóvenes, Adultos, Adultos Mayores, Afrodescendientes, Victimas del conflicto",NO,No,SI,3,NO,Sí,Mejorar condiciones Medioambientales,Jornadas de salud oral,Capacitación en el tema de convivencia,,,,"Cultivos agroecológicos, manualidades",,,,,13,No,No aplica,N/A,N/A,N/A,,,,No,No,No,Sí,No Empalme,NO,NO,NO,NO,NO,NO,NO,NO,Sí,"Se desarrollan algunas acciones en el territorio en representación de la Junta, pero no hay un trabajo organizado y de todos los dignatarios. "
29/08/2017,09,BARRIO LORETO Y NACIONAL,CR 28B # 38F - ,SI,Regular,Bueno,No especifica,No especifica,No especifica,"SEDE TERCERA EDAD, BAMBI",Bueno,"SE ACOMPAÑA PROCESOS CON MADRES COMUNITARIAS, GRUPO JUVENIL, CLUB MARACANEROS, VISITANDO LOS SECTORES DEL BARRIO ESCUCHANDO SUS NECESIDADES Y PROPONIENDO SOLUCIONES.",NO,Sí,Sí,"Mujeres, Hombres, Jóvenes, Adultos, Adultos Mayores, Afrodescendientes",SI,No,SI,3,NO,No,"Mejorar la Infraestructura, Mejorar condiciones Medioambientales, Promover la productividad y el emprendimiento., Mejorar el acceso a los derechos, Fortalecer la Convivencia","CAMPAÑAS DE SALUD,ODONTOLOFGIA,",CLASES DE INCLES,,FÚTBOL.,,LIMPIEZA DE LAS QUEBRADAS,,"GRUPO DE CAPOEIRA,CLASE DE GUITARRA,GRUPO DE TEATRO ",,,15,Sí,4,,15 JUNIO 2017,5 AGOSTO 2017,,,,Sí,No,No,Sí,Empalme Parcial,SI,NO,NO,NO,NO,SI,NO,NO,Sí,"ACTIVANDO OBRES DE INFRAESTRUCTURA, MOVILIDAD Y EDUCACIÓN."
11/08/2017,13,BARRIO LOS ALCÁZARES,Cra 89 No. 48E- 01,SI,Bueno,Bueno,No especifica,Bueno,No especifica,Buen estado,Bueno,"Asambleas informativas y  audiencias públicas de la accidentalidad en la cra 87, Planes de trabajo con Semilleros y adulto mayor",SI,Sí,Sí,"Mujeres, Hombres, LGTBI, Jóvenes, Adultos, Adultos Mayores, Indigenas, Victimas del conflicto, Población en Situación de Discapacidad",SI,Sí,SI,6,SI,No,"Mejorar la Infraestructura, Mejorar condiciones Medioambientales, Promover la productividad y el emprendimiento., Mejorar el acceso a los derechos, Fortalecer la Convivencia, Código de Policía ",Promoción y prevención en salud visual y ortodoncia articulados con la secretaria de salud,Se gestionan las becas de Sapiensa,Se realiza actividades dirigidas a toda la comunidad en mejoramiento de la calidad de vida ,Actividades con articulación con el Inder,"Se realiza actividades para la celebración del día del niño, de la mujer, madres etc.","Convites, prevención y cuidado del entorno, etc",No refieren,Articulación con las fiestas del Porro y cultura en formación cultural,Código de Policía,Talleres formativos y sensibilizando a la comunidad,14,Sí,5,19/07/2017 narran que se actualiza cada mes,10/08/2017,04/08/2017,05/07/2017,Ninguno,Ver adjunto,Sí,Sí,No,Sí,Empalme Total,SI,SI,SI,SI,SI,SI,SI,SI,Sí,"""Con el Plan de Desarrollo desde su construcción con la comunidad ya que se realizan varios programas con ellos; han solicitado con los medios de comunicación su presencia y se ha obtenido respuestas positivas"""
16/09/2017,10,BARRIO LOS ANGELES,Calle 43  60-73,SI,No especifica,Bueno,Bueno,Bueno,Bueno,No especifica,No especifica,"Programas de Deportes, Salud, Obras, Educación, Medio Ambiente",SI,Sí,Sí,"Mujeres, Hombres, Adultos, Adultos Mayores, Afrodescendientes",SI,Sí,SI,5,SI,No,"Mejorar la Infraestructura, Mejorar condiciones Medioambientales, Promover la productividad y el emprendimiento., Mejorar el acceso a los derechos, Fortalecer la Convivencia","Vacunación, campañas de prótesis, ortodoncia, lentes","Becas, capacitación en política pública, ",Maratón de la tercera edad,"Tenis de mesa, fútbol, ","Sociodramas, actividades artísticas","Siembras, podas, educación en reciclaje",Capacitaciones en el tema,Pícnic al parque,,,14,Sí,3,02/04/2017,06/10/2015,30/07/2017,31/08/2017,,,Sí,Sí,Sí,Sí,Empalme Total,SI,SI,SI,SI,SI,SI,SI,SI,Sí,En el mejoramiento de la calidad de vida de los habitantes de la comunidad e infraestructura física
04/09/2017,11,BARRIO LOS COLORES,Carrera 77B  53-26. Oficina 2,SI,Bueno,Bueno,No especifica,Bueno,No especifica,No especifica,No especifica,"Rotación reuniones de dignatarios por diferentes parques del sector y abiertas a la comunidad, Proyecto: ""El Parque como sitio de encuentro y socialización""",SI,Sí,Sí,"Mujeres, Hombres, Jóvenes, Adultos, Adultos Mayores, Victimas del conflicto",SI,Sí,SI,6,SI,Sí,"Mejorar la Infraestructura, Mejorar condiciones Medioambientales, Mejorar el acceso a los derechos, Fortalecer la Convivencia, Acciones Pegagógicas","Campañas de salud visual, mental y oral",Manejo y cuidado de mascotas y cuidado de los parques,Acciones con el adulto mayor vulnerable,Actividades con el INDER,Actividades con el INDER,Limpiezas y cultura del cuidado y respeto de los parques,Integración Cód de Policía,Amor patrio,,,14,Sí,4,02/11/2016,24/06/2016,17/08/2017,08/08/2017,,,Sí,Sí,No,Sí,Empalme Total,SI,SI,SI,SI,SI,SI,SI,SI,Sí,"Acciones pedagógicas, cívicas y culturales, cuidado de los parques, seguridad y convivencia"
11/09/2017,80,BARRIO LOS SALINAS,Calle 45 B Sur # 81 A -15,SI,Bueno,Bueno,No especifica,No especifica,No especifica,Coliseo,Bueno,"Brigadas de Salud, Colectivo de Mujeres, Integración de la comunidad en diferentes actividades",SI,Sí,Sí,"Mujeres, Hombres, Jóvenes, Adultos, Adultos Mayores, Victimas del conflicto, Población en Situación de Discapacidad",SI,Sí,SI,3,SI,No,"Mejorar la Infraestructura, Mejorar condiciones Medioambientales, Mejorar el acceso a los derechos, Fortalecer la Convivencia","Vacunación de niños, tamisaje visual adultos",Taller de Pintura.,Mujeres autónomas; ,,,,"Convivencia,  explicación del código de policía a la comunidad por parte de la policía",,,,14,Sí,4,2016,DICIEMBRE DEL 2016,2016,15/03/2016,,,Sí,Sí,No,Sí,Empalme Total,SI,,,,,NO,NO,NO,Sí,"Con el Acueducto, y el Alcantarillado mejoró el entorno del territorio, programas de salud para el bienestar de la comunidad, en la seguridad del barrio."
11/09/2017,14,BARRIO MANILA,Carrera 43D #11-73,SI,Bueno,No especifica,No especifica,No especifica,No especifica,Mas Cerca y Casa de La Cultura,Bueno,"Convites de Ornato y Limpieza, gestionan recursos que llegan, Mesa de Trabajo y Seguridad",SI,Sí,Sí,"Mujeres, Hombres, Jóvenes, Adultos, Adultos Mayores",SI,Sí,SI,5,SI,Sí,"Mejorar condiciones Medioambientales, Promover la productividad y el emprendimiento.","Campañas de Salud, Visual, Ortodoncia y vacunaciones",El Aval y les proposionan  horas sociales  a los estudiantes de Educación Superior,,Las Justas deportivas,,Educación Ambiental,,Manualidades,,Proyecto Piloto La Cocina,11,Sí,3,1 Septiembre 2017,24 de Agosto 2017,30 de Junio 201728 Agosto 2016,08/08/2017,Deben tener por cada contrato un libro individual,,Sí,Sí,No,Sí,Empalme Parcial,SI,SI,SI,NO,NO,NO,NO,NO,Sí,"Con la gestión que ha desarrollado la junta a mejorado el medio ambiente, la recolección de basuras y la seguridad."
07/09/2017,04,BARRIO MANRIQUE CENTRAL N. 1,carrera 47 # 71 a 40,SI,Regular,Bueno,No especifica,No especifica,Regular,No especifica,No especifica,"campañas de salud,educación,gestión para el mejoramiento de vías, parques, vivienda.",SI,Sí,Sí,"Mujeres, Hombres, Jóvenes, Adultos, Adultos Mayores, Afrodescendientes, Indigenas, Población en Situación de Discapacidad",SI,Sí,SI,5,SI,Sí,"Mejorar la Infraestructura, Mejorar condiciones Medioambientales, Promover la productividad y el emprendimiento., Mejorar el acceso a los derechos, Fortalecer la Convivencia",campañas de prevencion.,capacitaciones y talleres formativos.,actividades grupos de adultos mayores.,,recreandos.,limpiezas.,,,,,16,Sí,6,27 abril de 2016,31 diciembre de 2016,31 agosto de 2017,08/08/2017,,,Sí,Sí,No,Sí,Empalme Total,SI,SI,SI,SI,SI,SI,SI,SI,Sí,"mejoramiento de las condiciones sociales, de infraestructura,inclusion,deporte."
12/09/2017,03,BARRIO MANRIQUE LAS GRANJAS SECTOR PROBIEN,"La organización no cuenta con sede, la reunión fue en la casa de la Presidente  Carrera 42 # 85-167",SI,No especifica,No especifica,No especifica,No especifica,Bueno,No especifica,No especifica,Gestiones y eventos que contribuyen con la calidad de vida de la comunidad ,SI,Sí,Sí,"Mujeres, Hombres, Adultos, Adultos Mayores, Victimas del conflicto",SI,Sí,SI,3,SI,No,"Mejorar la Infraestructura, Mejorar condiciones Medioambientales, Promover la productividad y el emprendimiento., Mejorar el acceso a los derechos, Fortalecer la Convivencia",Brigadas de Salud ,Apoyo a estudiantes en Labor Social ,,"Punto activo inder, ajedrez, tenis de mesa, hidroaerobicos, natación, fútbol callejero","Recreo Cuadra ,  Recreo Comuna y el Inder con Recreando ",Proyecto Ambiental,,Danza y Teatro,,,14,Sí,6,17/01/2017,No tienen,12/07/2017,11/07/2017,,,Sí,Sí,Sí,Sí,Empalme Parcial,SI,SI,NO,SI,NO,NO,NO,NO,Sí,Incide de manera positiva por sus gestiones y su compromiso con la articulación en los diferentes ámbitos de la comunidad. 
15/09/2017,15,BARRIO MANZANARES,calle 2b # 55-133,NO,No especifica,No especifica,No especifica,No especifica,No especifica,No especifica,No especifica,"capacitación en prevención de desastres ,información en campañas de salud y deportes",NO,Sí,Sí,"Mujeres, Hombres, Adultos, Adultos Mayores, Afrodescendientes",SI,No,NO,formulación y gestión de proyectos,NO,No,"Mejorar la Infraestructura, Mejorar condiciones Medioambientales, Fortalecer la Convivencia","campañas de información de vacunas,salud visual.","capacitación en sistemas, contabilidad",,torneo de fútbol.,,eco huertas.,,,,,15,Sí,3,20-05-2008,,,10/09/2017,,,Sí,No,No,Sí,Empalme Parcial,SI,SI,SI,SI,SI,SI,SI,SI,Sí,"cuidando el parque,promoviendo el buen comportamiento en la comunidad, mediación de conflictos.   "
12/09/2017,01,BARRIO MARCO FIDEL SUÁREZ,Sede JAC,SI,Bueno,Bueno,No especifica,No especifica,No especifica,No especifica,No especifica,"Con las acciones realizadas en el territorio (acciones comunitarias, talleres, alfabetización, talleres de periodismo.",NO,Sí,Sí,"Mujeres, Hombres, LGTBI, Jóvenes, Adultos",NO,No,SI,1,NO,No,"Mejorar condiciones Medioambientales, Mejorar el acceso a los derechos, Fortalecer la Convivencia",,Alfabetización,Talleres de inclusión,Torneos deportivos,Grupo recreacional de jovenes,Recuperación de espacio abandonado,,Proyecto de baile y musica,,,2,No,No aplica,16/04/2016,No tienen,No lo han empezado a diligenciar,25/09/2016,,,Sí,No,No,Sí,No Empalme,NO,NO,NO,NO,NO,NO,NO,NO,Sí,Teniendo las puertas abierta para la comunidad como medio de información sobre las actividades sociales realizadas en el territorio
25/09/2017,13,BARRIO METROPOLITANO,Cra. 96 No. 49DB  55 -105,SI,Bueno,No especifica,No especifica,No especifica,No especifica,Buen estado,Bueno,"Homenaje a Nazareno Pérez, actividades culturales, actividades navideñas, recreaciones, asambleas, jornadas deportivas, niveleciones educativas etc. ",SI,Sí,Sí,"Mujeres, Hombres, Jóvenes, Adultos, Adultos Mayores, Población en Situación de Discapacidad",SI,Sí,SI,4,SI,Sí,"Mejorar la Infraestructura, Mejorar condiciones Medioambientales, Promover la productividad y el emprendimiento., Mejorar el acceso a los derechos, Fortalecer la Convivencia","Actividades de prevención y promoción de la salud, brigadas de salud",Clases de nivelación académica y formativa ,Se realiza actividades dirigidas a toda la comunidad en mejoramiento de la calidad de vida,Jornadas deportivas,Articulación con el Inder y jornadas propias de la JAC,Sencibilización del medio ambiente,"Se realiza actividades para la celebración del día del niño, de la mujer, madres etc.","""En esta se realizan varias actividades como: baile, música, teatro, cine foro etc, esta es una de las comisiones que no la han incluido en la Secretaria de Participación y es una de las comisiones que mas incidencia tiene en el territorio. ",Clases de nivelación académica- Formación,Todas las anteriormente enunciadas,14,Sí,5,16/04/2016,10/06/2016,22/09/2017,23/09/2017,N/A,N/A,Sí,Sí,No,Sí,Empalme Total,SI,SI,SI,SI,SI,SI,SI,SI,Sí,"""Con el mejoramiento de la calidad de vida de sus habitantes, la inclusión y generando espacios de participación. "
15/09/2017,06,BARRIO MIRAMAR,Carrera 79 B # 92 -150,SI,Malo,Regular,No especifica,No especifica,No especifica,No especifica,No especifica,"Actividades= recreativas, fiesta de la familia, navidad comunitaria, día conmemorativos.",SI,Sí,Sí,"Mujeres, Hombres, LGTBI, Jóvenes, Adultos, Adultos Mayores, Victimas del conflicto, Población en Situación de Discapacidad",SI,Sí,SI,1,SI,No,"Mejorar la Infraestructura, Mejorar condiciones Medioambientales, Promover la productividad y el emprendimiento., Mejorar el acceso a los derechos, Fortalecer la Convivencia","brigadas de salud (salud, ortondoncia preventiva, puentes, vacunas)",refuerzos primaria,,,"recreando, cuadra recreativa, recreocomuna, tomas recreativas","siembras, jornadas de aseo",,clases de danza y grupo de baile,,,15,Sí,5,,06-01-2017,11-09-2017,05/09/2017,,,Sí,Sí,No,Sí,Empalme Total,SI,SI,SI,SI,SI,SI,SI,SI,Sí,"conocer y darle a conocer a la personas, somos el puente entre la comunidad y la administración."
14/10/2017,04,BARRIO MIRANDA,carrera 51 # 81 - 05,SI,Regular,Bueno,No especifica,No especifica,No especifica,No especifica,No especifica,"semilleros, aerobicos,recreandos,manualidades,capacitaciones.",NO,No,Sí,"Mujeres, Hombres, Jóvenes, Adultos, Adultos Mayores, Afrodescendientes, Victimas del conflicto, Población en Situación de Discapacidad",SI,Sí,SI,3,SI,Sí,"Mejorar la Infraestructura, Mejorar condiciones Medioambientales, Promover la productividad y el emprendimiento., Mejorar el acceso a los derechos, Fortalecer la Convivencia",brigadas de salud,capacitaciones,baile tercera edad.,torneos barrrial,"ciclovia,",,,,,,16,Sí,5,mayo de 2016,agosto de 2016,13 septiembre de 2017,07/12/2017,,,Sí,Sí,No,Sí,Empalme Total,SI,SI,SI,SI,SI,SI,SI,SI,Sí,"mejorando las condiciones sociales del barrio y la inclusión social de todos los actores,mejorando la convivencia, la infraestructura y la ascesibilidad de todos los habitantes a los programas que ofrece la administración y otras entidades."
17/10/2017,02,BARRIO MOSCU NO. 1,Carrera 49 No. 99-08,SI,Bueno,Bueno,No especifica,No especifica,No especifica,No especifica,No especifica,"EN LA SEDE FUNCIONAN 3 GRUPOS DE ADULTOS MAYORES, POBLACIÓN DE DISCAPACIDAD, SEMILLEROS INFANTILES, TALLER DE CUIDADORES, INDER, EVENTOS CON LOS RECREANDOS ",SI,Sí,Sí,"Mujeres, Hombres, Jóvenes, Adultos, Adultos Mayores, Victimas del conflicto",SI,Sí,SI,1,NO,No,"Mejorar la Infraestructura, Mejorar condiciones Medioambientales, Promover la productividad y el emprendimiento., Mejorar el acceso a los derechos, Fortalecer la Convivencia",TALLERES DE SALUD,BECAS DE PRESUPUESTO PARTICIPATIVO,BONOS PARA FAMILIAS VULNERABLES,TORNEOS,RECREANDOS,RECUPERACIÓN Y LIMPIEZA DE QUEBRADAS,,GIRAS CULTURALES,,,15,Sí,4,16 DE ABRIL DE 2016,"NO SE PRESENTA, SE INFORMA QUE ESTA CON LLAVE",NO SE PRESENTA SE INFORMA QUE ESTA CON LLAVE,,EL LIBRO DE ACTAS NO SE PRESENTA ,,Sí,Sí,No,Sí,No Empalme,NO,NO,NO,NO,NO,NO,NO,NO,Sí,"CON LA COLABORACIÓN CONTINUA CON LA COMUNIDAD, CON LA TRANSFORMACIÓN DEL TERRITORIO PROPORCIONANDO CALIDAD DE VIDA"
16/09/2017,80,BARRIO NARANJITOS,Calle 38 Sur # 85 A 17,NO,No especifica,No especifica,No especifica,No especifica,No especifica,No especifica,No especifica,Con el acueducto del barrio,NO,Sí,Sí,"Mujeres, Hombres, Adultos, Adultos Mayores",SI,Sí,SI,2,SI,No,"Mejorar la Infraestructura, Fortalecer la Convivencia",,,,"Convoatorias con el INDER, se debe de ir a la UVA"," las actividades se hacen con el INDER, pero no hay espacios, Y LA COMUNIDAD en la calle",,,,,,14,No,No aplica,ABRIL DEL 2016,NO HAY,NO LO PRESENTÓ EL TESORERO,24/04/2071,,,Sí,Sí,No,Sí,No Empalme,,,,,,,,,Sí,Facilitan certificaciones de  residencia en el territorio
08/09/2017,07,BARRIO NUEVA VILLA DE LA IGUANÁ,calle 59 n° 65-75,SI,Regular,No especifica,No especifica,No especifica,No especifica,No especifica,No especifica,"Asambleas, actividades formativas en convenio",NO,Sí,Sí,"Mujeres, Hombres, LGTBI, Adultos, Adultos Mayores, Afrodescendientes",SI,Sí,SI,3,SI,Sí,"Mejorar la Infraestructura, Mejorar condiciones Medioambientales",,,,arreglo de la cancha,,limpieza de quebrada,,,,,13,Sí,3,no se aportó,no se presentó el tesorero,el libro reposa en las secretaría de Participación,,,,Sí,No,No,Sí,Empalme Parcial,SI,SI,SI,SI,SI,SI,SI,SI,Sí,"cultura frente al manejo de las basuras, apoyos solidarios"
16/08/2017,60,BARRIO NUEVO VEREDA L. LOMA,Calle 52 N° 140 90,NO,Malo,No especifica,No especifica,No especifica,No especifica,No especifica,No especifica,"Asambleas, semilleros, actividades recreativas",SI,Sí,Sí,"Mujeres, Hombres, Jóvenes, Adultos, Victimas del conflicto",SI,Sí,NO,formulación y gestión de proyectos,NO,No,"Mejorar la Infraestructura, Mejorar el acceso a los derechos, Fortalecer la Convivencia",,,,,Semilleros,,Mesa de trabajo la Loma,,Infraestructura,"La sede comunal hay que derrumbarla porque esta agrietada y se puede derrumbar, la junta esta gestionando recursos para reconstruirla",14,Sí,3,17/07/2017,,22/04/2017,30/07/2017,,,Sí,No,No,Sí,Empalme Parcial,SI,SI,SI,NO,SI,SI,SI,SI,Sí,"Participando en actividades que lleven a restablecer la confianza de la comunidad en el territorio, como las mesas de trabajo y actividades conjuntas con otras organizaciones para restablecer la paz en el sector."
29/08/2017,09,BARRIO OCHO DE MARZO,CL 47 #1B - 69,SI,Regular,Regular,No especifica,No especifica,Bueno,No especifica,No especifica,"CAMPAÑAS DE CONCENTRACIÓN DEL MEDIO AMBIENTE Y PROMOCIÓN PARA LA SANA CONVIVENCIA, EVENTOS DE RECONOCIMIENTO A LA MUJER, CELEBRACIÓN DE FIESTA DEL BARRIO. ",NO,Sí,Sí,"Mujeres, Hombres, Jóvenes, Adultos, Adultos Mayores, Afrodescendientes, Victimas del conflicto",NO,No,SI,4,NO,No,"Mejorar la Infraestructura, Mejorar condiciones Medioambientales, Promover la productividad y el emprendimiento.",BRIGADAS DE SALUD ,CENSO DE DESESCOLARIZACIÓN ,,,SALIDAS RECREATIVAS ,"BRIGADAS DE MEDIO AMBIENTE, FERIAS AMBIENTALES ",,,,,16,Sí,5,28/04/2016,,15/08/2017,,,,No,No,No,Sí,Empalme Parcial,NO,NO,NO,NO,NO,NO,NO,NO,Sí,"POR MEDIO DE LAS COMPAÑAS AMBIENTALES, ESPACIOS SALUDABLES, PROTEGER EL MEDIO AMBIENTE, TAMBIÉN A TRAVÉS DEL DEPORTE BUSCAMOS FORTALECER LAS HABILIDADES SOCIALES Y LA UTILIZACIÓN DEL TIEMPO LIBRE. "
12/09/2017,07,BARRIO OLAYA HERRERA NO. 2,cra 101 a 55-09,SI,No especifica,Bueno,No especifica,No especifica,No especifica,No especifica,No especifica,"recuperacion de vias, integración con la parroquia, dinamizar ejecución de pp",NO,Sí,Sí,"Mujeres, Hombres, Adultos, Adultos Mayores, Población en Situación de Discapacidad",NO,No,SI,2,SI,No,"Mejorar la Infraestructura, Mejorar el acceso a los derechos",,,,,,,,,,,15,No,No aplica,24/04/2016,no hay fecha,no hay registro,24/04/2016,,,Sí,No,No,Sí,No Empalme,SI,SI,SI,SI,SI,SI,SI,SI,Sí,"Incide en la gestión de soluciones, aunque en este sentido la presidenta actua sóla"
07/09/2017,03,BARRIO ORIENTE SECTOR BRISAS DEL JARDIN,Cra 31AA 82-53,SI,Bueno,No especifica,No especifica,No especifica,No especifica,UVA La Armonía,Bueno,"Gestión en temas de recreación, salud, educación y obras públicas",SI,Sí,Sí,"Mujeres, Hombres, Adultos, Victimas del conflicto",SI,Sí,SI,4,SI,Sí,"Mejorar la Infraestructura, Mejorar condiciones Medioambientales, Mejorar el acceso a los derechos, Fortalecer la Convivencia",Brigadas de salud,Semilleros para los niños,Grupo de la tercera edad,"Tennis de Mesa, Natación",Recreo Comuna y Recreando,Sensibilización en recolección de basuras,,,,,15,Sí,5,15/04/2017,06/09/2017,31/07/2017,12/08/2017,,,Sí,Sí,Sí,Sí,Empalme Parcial,SI,NO,SI,NO,NO,SI,NO,NO,Sí,"Incide positivamente con gestiones, eventos y labores sociales"
30/09/2017,04,BARRIO PALERMO,carrera 53 # 91 - 48,SI,Regular,Bueno,No especifica,No especifica,Bueno,No especifica,No especifica,"estrategias de participación, talleres formativos,",NO,Sí,Sí,"Mujeres, Hombres, Jóvenes, Adultos, Adultos Mayores, Afrodescendientes, Victimas del conflicto, Población en Situación de Discapacidad",SI,Sí,SI,2,SI,No,"Mejorar la Infraestructura, Mejorar condiciones Medioambientales, Promover la productividad y el emprendimiento., Mejorar el acceso a los derechos, Fortalecer la Convivencia","salud visual,ortodonsia, prevencion del dengue,",formación con el sena.,prestamo del espacio.,inder,inder,campañas de aseo.,,,,,12,Sí,4,04 abril de 2017,16 agosto de 2017,29 septiembre de 2017,16/07/2017,bancos,22 junio de 2017,Sí,Sí,No,Sí,Empalme Parcial,SI,SI,NO,SI,SI,SI,SI,SI,Sí,acercando los ciudadanos a los diferentes programas participativos y de desarrollo ofrecen la alcaldiay generando confianza y credibilidad en los territorios.
25/09/2017,80,BARRIO PALO BLANCO,Cra 85 Nro  44 Sur  - 34   Int 102 ,SI,No especifica,No especifica,No especifica,No especifica,No especifica,No especifica,No especifica,"Gestión Acueducto Comunitario, Gestión ante otros entes especialmente Secretaria del Municipio.Asamblea de la JAC",SI,Sí,Sí,"Mujeres, Hombres, Jóvenes, Adultos, Adultos Mayores",SI,Sí,SI,3,SI,No,"Mejorar la Infraestructura, Mejorar condiciones Medioambientales","Vacunación en General, en especial para niños","Becas de Educación superior para los jóvenes,","Tamizaje Visual, ",,"Apoyo a los recreandos, salida familiar.",Tenencia responsable de mascotas,,,"INFRAESTRUCTURA,",Construcción de Andenes,15,Sí,4,Abril del 2016,"NO HAY,","NO HAY,",,NO HAY,,Sí,No,No,Sí,No Empalme,,,,,,,,,Sí,"En el manejo del acueducto barrial, Informar a la comunidad de las oportunidades u opciones que se reciben, y el acceso a beneficios como subsidios."
04/10/2017,01,BARRIO POPULAR N° 2,Calle 118 # 43B 51,SI,Bueno,Bueno,No especifica,No especifica,Bueno,No especifica,No especifica,Encuentros sectoriales y sociales,NO,No,No,"Mujeres, Hombres, Jóvenes, Adultos, Adultos Mayores, Victimas del conflicto",NO,No,SI,2,SI,Sí,"Mejorar la Infraestructura, Mejorar condiciones Medioambientales, Fortalecer la Convivencia",Capacitaciones en temas de salud,Foros para la construcción de propuestas,,Aerobicos,,,,Creación del grupo de Hip-hop,,,5,Sí,3,No los presentan,No los presentan,No los presentan,,,,Sí,No,No,Sí,Empalme Parcial,NO,NO,SI,NO,SI,SI,NO,NO,Sí,Mejorando las condiciones de vida para la comunidad
25/08/2017,01,BARRIO POPULAR NO 2 PARTE ALTA,Sede comunal,SI,Bueno,Regular,No especifica,No especifica,No especifica,No especifica,No especifica,Torneos barriales - Navidad Comunitaria - Salidas pedagógicas - Obras de infraestructura - Convites,NO,Sí,Sí,"Mujeres, Hombres, LGTBI, Jóvenes, Adultos, Adultos Mayores, Victimas del conflicto",NO,No,SI,3,SI,Sí,"Mejorar la Infraestructura, Mejorar condiciones Medioambientales, Mejorar el acceso a los derechos, Fortalecer la Convivencia",Brigadas de salud,Talleres de alfabetización,Convocan a toda la comunidad a participar,Tornes de futbol,Semilleros,convites para limpiezas ,,Murales ,,,15,Sí,4,no tiene fecha el ultimo registro que realizaron en el libro,,,,,,Sí,No,No,No,No Empalme,NO,NO,NO,NO,NO,NO,NO,NO,Sí,Mejorando la infraestructura - Con participación e inclusión de la comunidad - Solucionando problemáticas barriales- impulsando el deporte
13/09/2017,10,BARRIO PRADO,Carrera 50A  62-33,SI,Bueno,Bueno,No especifica,Bueno,Bueno,No especifica,No especifica,"Tertulias, asambleas con la comunidad, Consultorio con Planeación, Actividades varias en la sede social (bazares, capacitaciones, manualidades)",SI,Sí,Sí,"Mujeres, Hombres, Adultos, Adultos Mayores",SI,Sí,SI,5,NO,Sí,"Mejorar la Infraestructura, Mejorar condiciones Medioambientales, Promover la productividad y el emprendimiento., Mejorar el acceso a los derechos, Fortalecer la Convivencia",Jornadas de salud,Talleres,,,"Actividades de la familia, novenas navideñas, día del niño","Manejo de basuras, siembras y podas",Actividades en la sede,Talleres de la tercera edad,,,13,Sí,3,26/07/2017,09/02/2014,31/08/2017,06/09/2017,Caja menor,05/09/2017,Sí,Sí,Sí,Sí,Empalme Total,SI,SI,SI,SI,SI,SI,SI,SI,Sí,"Procurando que se dé cumplimiento al acuerdo sobre el uso del suelo, apoyo en temas de seguridad, atención a requerimientos de la organización"
31/08/2017,07,BARRIO ROBLEDO PALENQUE,cl 6888-32,SI,Bueno,Bueno,No especifica,No especifica,No especifica,No especifica,No especifica,"capacitaciones, campañas,seguimiento a ejecuciones",SI,Sí,Sí,"Mujeres, Hombres, Adultos, Adultos Mayores",SI,Sí,SI,1,NO,Sí,"Mejorar la Infraestructura, Mejorar condiciones Medioambientales","protesis, jornada visual",,,"gimnasia, festivales",,manejo residuos sólidos,,,,,13,No,No aplica,pendiente fallo asoocmunal,pendiente ajuste,julio 2017,31/07/2017,,,No,Sí,No,Sí,Empalme Parcial,NO,,NO,SI,SI,SI,SI,SI,Sí,"propicia el mejoramiento de vida de los habitantes, posibilitar un espacio para eventos, encuentros familiares, apoyar a los jóvenes estudiantes"
24/08/2017,03,BARRIO SAN BLAS,CL 89A 36B 20,NO,Bueno,Bueno,No especifica,No especifica,No especifica,No especifica,No especifica,"Combites, recolección de fondos y prestar espacios para eventos de la comuna.",SI,Sí,Sí,"Mujeres, Hombres, Adultos, Adultos Mayores",SI,Sí,SI,4,SI,Sí,"Mejorar la Infraestructura, Mejorar condiciones Medioambientales, Fortalecer la Convivencia","Brigadas de salud, gestión en citas médicas, prótesis, ortodoncia y Optometría.",Información y talleres.,Grupo de la tercera edad para recreación y deporte.,"Torneos de tenis, porrimo, ajedrez, microfutbol y Natación.",Cuadra recreativa.,Limpieza y reforma.,,,,,14,Sí,4,25/04/2016,20/04/2017,11/08/2017,13/07/2017,,,Sí,Sí,No,Sí,No Empalme,NO,NO,NO,NO,NO,NO,NO,NO,Sí,En el desarrollo e integración de la comunidad.
23/09/2017,07,BARRIO SAN GERMÁN,cra 74b 65-215,SI,Bueno,Bueno,No especifica,No especifica,No especifica,No especifica,No especifica,"encuestas de grupos poblacionales, actividades culturales, apoyo actividades deportivas",NO,Sí,Sí,"Mujeres, Hombres, Jóvenes, Adultos, Adultos Mayores, Afrodescendientes, Indigenas",SI,Sí,SI,1,SI,No,Mejorar la Infraestructura,,,,equipo de pre pony futbol,actividades lúdicas,,,noches de cine,,,12,Sí,4,11/03/2017,sin fecha,25/08/2017,21/07/2017,,,Sí,Sí,No,Sí,Empalme Total,SI,SI,SI,SI,SI,NO,SI,SI,Sí,gestionado y tramtando ante las organizaciones soluciones básicas
22/09/2014,04,BARRIO SAN NICOLAS,carrera 48 # 96 - 53,SI,Bueno,Bueno,No especifica,No especifica,No especifica,No especifica,No especifica,"semilleros,recreando,club de vida,escuela de futbol.",NO,Sí,Sí,"Mujeres, Hombres, Jóvenes, Adultos, Adultos Mayores, Población en Situación de Discapacidad",SI,Sí,SI,3,NO,Sí,"Mejorar la Infraestructura, Mejorar condiciones Medioambientales, Promover la productividad y el emprendimiento., Mejorar el acceso a los derechos, Fortalecer la Convivencia",campañas de salud,actividades formativas.,actividades de club de vida.,escuelas de fútbol.,recreando.,campañas de medio ambientales.,,,,,14,Sí,4,12 agosto de 2017,13 de julio de 2017,17 agosto de 2017,17/05/2017,,,Sí,Sí,No,Sí,Empalme Total,SI,SI,SI,SI,SI,SI,SI,SI,Sí,mejorando las condiciones sociales de sus habitantes y la infraestructura barrial.
22/08/2017,01,BARRIO SAN PABLO,Sede JAC,SI,Bueno,Regular,No especifica,No especifica,No especifica,No especifica,No especifica,Con el día Blanco - Realización de Asambleas - Jornadas de limpieza - Pintura de fachadas - Clubes de vida,SI,Sí,Sí,"Mujeres, Hombres, Jóvenes, Adultos, Adultos Mayores",SI,No,SI,2,SI,Sí,"Mejorar la Infraestructura, Mejorar condiciones Medioambientales, Mejorar el acceso a los derechos, Fortalecer la Convivencia",Brigadas de salud,Alfabetización,Convocatoria a todos los sectores,Torneos deportivos,Tomas recreativas,Recolección de basuras,Con todas las actividades se promueve la paz en el territorio,Encuentro de grupos artisticos,,,14,Sí,4,09/11/2016,,,21/07/2017,,,Sí,Sí,No,Sí,No Empalme,NO,NO,NO,NO,NO,NO,NO,NO,Sí,Creando confianza en la comunidad en los procesos de la JAC y ademas realizando trabajo socila
14/11/2017,02,BARRIO SANTA CRUZ PARTE BAJA,CARRERA 51 A  No. 100 A-55,SI,No especifica,Bueno,Malo,Bueno,No especifica,No especifica,No especifica,"TRABAJO CON LA POBLACIÓN VULNERABLE, NIÑOS, ADULTOS, MADRES CABEZA DE FAMILIA, MEDIO AMBIENTE",SI,Sí,Sí,"Mujeres, Hombres, LGTBI, Jóvenes, Adultos, Adultos Mayores, Victimas del conflicto, Población en Situación de Discapacidad",SI,Sí,SI,2,SI,No,"Mejorar la Infraestructura, Mejorar condiciones Medioambientales, Promover la productividad y el emprendimiento., Mejorar el acceso a los derechos, Fortalecer la Convivencia",ENTREGA DE GAFAS CON RECURSOS PROPIOS ,"ENTREGA DE 150 KITS ESCOLARES CON RECURSOS PROPIOS, CAPACITACIÓN EN EL TELECENTRO","TRABAJO CON POBLACIÓN DIFERENTE, TORNEO ADULTO MAYOR",TORNEOS DEPORTIVOS,CELEBRACIÓN DIA DEL NIÑO,"SIEMBRE Y RECUPERACIÓN DE ZONAS VERDES, LIMPIEZA CAÑO SANTA CRUZ",,EVENTOS CULTURALES CON LA COMUNIDAD,,,17,Sí,6,30 DE JUNIO DE 2017,30 DE SEPTIEMBRE DE 2017,30 DE JULIO DE 2017,24/06/2017,,,Sí,Sí,No,Sí,Empalme Total,NO,NO,NO,NO,NO,NO,NO,NO,Sí,"MANTENIENDO LOS PROGRAMAS, PERMANENCIA Y ASISTENCIA CON LAS POBLACIONES OBJETIVAS, TRANSFORMANDO EL TERRITORIO, MEJORANDO LA CALIDAD DE VIDA"
11/09/2017,03,BARRIO SANTA INÉS,Calle 79 A  40-10,SI,Bueno,Bueno,No especifica,No especifica,No especifica,UVA La Alegría ,Bueno,"Gestiones en temas educativos, deportivos, recreativos y sociales",SI,Sí,Sí,"Mujeres, Hombres, LGTBI, Jóvenes, Adultos, Adultos Mayores, Victimas del conflicto",SI,Sí,SI,4,SI,Sí,"Mejorar la Infraestructura, Mejorar condiciones Medioambientales, Promover la productividad y el emprendimiento., Fortalecer la Convivencia",Brigadas de Salud ,Técnicas  en Recursos Humanos y de Operación Eventos ,Grupo de la Tercera Edad y Deporte sin Limites ,"Torneos Futbol, ajedrez, tenis de mesa, futbol de salon y Tekondo ",Recreo Comuna y Recreo Cuadra,Recolección de Basuras ,,Artistas,,,15,Sí,5,Agosto 2017,Septiembre 2017,Julio 2016,29/08/2017,,,Sí,No,No,Sí,Empalme Total,SI,SI,SI,SI,SI,SI,SI,SI,Sí,"Incide de manera educativa, deportiva, medio ambiente  entre otras, incluyendo a toda  la comunidad  de manera comprometida "
06/09/2017,07,BARRIO SANTA MARGARITA,calle 62 # 106-44,SI,Bueno,No especifica,Bueno,No especifica,No especifica,No especifica,No especifica,elecciones de presupuesto participativo,SI,Sí,Sí,"Mujeres, Hombres, Adultos, Adultos Mayores",SI,Sí,NO,formulación y gestión de proyectos,SI,Sí,"Mejorar la Infraestructura, Mejorar condiciones Medioambientales",divulgacion y acompañamiento,,,,,,,,,,14,Sí,4,en tramite de depuracion,no registra,30/08/2017,30/07/2017,,,Sí,Sí,No,Sí,Empalme Total,SI,SI,SI,SI,SI,SI,SI,SI,Sí,hay un reconocimiento comunitario en la organización
05/09/2017,07,BARRIO SANTA MARGARITA SECTOR VALLEJUELOS,cll 62 cra 102c-31,SI,Regular,Bueno,No especifica,No especifica,No especifica,No especifica,No especifica,Gestionón un proyecto para mejoramiento de vivienda,NO,Sí,Sí,"Mujeres, Hombres, LGTBI, Jóvenes, Adultos, Adultos Mayores, Afrodescendientes, Victimas del conflicto",NO,Sí,SI,3,NO,No,"Mejorar la Infraestructura, Mejorar condiciones Medioambientales",,apoyo a estduiantes de educación superior,gestión gas domiciliario,,,,,,,,15,No,No aplica,Abril de 2016,Sin registro,No se evidenció,04/07/2017,,,Sí,No,No,Sí,No Empalme,NO,NO,NO,SI,NO,NO,NO,SI,Sí,A través de gestiones por el desarrollo del barrio y la realización de asambleas de residentes
15/09/2017,80,SECTOR SANTA RITA VEREDA LA VERDE,Diagonal 72 Nro 35 Sur 47,NO,No especifica,No especifica,No especifica,No especifica,No especifica,No especifica,No especifica,"Torneo Deportivos, por una persona afiliada a la organización.",NO,Sí,Sí,"Mujeres, Jóvenes, Adultos, Adultos Mayores, Victimas del conflicto",SI,Sí,SI,5,SI,No,"Mejorar la Infraestructura, Mejorar condiciones Medioambientales, Promover la productividad y el emprendimiento.",,,,Balón mano con del INDER ,Aerobicos con del INDER ,,,,,,14,No,No aplica,Abril del 2016,NO HAY,ESTA EN BLANCO,24/04/2017,,,Sí,No,No,Sí,No Empalme,,,,,,,,,No,Los asistentes manifiestan que no hay apoyo de nadie para la comunidad.
01/09/2017,12,BARRIO SANTA TERESITA,Carrera 85 N° 34A - 67,SI,No especifica,Bueno,No especifica,No especifica,No especifica,No especifica,No especifica,"Asambleas, convocatorias para ejecución de proyectos de Presupuesto participativo",NO,Sí,No,"Mujeres, Hombres, Adultos, Adultos Mayores",NO,Sí,SI,1,NO,No,"Mejorar la Infraestructura, Mejorar condiciones Medioambientales, Mejorar el acceso a los derechos, Fortalecer la Convivencia",,Promoción de las becas de Presupuesto Participativo,,,,"mantenimiento de antejardines, siembra de árboles",,,,,10,No,No aplica,15-04-2016,Lo tienen en blanco,25/03/2017,08/04/2015,,,Sí,No,No,Sí,Empalme Parcial,NO,SI,NO,SI,SI,NO,SI,SI,Sí,"En el mejoramiento del barrio, mejoramiento en la calidad de vida,en participación Ciudadana, hay más comunicación, en identidad."
20/09/2017,06,BARRIO SANTANDER,calle 112 # 77 D 06,SI,Malo,Regular,No especifica,Regular,Regular,No especifica,No especifica,"actividades (recreativas-culturales), asambleas, socialización proyectos.",SI,Sí,Sí,"Mujeres, Hombres, LGTBI, Jóvenes, Adultos, Adultos Mayores, Victimas del conflicto",SI,Sí,SI,3,NO,No,"Mejorar la Infraestructura, Mejorar condiciones Medioambientales, Promover la productividad y el emprendimiento., Mejorar el acceso a los derechos, Fortalecer la Convivencia","mejorar la salud visual, prótesis salud oral, vacunación, tamisajes, sillas de ruedas.",,,torneos,"tomas recreativas, paseos recreativos.","Jornadas de esterilización, siembra de arboles, manejo y tenencias de mascotas, arreglo de parque, eco huertas.",delinquir no paga.,,,,17,Sí,6,05-08-2017,,,,,,Sí,No,No,Sí,No Empalme,NO,SI,NO,NO,NO,NO,NO,SI,Sí,"la convivencia, la participación, generación de oportunidades, desarrollo mental, mejorar la calidad de vida de los habitantes."
17/08/2017,01,BARRIO SANTO DOMINGO SAVIO N°1,Sede de la JAC,SI,Bueno,Bueno,No especifica,No especifica,No especifica,No especifica,No especifica,Busca de lideres sectoriales - Cine Toro en todos los sectores del barrio - Fiestas de Santo Domingo - Convites - Desfile grupos juveniles,NO,Sí,Sí,"Mujeres, Hombres, Jóvenes, Adultos",NO,No,SI,2,SI,Sí,"Mejorar condiciones Medioambientales, Promover la productividad y el emprendimiento., Mejorar el acceso a los derechos, Fortalecer la Convivencia",Ayuda para vinculación al SISBEN,Labor social estudiantil - ,Se invita a todos los sectores a la participación - Trabajo con lideres,Tornes de microfutbol - ,Tomas recreacionales,Trabajo con la mesa ambiental - Educación en el manejo de las basuras,Contribuir a la eliminación de las barreras invisibles,Tertulias con niños,,,11,Sí,5,29/06/2017,No tienen,06/06/2017,,,,Sí,Sí,No,Sí,Empalme Total,SI,SI,SI,SI,SI,SI,SI,SI,Sí,Logrando el respeto de grupos armados para la JAC y la comunidad - Obteniendo la participación de diversos sectores - Unión y articulación entre toda la población del barrio
30/09/2017,04,BARRIO SEVILLA,carrera 51 c # 67 a 90,SI,No especifica,Bueno,No especifica,No especifica,Bueno,No especifica,No especifica,"estrategias participativas,acompañamiento a la comunidad en la formulación de proyectos,capacitaciones.",SI,Sí,Sí,"Mujeres, Hombres, Jóvenes, Adultos, Adultos Mayores, Afrodescendientes",SI,Sí,SI,3,SI,No,"Mejorar la Infraestructura, Mejorar condiciones Medioambientales",campañas y brigadas,capacitaciones.,,jornadas recreactivas.,,campañas de limpieza.,,,,,14,Sí,3,20 de julio 2017,,,,,,Sí,No,No,Sí,Empalme Total,SI,SI,SI,SI,SI,SI,SI,SI,Sí,mejorando las condiciones de vida de sus habitantes.
14/09/2017,01,BARRIO STO DOMINGO SAVIO NO 2 SEC. LA TORRE,Carrera 28 E #108 DA 114,SI,Bueno,Bueno,No especifica,No especifica,No especifica,No especifica,No especifica,"Realizando trabajo social con la comunidad teniendo como base sus necesidades el mas representativo es la gestión para el gas domiciliario, acueducto y alcantarillado",SI,Sí,Sí,"Mujeres, Hombres, LGTBI, Adultos, Victimas del conflicto",SI,No,SI,2,SI,No,"Mejorar la Infraestructura, Mejorar condiciones Medioambientales, Promover la productividad y el emprendimiento., Mejorar el acceso a los derechos, Fortalecer la Convivencia",Campañas visuales y vacunación,Promoción a la educación superior,,Tornes deportivos,Cuadras recreativas,Jornadas de limpieza,,Eventos artisticos,,,16,Sí,6,15/07/2017,No tienen,23/08/2016,25/08/2017,,,Sí,Sí,No,Sí,Empalme Total,NO,NO,SI,SI,,NO,,,Sí,Con la ejecución de sus planes de trabajo y con la gestión que realizan
18/09/2017,11,BARRIO SURAMERICANA,Carrera 64C  48-180,SI,Bueno,Bueno,No especifica,No especifica,No especifica,No especifica,No especifica,"Actividad de gimnasia, Avisos en edificios, Noche de las velas y novenas en diciembre, Navidad Comunitaria",SI,Sí,Sí,"Mujeres, Hombres, Jóvenes, Adultos, Adultos Mayores, Victimas del conflicto",SI,Sí,SI,5,SI,No,"Mejorar la Infraestructura, Mejorar condiciones Medioambientales, Fortalecer la Convivencia","Desratización, Promoción y Prevención, Vacunación mascotas",,"Desayunos saludables, Integraciones, Día Dorado (adultos mayores)","Club de Gimnasia, hidroterapia, natación",Gimnasia dirigida,Jornada de Ornato y Aseo,"Gestión, Pactos Ciudadanos con policía",Bazares,,,12,Sí,3,14/06/2016,,,16/08/2017,,,Sí,No,No,Sí,Empalme Parcial,SI,SI,SI,SI,NO,SI,NO,NO,Sí,Aportando al bienestar y mejoramiento de la calidad de vida de sus habitantes
26/09/2017,05,BARRIO TEJELO,CR 68A 106-24,SI,Regular,Regular,No especifica,No especifica,No especifica,No especifica,No especifica,LA EJECUCION DEL PLAN DE TRABAJO DE LA JUNTA DE ACCION COMUNAL ,SI,Sí,Sí,"Mujeres, Hombres, Adultos, Adultos Mayores",SI,Sí,SI,2,NO,Sí,"Mejorar la Infraestructura, Mejorar condiciones Medioambientales, Fortalecer la Convivencia",JORNADAS DE SALUD ,,,CLUB DEPORTIVO ,,RECUPERACIÓN DE LOS ESCENARIOS DEPORTIVOS  ,,,,,14,Sí,3,3-08-2017,5-07-2017,26-09-2017,16/08/2016,,,Sí,Sí,No,Sí,Empalme Total,SI,NO,NO,NO,NO,NO,NO,NO,Sí,TRABAJAR PARA CUBRIR LAS NECESIDADES QUE  SE PRESENTAN EN EL BARRIO TEJELO 
29/08/2017,05,BARRIO TOSCANA,CLL 111DD 63A 35,SI,Bueno,Bueno,No especifica,No especifica,No especifica,No especifica,No especifica,"Se realizan jornadas de salud visual, vacuna, oftalmológica, con las diferentes entidade3s que prestan servicio, jornadas culturales, cursos artes y oficios  ",SI,Sí,Sí,"Mujeres, Hombres, Adultos, Adultos Mayores",SI,Sí,SI,8,SI,Sí,"Mejorar la Infraestructura, Mejorar condiciones Medioambientales",Jornadas de salud ,,,,,Plantacion de arboles   en las quebradas y parques ,,,,,8,Sí,2,,,27-082017,,,,Sí,No,No,Sí,No Empalme,NO,NO,NO,NO,NO,NO,NO,NO,Sí,impacto positivo con mejoramiento de las necesidades básicas 
28/08/2017,05,BARRIO TRICENTENARIO,cr 64 96 -04 local 110,SI,Regular,No especifica,No especifica,No especifica,No especifica,No especifica,No especifica,NINGUNA ,NO,Sí,Sí,"Mujeres, Hombres, Adultos, Adultos Mayores",NO,No,SI,3,NO,No,NINGUNA ,,,,,,,,,NINGUNA ,,13,Sí,4,21 JUNIO 2017,,31 OCTUBRE 2016,,,,No,No,No,Sí,No Empalme,NO,NO,NO,NO,NO,NO,NO,NO,No,El técnico social no manifiesta observaciones.
30/10/2017,15,BARRIO TRINIDAD,Cra 65 d-  n-24-14,NO,Bueno,Bueno,No especifica,Regular,No especifica,No especifica,No especifica,"Actividades de formación, cultura, recreación, salud ",SI,Sí,Sí,"Mujeres, Hombres, Adultos, Victimas del conflicto, Población en Situación de Discapacidad",SI,Sí,SI,3,SI,No,"Mejorar la Infraestructura, Promover la productividad y el emprendimiento., Mejorar el acceso a los derechos","Acompañamiento a jornadas visuales,",Formación en cursos y diplomados y alfabetización digital.,Taller grupo discapacidad.,,Salidas recreativas.,,,,,,14,Sí,4,19-02 -2010,11-1O-2OO1,11 -10 -2001,,,,Sí,Sí,No,Sí,Empalme Total,SI,SI,SI,SI,SI,SI,SI,SI,Sí,"procesos sociales, acompañamiento a las diferentes actividades propuestas por las JAC en el sector."
17/09/2017,03,BARRIO VERSALLES ,Cra 29 Nro. 71A 61,SI,Bueno,Bueno,No especifica,No especifica,No especifica,Parroquia,Bueno,Gestiones y consistencia con la comunidad,SI,Sí,Sí,"Mujeres, Hombres, Jóvenes, Adultos",SI,Sí,SI,2,SI,Sí,"Mejorar la Infraestructura, Mejorar condiciones Medioambientales, Promover la productividad y el emprendimiento., Mejorar el acceso a los derechos, Fortalecer la Convivencia, Sensibilización para prevenir embarazo adolescente",Brigadas de salud,"Becas para educación superior, labor social y semilleros de matemáticas",Tercera edad y Mujeres emprendedoras,"Ajedrez, porrismo, tennis de mesa, football, club deportivo","Recreo cuadra, Recreo comuna",Sensibilización y brigadas de recolección de basuras,Proyecto de reconciliación,Artistas de baile y canto,,,14,Sí,7,abril 2016,abril 2017,junio 2017,25/06/2017,,,Sí,Sí,No,Sí,Empalme Parcial,SI,NO,SI,SI,NO,NO,NO,NO,Sí,Total compromiso hacia la comunidad
02/10/2017,01,BARRIO VILLA DE GUADALUPE PARTE BAJA,Carrera  44A 95B 10,SI,Regular,Bueno,No especifica,No especifica,No especifica,No especifica,No especifica,"En la actualidad ninguna, pero se han pintado murales y se ha realizado siembra de arboles",NO,Sí,Sí,"Mujeres, Hombres, Jóvenes, Adultos, Adultos Mayores, Población en Situación de Discapacidad",NO,No,NO,formulación y gestión de proyectos,SI,No,Mejorar condiciones Medioambientales,,,,Clases de tekondo,,Siembra de arboles,,Alfabetización,,,5,No,No aplica,No presentan,No presentan,No presentan,,,,Sí,No,No,Sí,Empalme Parcial,SI,NO,SI,NO,NO,NO,NO,NO,Sí,Con el mejoramiento del medio ambiente
02/10/2017,01,BARRIO VILLA DE GUADALUPE PARTE CENTRAL,Parque Villa Guadalupe,SI,Bueno,Bueno,No especifica,No especifica,No especifica,No especifica,No especifica,"Jornada ambiental, articulación con otras organizaciones, sensibilizacion del código de policia",NO,Sí,Sí,"Mujeres, Hombres, Jóvenes, Adultos, Adultos Mayores, Población en Situación de Discapacidad",SI,Sí,SI,3,NO,Sí,"Mejorar la Infraestructura, Mejorar condiciones Medioambientales, Promover la productividad y el emprendimiento., Mejorar el acceso a los derechos, Fortalecer la Convivencia",Capacitación en temas de salud,,,Torneo de ajedrez,Semileros,Limpieza,,Red cultural,,,15,Sí,5,16/04/2016,No tiene fecha,30/06/2017,19/09/2016,,,Sí,No,No,Sí,Empalme Total,SI,SI,SI,SI,SI,SI,SI,SI,Sí,"Mejorando las condiciones del medio ambiente, en temas de movilidad, Control en el manejo de espacios del barrio"
03/11/2017,02,BARRIO VILLA DEL SOCORRO,Carrera 48 No. 103B-18,SI,Bueno,Bueno,No especifica,Bueno,No especifica,No especifica,No especifica,"SE DESARROLLAN PROGRAMAS CULTURALES, AMBIENTALES, RECREATIVOS, DEPORTIVOS, PROYECTOS SOCIALES, PROGRAMAS INSTITUCIONALES ",SI,Sí,Sí,"Mujeres, Hombres, LGTBI, Jóvenes, Adultos, Adultos Mayores, Afrodescendientes, Victimas del conflicto, Población en Situación de Discapacidad",SI,Sí,SI,5,SI,Sí,"Mejorar la Infraestructura, Mejorar condiciones Medioambientales, Mejorar el acceso a los derechos, Fortalecer la Convivencia","CAMPAÑAS DE SALUD VISUAL, AUDITIVA",,REINADO DEL TRANSFORMISMO,TORNEOS DEPORTIVOS,"EVENTOS RECREATIVOS, CELEBRACIÓN DIA DEL NIÑO",PAISAJISMO,CONVIVENCIA,"EVENTOS, GRUPOS ARTISTICOS",,,14,Sí,6,08 DE FEB. DE 2016,TIENEN ES UNA CARPETA,30 DE OCTUBRE DE 2006,30/10/2006,,,Sí,Sí,No,Sí,No Empalme,NO,SI,SI,SI,SI,SI,SI,SI,Sí,"PARTICIPACION ACTIVA EN EL SECTOR, GENERAN ESPACIOS DE ENCUENTROS EN LA COMUNIDAD CON LAS DIFERENTES ACTIVIDADES YA MENCIONADAS. "
19/10/2017,08,BARRIO VILLA HERMOSA,Carrera 37 Nº 66C - 14,SI,Bueno,Bueno,No especifica,No especifica,No especifica,Inspección de policía ,Bueno,"Asambleas, rendición de cuentas, feria de la antioqueñidad, bazar, día del niño, día del adulto mayor, torneo de fútbol ",SI,Sí,Sí,"Mujeres, Hombres, Jóvenes, Adultos, Adultos Mayores, Niños",SI,Sí,NO,formulación y gestión de proyectos,SI,Sí,"Mejorar la Infraestructura, Mejorar condiciones Medioambientales, Fortalecer la Convivencia","Jornadas de salud, jornadas de esterilización ",Alfabetización ,"Feria de la antioqueñidad, paseos ",Torneo de fútbol ,"Feria de la antioqueñidad, paseos ",,"Feria de la antioqueñidad, paseos ",Feria de la antioqueñidad,,,17,Sí,6,11/09/2017,"No tienen, se lo robaron en el día blanco año 2015 ","No tienen, se lo robaron en el día blanco año 2015",10/04/2012,El libro de actas esta pendiente de transcribir año 2016 a 2017,,Sí,Sí,Sí,Sí,No Empalme,NO,NO,NO,NO,NO,NO,NO,NO,Sí,Mejorando la calidad de vida de los sectores
05/09/2017,10,BARRIO VILLANUEVA,Calle 56A  49-27,SI,Bueno,Bueno,Bueno,Bueno,No especifica,No especifica,No especifica,"Actividades pedagógicas, Jornadas de Salud, Talleres de Fortalecimiento a la JAC, Comisión Accidental, Trabajo Interdisciplinario en el tema de seguridad y convivencia con la vinculación de varias dependencias de la Administración Municipal.",SI,Sí,Sí,"Mujeres, Hombres, LGTBI, Jóvenes, Adultos, Adultos Mayores, Victimas del conflicto, Población en Situación de Discapacidad",SI,Sí,SI,5,SI,Sí,"Mejorar la Infraestructura, Mejorar condiciones Medioambientales, Promover la productividad y el emprendimiento., Mejorar el acceso a los derechos, Fortalecer la Convivencia, Seguridad",Jornadas de Salud Parque Caicedo,Programa de Bilingüismo,Gimnasia adulto mayor,Semilleros Deportivos,Cuadra Recreativa INDER,"Hábitat y patrimonio, participación en Mesa Ambiental",Talleres seguridad y convivencia Secretaría de Gobierno,Actividades en el Parque Bolívar,,,13,Sí,4,01 de junio de 2017,20 de junio de 2017,30 de abril de 2017,07/11/2016,,,Sí,Sí,Sí,Sí,Empalme Total,SI,SI,SI,NO,SI,SI,SI,SI,Sí,"Gestión para el tema de seguridad y convivencia, Mejoramiento del Medio Ambiente, Andenes y Vías, Tomas pedagógicas en Parques para mejorar la convivencia, Reuniones con EPM"
11/11/2017,08,BARRIO VILLATINA SECTOR PINARES DE ORIENTE,Casa vivero pinares de oriente,SI,No especifica,No especifica,No especifica,No especifica,No especifica,"Casa vivero, no tienen sede pero si un espacio permanente",Bueno,"Asambleas, rendicion de cuentas",SI,Sí,Sí,"Mujeres, Jóvenes, Adultos, Adultos Mayores, Victimas del conflicto",SI,Sí,NO,formulación y gestión de proyectos,SI,Sí,"Mejorar la Infraestructura, Mejorar condiciones Medioambientales, Promover la productividad y el emprendimiento., Mejorar el acceso a los derechos, Fortalecer la Convivencia, Vivienda",Jornadas de salud,"Manualidades, teatro, danza","Actividades de juventud y niñez, ","Caminatas, torneos de futbol","Actividades de juventud y niñez,celebracion dias especiales","Huerta comunitaria, brigadas de aseo, convites comunitarios",Actividades de juventud y niñez,"Bazar, celebracion dias especiales, teatro, danza",Empresarial,Manualidades,10,Sí,5,Julio 19 2017,"No tienen libro, bienes y sede",Septiembre 16 de 2017,04/04/2016,,,Sí,Sí,Sí,Sí,Empalme Total,SI,SI,SI,SI,SI,SI,SI,SI,Sí,Con acciones mejorando la calidad de vida
11/09/2017,09,BARRIOS DE JESÚS LOS CAUNCES,CALLE 43E # 9D - 53,SI,Bueno,Regular,No especifica,No especifica,No especifica,No especifica,No especifica,"INTERVENCIÓN SOCIAL DE PUNTOS CRÍTICOS, ARTICULACIÓN CON LA CONSTITUCIONALIDAD, PROGRAMAS CON ADULTOS JÓVENES, DISCAPACITADOS E INICIACIÓN DEPORTIVA.",NO,Sí,Sí,"Mujeres, Hombres, Jóvenes, Adultos, Adultos Mayores, Afrodescendientes, Victimas del conflicto, Población en Situación de Discapacidad",SI,Sí,SI,6,SI,No,"Mejorar la Infraestructura, Mejorar condiciones Medioambientales, Mejorar el acceso a los derechos, Fortalecer la Convivencia","JORNADAS DE CONTROL DE ROEDORES, VACUNACIÓN, INSPECCION SANITARIA DE AGUAS RESIDUALES, ACOPIOS DE BASURAS  ",,HIMNO DE LA JAC ,CAMPEONATOS DE MICRO ,ACTIVIDADES EN EL SERRÓ EL VOLADOR Y CONFAMA.,,,GRUPO DE TEATRO,,,15,Sí,7,15/07/2017,22/11/2016,,03/09/2017,,,Sí,Sí,No,Sí,Empalme Total,SI,SI,SI,SI,SI,SI,SI,SI,Sí,"SE A PROPENDIDO POR EL DESARROLLO DEL BARRIO EN TERMINOS DE SALUS, INFRAESTRUCTURA, M. AMBIENTE, MPVILIDAD Y CONVIVENCIA."
30/08/2017,09,BARRIO DE JESÚS LAS PARCELAS,CR 3C # 48 - 51 ,SI,Bueno,Bueno,No especifica,No especifica,No especifica,No especifica,No especifica,"PROYECTOS GESTIONADOS CON LA ADMINISTRACIÓN, CAPACITACIONES MANCOMUNADAS CON LAS DIFERENTES INSTITUCIONES.",SI,Sí,Sí,"Mujeres, Hombres, Jóvenes, Adultos, Adultos Mayores",SI,Sí,SI,3,SI,Sí,"Mejorar la Infraestructura, Mejorar condiciones Medioambientales, Promover la productividad y el emprendimiento., Mejorar el acceso a los derechos, Fortalecer la Convivencia",GESTIÓN DE CUPOS PARA ADULTOS MAYORES ,SE PROMUEVEN ESTUDIOS PARA JÓVENES,,JUSTAS DEPORTIVAS ,RECREANDO," CONSTRUCCIÓN ACOPIOS, LIMPIEZA DE FUENTES HIDRICAS .",,,,,15,Sí,5,21/03/2016,29/06/2017,,04/02/2016,,,Sí,Sí,Sí,Sí,Empalme Total,SI,SI,SI,SI,SI,SI,SI,SI,Sí,"CON LA MEJORA DE SENDEROS PEATONALES, ZONAS VEDES, CUENCAS HIDROGRÁFICAS, PARQUES RECREATIVOS."
01/09/2017,03,BARRIOS UNIDOS,Carrera 36 BB # 91 A 61,SI,Bueno,Bueno,No especifica,No especifica,No especifica,No especifica,No especifica,"Gestiona proyectos en formación, recreación, deporte, cultura y salud",NO,Sí,Sí,"Mujeres, Hombres, Jóvenes, Adultos, Adultos Mayores",SI,No,SI,2,SI,No,"Mejorar condiciones Medioambientales, Promover la productividad y el emprendimiento., Mejorar el acceso a los derechos, Fortalecer la Convivencia","Brigadas de Salud, charlas para la prevención del suicidio ","Talleres en diferentes temas y dirigidos a jóvenes, adultos y niños",Grupo de la tercera edad y deporte sin limite,"Torneos de ajedrez, tenis de mesa, natación, porrismo, karate y deporte sin limites","Recreocomuna, cuadra recreativa y paseos ",,,Teatro y Danzas ,,,16,Sí,3,Marzo 2016,2014,No sabe y no tenían el libro a la mano,,,,Sí,No,Sí,Sí,No Empalme,NO,NO,NO,NO,NO,NO,NO,NO,Sí,"Incide de manera positiva en temas culturales, convivencia, integración, recreación y deporte"
01/09/2017,90,VEREDA BARRO BLANCO SECTOR EL ROSARIO P. A.,veereda el rosario,NO,Bueno,No especifica,No especifica,No especifica,No especifica,No especifica,No especifica,"interacción con la comunidad, socialización de procesos, PL Y PP",SI,Sí,Sí,"Mujeres, Hombres, Jóvenes, Adultos",SI,Sí,SI,2,NO,Sí,Mejorar condiciones Medioambientales,brigadas de salud,,,,recreación dirigida a la comunidad,mantenimiento a la vía,,,,,14,Sí,3,06/02/2016,20/01/2017,29/08/2017,04/07/2017,,,Sí,Sí,No,Sí,No Empalme,NO,NO,NO,NO,NO,NO,NO,NO,Sí,desarrollando acciones de convivencia y proceso participativo
10/10/2017,16,BARRIO ALTAVISTA ,carrera 83 #21-22,NO,No especifica,Bueno,No especifica,No especifica,No especifica,No especifica,No especifica,"Actividades con los niños, talleres de manualidades.",NO,Sí,Sí,"Mujeres, Hombres, Jóvenes, Adultos, Adultos Mayores",SI,No,SI,10,NO,Sí,Mejorar condiciones Medioambientales,Jornadas de vacunación para mascotas.,Becas con Presupuesto Participativo,,"Justas deportivas, equipo de fútbol.",,Convites de aseo y de siembra.,,,,,10,Sí,5,El libro se encuentra en Secretaría de Participación Ciudadana.,El libro se encuentra digitalizado ,10 de octubre de 2017,18/10/2016,Libro de bancos,mayo 6 de 2016,Sí,No,No,Sí,Empalme Parcial,NO,NO,NO,NO,NO,NO,NO,NO,Sí,"La organización comunal incide con sus acciones en el territorio, talleres de manualidades para los niños."
23/10/2017,16,BARRIO BUENAVISTA,Carrera 88 # 18 A 8,SI,No especifica,Bueno,No especifica,No especifica,No especifica,No especifica,No especifica,"Actividades sociales para niños, programas del INDER- cuadras recreativas y deporte.",NO,Sí,Sí,"Mujeres, Hombres, Jóvenes, Adultos, Adultos Mayores",SI,Sí,SI,4,SI,No,"Mejorar la Infraestructura, Mejorar condiciones Medioambientales, Promover la productividad y el emprendimiento., Fortalecer la Convivencia",Jornadas y brigadas de salud visual.,"educación con presupuesto participativo, labor social.","Madres gestoras, talleres de alimentación.",Justas deportivas.,Recreación y cuadra recreativas con el INDER,,,,,,13,Sí,4,16 de abril de 2016,no presenta libro conflicto interno con la tesorera,no presenta libro conflicto interno con la tesorera,01/10/2016,,,Sí,No,No,Sí,Empalme Parcial,SI,NO,NO,SI,NO,NO,NO,NO,Sí,La organización con su gestión incide en el desarrollo de la comunidad ya que aporta actividades culturales para los niños.
11/10/2017,16,BARRIO LA GLORIA URBANIZACIÓN LA NUBIA,Carrera 81 - Calle 19 - 49,NO,No especifica,Bueno,No especifica,No especifica,No especifica,No especifica,No especifica,"La organización desarrolla actividades en el territorio como: brigadas de salud, actividades de esterilización de mascotas, cuadra recreativas con el INDER.",SI,Sí,Sí,"Mujeres, Hombres, LGTBI, Jóvenes, Adultos, Adultos Mayores",SI,Sí,SI,5,SI,No,"Mejorar la Infraestructura, Mejorar condiciones Medioambientales, Mejorar el acceso a los derechos",Brigadas de salud,Becas de estudio Presupuesto Participativo,talleres de ciber-cultura,Justas deportivas de futbol,,Convites de aseo,,,,,11,Sí,4,29 de abril de 2017,12 de junio de 2016,No presenta libro de tesoreria,30/09/2017,,,Sí,Sí,Sí,Sí,Empalme Total,SI,SI,SI,SI,SI,SI,SI,SI,Sí,La organización incide en el territorio con los actividades que realiza en el territorio.
17/10/2017,16,BARRIO BELÉN LA PRADERA,Carrera 87B # 31C -29 Int 301,SI,No especifica,Regular,Bueno,No especifica,No especifica,No especifica,No especifica,"La JAC para obtener legitimidad realiza gestiones con varias secretarías como con la secretaría de infraestructura,Actividades con el INDER, convites de limpieza,talleres con los niños y manualidades, fiesta del niño, festival del sancocho, taller de lecto escritura, fiesta de la familia.",SI,Sí,Sí,"Mujeres, Hombres, Jóvenes, Adultos, Adultos Mayores, Población en Situación de Discapacidad",SI,Sí,SI,5,SI,No,"Mejorar la Infraestructura, Mejorar condiciones Medioambientales, Promover la productividad y el emprendimiento.","Jornadas de vacunación, esterilización de mascotas, jornadas de tamizaje visual y prótesis.",Becas con presupuesto participativo,"Fiesta de la familia, festival del sancocho.",Justas deportivas,"Recreación y cuadras recreativas con el INDER, talleres con los niños",convites de limpieza y aseo de la quebrada.,,,,,14,Sí,3,16 de abril de 2016,No tiene libro de inventarios no tienen sede.,30 de septiembre de 2017,01/09/2017,,,Sí,Sí,Sí,Sí,Empalme Total,SI,SI,SI,SI,SI,SI,SI,SI,Sí,"La organización incide en el desarrollo del territorio con las acciones que realiza para mejorar la infraestructura del barrio, gestión con la secretaría de infraestructura en mejora de andenes y puentes en la quebrada, convites de ase y festivales que integran a la comunidad, festival del sancocho, día de la familia."
08/08/2017,16,BELEN LAS MARGARITAS,Carrera 75A # 9 A 20,SI,No especifica,Malo,No especifica,No especifica,No especifica,No especifica,No especifica,Actividades con el INDER Medellín ,NO,Sí,Sí,"Mujeres, Hombres, LGTBI, Adultos, Adultos Mayores",NO,No,SI,3,NO,No,Mejorar condiciones Medioambientales,Jornada  de vacunación ,Talleres,,,,Jornada ambiental -recolección de basuras y siembra de árboles,,,,,16,Sí,5,,,,,Todos los libros se entan registrando en la Secretaría de Participación Ciudadana.,,No,No,No,No,No Empalme,,,,,,,,,No,"ES una junta nueva, planea trabajar con la comunidad y grupos poblacionales de tercera edad, niños, jóvenes, mujeres."
28/09/2017,16,BARRIO LOS ALPINOS,Carrera 84 # 26- 05,NO,No especifica,No especifica,No especifica,No especifica,No especifica,No especifica,No especifica,"Las actividades que desarrolla la JAC son actividades con la comunidad, bingos, bazares, fiesta del niño, actividades con el club de vida, convites de limpieza. ",NO,Sí,Sí,"Mujeres, Hombres, Jóvenes, Adultos, Adultos Mayores, Victimas del conflicto",SI,Sí,NO,formulación y gestión de proyectos,SI,Sí,"Mejorar la Infraestructura, Mejorar condiciones Medioambientales",Jornadas de tamizaje visual y vacunación de mascotas.,,,,Recreación con INDER Medellín - cuadras recreativas,Actividades de convites de limpieza,,,,,14,Sí,3,16 de abril de 2016,1 de julio de 2016,31 de agosto de 2016,04/08/2017,,,Sí,Sí,No,Sí,Empalme Total,SI,SI,SI,SI,SI,SI,SI,SI,Sí,"La organización incide en el territorio con las actuaciones, pero los dignatarios argumentan que por problemas de seguridad y de orden publico no han realizado actividades con la comunidad, que el problema de orden publico con los barrios Zafra y belén alta vista los tiene muy perjudicados."
02/11/2017,16,BELÉN NUTIBARA,Carrera 65A # 32D-10,SI,Bueno,Bueno,Bueno,No especifica,No especifica,No especifica,No especifica,"Prestamo de espacios para actividades de la comunidad, comites de trabajo de la organización.",NO,Sí,Sí,"Mujeres, Hombres, Jóvenes, Adultos, Adultos Mayores, Población en Situación de Discapacidad",SI,No,SI,3,SI,No,"Mejorar la Infraestructura, Mejorar condiciones Medioambientales, Promover la productividad y el emprendimiento.",Jornada de vacunación.,Becas de presupuesto participativo,,Justas deportivas,Cuadras recreativas,,,Grupo de danzas,,,10,Sí,6,18 de octubre 2017,No presenta libro,No presenta libro,,No presenta libro,,Sí,No,No,Sí,Empalme Parcial,SI,SI,SI,SI,NO,SI,SI,SI,Sí,La junta de acción comunal incide en el territorio por que presta el espacio de la sede y el telecentro para realizar actividades. En la sede ensayan muchos grupos musicales y de danza también esta el telecentro y se dictan clase de manualidades.
06/09/2017,16,BARRIO BELEN PARQUE,Belén parque,SI,Bueno,No especifica,No especifica,No especifica,No especifica,No especifica,No especifica,"la organización manifiesta prestar el espacio para realizar actividades, sin embargo la misma organización no los desarrolla",NO,Sí,Sí,"Mujeres, Hombres, Jóvenes, Adultos, Adultos Mayores, Victimas del conflicto",NO,No,SI,1,NO,Sí,no se evidencia los procesos de transformación,,,,,,,,,,,"18 por certificado, activos 8",Sí,6 (3 de ellas no están activas),27/10/2016,12/04/2017,30/08/2017,06/05/2017,"libro de bancos, libro de comodatos",23/08/2017 - 05/11/2016,No,No,Sí,Sí,No Empalme,NO,NO,NO,NO,NO,NO,NO,NO,No,no se puede evidenciar su incidencia
13/09/2017,16,BARRIO BELEN EL RINCÓN,Calle 2 B # 79-84,SI,Bueno,No especifica,No especifica,No especifica,No especifica,Club de vida- Club deportivo,Bueno,"Justas deportivas, convites de limpieza de las quebradas (3)",SI,Sí,Sí,"Mujeres, Hombres, Jóvenes, Adultos, Adultos Mayores",SI,Sí,SI,4,NO,Sí,"Mejorar condiciones Medioambientales, Promover la productividad y el emprendimiento.",promueve y tramita bajar el puntaje del SISBEN ,Alfabetización con integrantes becados de Presupuesto Participativo,,"Torneo con los club deportivos, justas deportivas.",,"Huertas caseras, manejo de residuos sólidos , reciclaje.",,,,,15,Sí,4,Septiembre 10 de 2017,Junio 28 de 2016,Septiembre 2 de 2017,31/08/2017,,,Sí,Sí,No,Sí,Empalme Parcial,SI,SI,NO,NO,NO,NO,NO,NO,Sí,Con las actividades que realiza en el territorio.
15/09/2017,16,BELÉN VILLA CAFÉ,calle 27 A carrera 89B-07,SI,Bueno,No especifica,No especifica,No especifica,No especifica,No especifica,No especifica,"Actividades de aseo, justas deportivas, recreación con jóvenes y niños.",NO,Sí,Sí,"Mujeres, Hombres, Jóvenes, Adultos, Adultos Mayores, Afrodescendientes, Victimas del conflicto",NO,No,NO,formulación y gestión de proyectos,SI,Sí,"Mejorar la Infraestructura, Mejorar condiciones Medioambientales",Jornadas de salud visual,Educación Becas a través de Presupuesto participativo,,Justas deportivas,,Jornadas de aseo ,,,,,15,Sí,4,,,,,,,Sí,Sí,No,Sí,Empalme Parcial,SI,SI,NO,SI,NO,NO,NO,NO,Sí,"con las actividades que realiza con la comunidad, jornadas de aseo para las quebradas, actividades de justas deportivas con los niños."
17/08/2017,07,BARRIO BELLO HORIZONTE,cra 85 # 77c - 41,SI,Bueno,Regular,No especifica,No especifica,No especifica,Parroquia,Bueno,"Asambleas, préstamo de espacios, integración comunitaria",NO,Sí,Sí,"Mujeres, Hombres, Adultos, Adultos Mayores",SI,Sí,SI,2,SI,Sí,"Mejorar la Infraestructura, Mejorar condiciones Medioambientales, Promover la productividad y el emprendimiento., Fortalecer la Convivencia, solucion de ruta de transporte",Salud oral,Becas de educación superior,,,,intervención de la quebrada,,,,,15,Sí,3,04/03/2017,12/15/2011,30/07/2017,,,,Sí,Sí,No,Sí,Empalme Parcial,NO,NO,NO,SI,NO,SI,SI,SI,Sí,Mantener la comunidad unidad y tramitar soluciones a situaciones del barrio
05/09/2017,04,BARRIO BERLIN NO.2,carrera 46 # 90 - 74,SI,Regular,Bueno,No especifica,No especifica,Bueno,ludo teca inder,Bueno,"proyecto innovacion,isvimed,semilleros,dagred,bailo terapia.",NO,Sí,Sí,"Mujeres, Hombres, Jóvenes, Adultos, Adultos Mayores, Victimas del conflicto, Población en Situación de Discapacidad",SI,Sí,SI,2,NO,Sí,"Mejorar la Infraestructura, Mejorar condiciones Medioambientales, Promover la productividad y el emprendimiento., Mejorar el acceso a los derechos, Fortalecer la Convivencia",brigadas de salud.,escuela de padres.,salidas adultos mayores.,,recreandos.,limpieza quebrada la bermejala y cañaverala.,,talleres artisticos.,,,15,Sí,4,30 agosto 2017,,,,,,Sí,Sí,No,Sí,Empalme Parcial,SI,SI,NO,SI,NO,NO,NO,NO,Sí,mejorando las condiciones de vida de sus habitantes y garantizándoles la asecibilidad a la oferta institucional y privada.
22/09/2017,13,BETANIA BELENCITO,Cl 34 98-43,SI,Bueno,Bueno,Bueno,Bueno,No especifica,Buen estado,Bueno,"""Actividades  con el adulto mayor, semilleros, reuniones con jóvenes y adolescentes, cursos de actividad física con el Inder en Yudo, Gimnasia rítmica, madres de familia etc"" ",SI,Sí,Sí,"Mujeres, Hombres, Jóvenes, Adultos, Adultos Mayores, Afrodescendientes, Población en Situación de Discapacidad",SI,Sí,SI,2,SI,Sí,"Mejorar la Infraestructura, Mejorar condiciones Medioambientales, Promover la productividad y el emprendimiento., Mejorar el acceso a los derechos, Fortalecer la Convivencia",Promoción y prevención en salud visual y ortodoncia articulados con la secretaria de salud,Se gestionan las becas de Sapiensa,Se realiza actividades dirigidas a toda la comunidad en mejoramiento de la calidad de vida,Articulación con el Inder ,Justas deportivas y torneos,"Limpieza de cuencas hidrícas y jornadas de aseo, convites",Con estas actividades ellos consideran que le aportan a la paz ,Fiestas del 20 de julio y Antioqueñidad,Ver antes mencionadas,Ver antes mencionadas,13,Sí,2 esta pendiente elegir la vacante que falta,30/07/2017,14/07/2017,27/08/2017,14/07/2017,N/A,N/A,Sí,Sí,No,Sí,Empalme Total,SI,SI,SI,SI,SI,SI,SI,SI,Sí,"""Planificación de proyectos, estrategias para que el barrio tenga un mejor desarrollo y construción de un excelente tejido social"
27/08/2017,13,BARRIO BLANQUIZAL,Cra 93A No. 58-19,SI,Regular,Bueno,No especifica,No especifica,No especifica,El estado es bueno de la sede social,Bueno,"Actividades enmarcadas en el reconocimiento de la tercera edad y su contexto el trabajo cultural, los procesos de telecentros comunitarios que acompañan los semilleros.",SI,Sí,Sí,"Mujeres, Hombres, LGTBI, Jóvenes, Adultos, Adultos Mayores, Afrodescendientes, Victimas del conflicto, Población en Situación de Discapacidad",NO,No,SI,5,NO,Sí,"Mejorar la Infraestructura, Mejorar condiciones Medioambientales, Promover la productividad y el emprendimiento., no aplica",Promoción y prevención en salud visual y ortodoncia  ,Gestión para las becas de presupuesto participativo,N/A,Tomas deportivas y articulación con  el Inder.,"Actividades con niños, niñas",proyecto ambiental y protección...,N/A,N/A,"Plan semilla, campaña de lactancia materna.",Se articulan con la fundación reponer y se realiza varias actividades con la comunidad mas que todo en deporte y tomas  recreativas. ,9,Sí,6,16/04/2016,se evidencia la póliza y contrato de comodatos del 17/08/2017,No lo presentan...,16/04/2016,N/A,N/A,Sí,No,No,Sí,Empalme Parcial,NO,NO,NO,SI,NO,NO,NO,NO,Sí,"""Con trabajo social comunitario, con la intervención que se realiza co la población"""
10/09/2017,10,BOMBONA N° 1 SURGE,Calle 48  38-16,SI,No especifica,Bueno,No especifica,No especifica,No especifica,Salones Sociales Unidades residenciales,Bueno,"Actividades en asocio con los consejos de administración, Asambleas y rendición de cuentas en espacios públicos",SI,Sí,No,"Mujeres, Hombres, LGTBI, Jóvenes, Adultos, Adultos Mayores, Afrodescendientes, Victimas del conflicto, Población en Situación de Discapacidad",SI,Sí,SI,5,SI,Sí,"Mejorar la Infraestructura, Mejorar condiciones Medioambientales, Promover la productividad y el emprendimiento., Mejorar el acceso a los derechos, Fortalecer la Convivencia",Brigadas de salud,Cursos Básicos,Espacios abiertos,,Torneos recreativos,Siembras y vivero,Mesa de seguridad,"Grupos de niños en iniciación musical, coro del adulto mayor",,,16,Sí,5,02/09/2017,15/04/2016,,10/09/2017,,,Sí,Sí,Sí,Sí,Empalme Total,SI,SI,SI,SI,SI,SI,SI,SI,Sí,"A través de Cambio de valores, inclusión y educación para niños y adultos mayores."
09/10/2017,70,VEREDA BUGA PATIO BONITO,Vereda Buga,NO,Bueno,No especifica,No especifica,No especifica,No especifica,No especifica,No especifica,"Convites de limpieza, eventos del adulto mayor, semilleros, Actividades Culturales",NO,Sí,Sí,"Mujeres, Hombres, Jóvenes, Adultos, Adultos Mayores, Población en Situación de Discapacidad",SI,Sí,NO,formulación y gestión de proyectos,SI,Sí,"Mejorar la Infraestructura, Mejorar condiciones Medioambientales, Promover la productividad y el emprendimiento., Mejorar el acceso a los derechos, Fortalecer la Convivencia","jornadas de salud, gafas, monturas, vacunación de mascotas","dotación para la escuela, ",talleres con las mujeres.,,semilleros y tomas recreativas,limpiezas ,,clases de arte y talento,,,15,Sí,4,,,,25/06/2017,,,Sí,No,No,Sí,Empalme Total,NO,,NO,SI,SI,SI,SI,SI,Sí,Mejorando la calidad de vida de sus asociados
28/09/2017,04,CAMPO VALDES EL CALVARIO,calle 80 # 45 - 39,SI,Regular,Bueno,No especifica,Regular,Regular,No especifica,No especifica,"jornadas ecologicas,recreativas, culturales,semilleros de participacion,pedagogia vivencial.",SI,Sí,Sí,"Mujeres, Hombres, Jóvenes, Adultos, Adultos Mayores, Población en Situación de Discapacidad",SI,Sí,SI,3,NO,Sí,"Mejorar la Infraestructura, Mejorar condiciones Medioambientales, Promover la productividad y el emprendimiento., Mejorar el acceso a los derechos, Fortalecer la Convivencia","campañas de salud,",talleres formativos.,actividades adultos mayores.,jornadas deportivas.,recreandos.,campañas de limpieza.,,talleres culturales con niños.,,,13,Sí,4,16 abril 2016,al dia.,,,,,Sí,Sí,No,Sí,Empalme Total,SI,SI,SI,SI,SI,SI,SI,SI,Sí,"mejorando las condiciones de infraestructura barrial a través de su gestión, ofreciendo programa para la comunidad. y la oferta de la alcaldía."
30/09/2017,04,BARRIO CAMPO VALDÉS PARTE BAJA,carrera 50 C # 77-05,SI,No especifica,No especifica,No especifica,No especifica,No especifica,No especifica,No especifica,"capacitaciones, campañas de salud,medio ambiente,recreando.",NO,Sí,Sí,"Mujeres, Hombres, Jóvenes, Adultos, Adultos Mayores",SI,Sí,SI,2,NO,Sí,"Mejorar la Infraestructura, Mejorar condiciones Medioambientales, Fortalecer la Convivencia",campañas de salud visual.,capacitacion en idioma aleman,actividades con adultos mayores,jornadas deportivas.,recreandos.,campañas de limpieza,,jornadas culturales.,,,16,Sí,5,13 junio 2017,23 diciembre de 2013,16 octubre de 2016,13/06/2017,,,Sí,Sí,No,Sí,Empalme Total,SI,SI,SI,SI,SI,SI,SI,SI,Sí,mejorando las condiciones físicas del barrio y llevando a la comunidad la oferta institucional de la alcaldía.
17/10/2017,16,CAPILLA DEL ROSARIO,Calle 6 sur # 79- 211,SI,Bueno,Bueno,No especifica,No especifica,No especifica,No especifica,No especifica,"Las acciones que desarrolla la junta de acción comunal para obtener legitimidad  es desarrollar a actividades como justas deportivas, actividades culturales, convites de aseo, actividades sociales.",NO,Sí,Sí,"Mujeres, Hombres, Jóvenes, Adultos, Adultos Mayores",SI,Sí,SI,2,SI,Sí,"Mejorar la Infraestructura, Mejorar condiciones Medioambientales, Mejorar el acceso a los derechos",Jornadas de vacunación y de esterilización de mascotas.,"Becas de presupuesto Participativo, talleres con los niños y capacitaciones. ",Paquete alimentario y subsidio para el adulto mayor," Justas deportivas fútbol, baloncesto.",,Convites de aseo.,,Danzas con jóvenes.,,,15,Sí,5,22 de febrero de 2016,No presenta libro de inventarios (argumenta que esta sistematizado),No presenta libro de inventarios (argumenta que esta sistematizado),12/10/2017,,,Sí,No,No,Sí,Empalme Parcial,SI,SI,NO,SI,SI,SI,NO,SI,Sí,La organización incide en su territorio con las acciones y actividades que realiza con la comunidad.
28/09/2017,11,BARRIO CARLOS E. RESTREPO,"Calle 53  64BB-1, Bloque 31, Apto 301",SI,No especifica,Bueno,Bueno,No especifica,Bueno,Biblioteca,Bueno,"Gestión ante el municipio para la realización de actividades que benefician a la comunidad, Celebración 10 años de recuperación del parque, Bazar Comunitario y otras actividades",SI,Sí,Sí,"Mujeres, Hombres, Jóvenes, Adultos, Adultos Mayores, Población en Situación de Discapacidad",SI,Sí,SI,7,NO,Sí,"Mejorar la Infraestructura, Mejorar condiciones Medioambientales, Promover la productividad y el emprendimiento., Mejorar el acceso a los derechos, Fortalecer la Convivencia","Jornadas de salud, lentes","Formación, proyecto aprovechamiento del tiempo libre",,Gimnasia,Recreandos,"Renovación arbórea, reubicación de árboles","Trabajo Código de Policía, pactos de convivencia",Actividades culturales y pactos con la comunidad,,,15,Sí,4,07/12/2016,,,20/06/2016,,,Sí,No,No,Sí,Empalme Total,SI,SI,SI,SI,SI,SI,SI,SI,Sí,En el mejoramiento de la calidad de vida de la comunidad
30/08/2017,01,BARRIO CARPINELO NRO. 2 PARTE BAJA,Oficina donde funciona la JAC,SI,No especifica,Bueno,No especifica,No especifica,No especifica,No especifica,No especifica,"Jornadas de embellecimiento del barrio, Juego de rol de dignatarios, Recuperación del lote propiedad de la JAC, Carrusel de los niños, Tertulias sobre derecho de las mujeres ",NO,Sí,No,"Mujeres, Hombres, Adultos, Adultos Mayores, Afrodescendientes, Victimas del conflicto",SI,Sí,SI,2,SI,No,"Mejorar la Infraestructura, Mejorar el acceso a los derechos, Fortalecer la Convivencia",,,,,,,,,,,9,Sí,4,18/08/2016,,,09/07/2016,,,Sí,No,No,Sí,Empalme Parcial,SI,NO,SI,NO,NO,NO,SI,NO,Sí,La comunidad observa el trabajo y las gestiones realizadas ademas realizan mucho trabajo por la comunidad lo que genera desarrollo.
15/09/2017,09,CAUNCES UNO,CR 9A #49B - 07 ,SI,Bueno,Bueno,No especifica,No especifica,No especifica,No especifica,No especifica,"JORNADAS DE SALUD, DEPORTES SIN LIMITE A DISCAPACITADOS PROGRAMAS DE ADULTO MAYOR, PROGRAMAS PARA EL BUEN MANEJO DE LOS RESIDUOS SOLIDOS, FOMENTAMOS CON LOS COMERCIANTES.",NO,Sí,Sí,"Mujeres, Hombres, Jóvenes, Adultos, Adultos Mayores, Victimas del conflicto",SI,Sí,SI,4,NO,No,"Mejorar la Infraestructura, Mejorar condiciones Medioambientales, Promover la productividad y el emprendimiento., Mejorar el acceso a los derechos, Fortalecer la Convivencia","JORNADAS DE SALUD, ","DIPLOMADOS, CÓDIGO DE POLICÍA,  ",,,RECREACIÓN CON ÉNFASIS EN PAZ,SENCIVILIZACIÓN SOBRE RECOLECCIÓN DE BASURAS ,,,,,15,Sí,5,23/07/2014,,,,,,Sí,Sí,No,Sí,Empalme Parcial,SI,NO,SI,SI,NO,SI,SI,SI,Sí,RECREACIÓN Y DEPORTES Y CUALTURA
30/10/2017,16,BARRIO EL CIPRES LAS MERCEDES,Calle 32 B # 86-19,SI,Bueno,Bueno,Bueno,No especifica,No especifica,No especifica,No especifica,"La JAC para obtener legitimidad presta los espacios de la sede para que desarrollen actividades, también desarrolla actividades con otra organizaciones (Inder- la perla)",SI,Sí,Sí,"Mujeres, Hombres, Jóvenes, Adultos, Adultos Mayores",SI,Sí,SI,2,SI,Sí,"Mejorar la Infraestructura, Mejorar condiciones Medioambientales",Jornada de vacunación.,Becas de presupuesto participativo para estudio.,,Justas deportivas entre los conductores de los buses.,Cuadra recreativa con el INDER,Jornadas de limpieza,,Danzan con las personas de la tercera edad.,,,16,Sí,7,abril 13 de 2016,septiembre 9 de 2016,octubre 12 de 2017,03/06/2017,,,Sí,No,No,Sí,Empalme Total,SI,SI,SI,SI,SI,SI,SI,SI,Sí,"La junta de acción comunal incide en el territorio por sus acciones con la comunidad y su gestión con algunas dependencias: Ejemplo la acción popular de la quebrada la picacha, con infraestructura las escaleras y la re pavimentación de algunos sectores, la realización de actividades con los niños y las personas de la tercera edad."
25/09/2017,14,CIUDAD DEL RIO,Unidad Residencial Plaza del Rio,SI,No especifica,Bueno,No especifica,No especifica,No especifica,4 Salones sociales de la Unidades reasidenciales,Bueno,"Se realiza el bazar de los Artistas, Bingos, Cuerdas y Boleros, ´pesebre Comunitario, Integración de  residentes con  la Red de Cultura y Cine  Foros",SI,Sí,Sí,"Mujeres, Hombres, Jóvenes, Adultos, Adultos Mayores, Población en Situación de Discapacidad",SI,Sí,SI,15,NO,Sí,"Mejorar condiciones Medioambientales, Fortalecer la Convivencia","Campañas Visuales, de vacunación, ortodoncia",Apoyo Educación Superior  con el aval y las horas sociales,Trabajo con 3ra edad,,,,,Con la oferta institucional,,,16,Sí,5,6 de Julio 2017,18 Septiembre 2017,14 /09/2017,14/09/2017,,,Sí,Sí,No,Sí,No Empalme,NO,NO,NO,NO,NO,NO,NO,NO,Sí,"Con el Arte , la cultura, Medio Ambiente y La Participación en la Oferta Institucional."
18/08/2017,60,CIUDADELA ROBLEMAR,Calle 61 B N° 119 C 30,NO,Bueno,No especifica,No especifica,No especifica,No especifica,Salón Parroquial,Bueno,"Convites comunitarios, asambleas informativas, de elecciones,  debates públicos, jornadas de aseo, actividades recreativas",SI,Sí,Sí,"Mujeres, Hombres, Jóvenes, Adultos, Adultos Mayores",SI,Sí,SI,3,SI,No,"Mejorar la Infraestructura, Mejorar condiciones Medioambientales, Mejorar el acceso a los derechos, Fortalecer la Convivencia, Promocion y prevencion con actividades ludico recreativas","Jornadas de vacunacion, promocion y prevencion","Becas PP, Colegio Mayor, ITM",Programacion de actividades con jovenes y LGTBI,Campeonatos ,"Semilleros de niños, programa recreando","Campañas de aseo, limpieza de cuadras, chut de basuras",Festival de la raza y diversidad de genero,"Hora del cuento, desfile de silleteros",Convivencia,"Festival del sancocho, natilla comunitaria, festival hallowen",15,Sí,4,27/07/2017,16/09/2016,15/05/2017,13/08/2017,,,Sí,Sí,No,Sí,Empalme Total,SI,SI,SI,SI,SI,SI,SI,SI,Sí,"En el mejoramiento de la calidad de vida realizando acciones encaminadas al mejoramiento de las vías, oportunidades de recreación, educación, mejoramiento del medio ambiente, todo esto en el marco de una sana convivencia"
15/09/2017,12,COLINAS DE CALASANZ ETA. 2,Carrera 87A N° 58-24,NO,No especifica,No especifica,No especifica,No especifica,No especifica,No especifica,No especifica,Adecuación de vías peatonales con instalación de pasamanos; jornada para el manejo adecuado de mascotas (escretas); Promoción para acceso a educación Superior; ejecución de contratos y participación de la comunidad en proyectos de Presupuesto participativo y pavimentación de vía la Soledad a Colinas de Calasanz parte alta,NO,Sí,Sí,"Mujeres, Hombres, Jóvenes, Adultos, Adultos Mayores",NO,Sí,SI,2,SI,Sí,"Mejorar la Infraestructura, Mejorar condiciones Medioambientales, Promover la productividad y el emprendimiento., Mejorar el acceso a los derechos, Fortalecer la Convivencia","Jornadas de vacunación, jornadas visuales",Promoción para el acceso a educación Superior con Presupuesto Participativo,,Patrocinio a la Pony Fútbol,El recreando en el barrio,Manejo responsable de mascotas,,,,,16,Sí,5,15/04/2016,No tienen libro de inventarios,07709/2017,15/08/2017,,,Sí,No,No,Sí,No Empalme,NO,SI,NO,SI,SI,NO,NO,SI,Sí,"Integración comunitaria, mejoramiento en la calidad de vida de la población, en temas de movilidad, protección del medio ambiente,; mucha comunidad accede a los recursos del Presupuesto participativo y con recursos ordinarios"
15/09/2017,12,COLINAS DE CALASANZ ETA. 2,Calle 57D N° 85 E - 80,NO,No especifica,No especifica,No especifica,No especifica,No especifica,No especifica,No especifica,Celebración de Navidad Comunitaria (natillada),NO,No,Sí,"Mujeres, Hombres, Jóvenes, Adultos, Adultos Mayores, Afrodescendientes",NO,No,NO,formulación y gestión de proyectos,NO,No,"Mejorar la Infraestructura, Mejorar condiciones Medioambientales, Mejorar el acceso a los derechos",,"Refuerzo escolar a estudiantes del sector, con los estudiantes beneficiarios de Sapiencia (Presupuesto Participativo Y EPM)",,,,Jornadas de sensibilización ambiental y manejo responsables de mascotas,,,Seguridad y manejo de espacio público,"Se realizan reuniones y capacitaciones con la Policía para tratar los temas de seguridad, que es uno de los mayores problemas en el barrio; además, con los comerciantes y con los propietarios de vehículos por la utilización del espacio público, ocasionando problemas de convivencia.",10,No,No aplica,21/09/2016,16/01/2006,09/12/2013,26/06/2013,,,Sí,No,No,Sí,No Empalme,SI,SI,SI,SI,SI,SI,SI,SI,Sí,"Con la vinculación de jóvenes a educación superior con recursos de PP, acceso de niños y niñas al programa Buen Comienzo y a madres gestantes y lactantes  al programa de FAMI,Se está implementando las Escuelas populares de deporte"
06/09/2017,08,BARRIO COLINAS DE ENCISO PARTE ALTA,Cra 22 N57F - 08,SI,Bueno,No especifica,No especifica,No especifica,No especifica,No especifica,No especifica,"Asambleas, reuniones, rendición de cuentas, integraciones, participaciones en asocomunal",SI,Sí,Sí,"Mujeres, Hombres, LGTBI, Jóvenes, Adultos, Adultos Mayores, Victimas del conflicto, Población en Situación de Discapacidad",SI,Sí,SI,3,SI,Sí,"Mejorar la Infraestructura, Mejorar condiciones Medioambientales, Mejorar el acceso a los derechos, Fortalecer la Convivencia",Brigadas de salud,Semilleros de participación,Cuadras recreativas,"Torneos barriales, cuadras recreativas",Cuadras recreativas,Limpieza de quebradas,"Semilleros de participación, cuadras recreativas",Semilleros de participación,,,15,Sí,4,29 Agosto 2017,4 Junio 2017,10 Julio 2017,29/08/2017,,,Sí,Sí,Sí,Sí,Empalme Parcial,SI,SI,SI,NO,SI,SI,NO,SI,Sí,"con el empleo. la recreación, la cultura, medio ambiente, mejorando la infraestructura; todo en pro de la comunidad"
04/09/2017,04,CONSEJO COMUNAL PRADO BRASILIA,calle 81 A # 50-36,SI,Regular,Bueno,Regular,No especifica,Bueno,buena,Bueno,"programas medio ambiente educación, prevención,tercera edad, recreación, deportes, madres comunitarias, ",NO,Sí,Sí,"Mujeres, Hombres, Jóvenes, Adultos, Victimas del conflicto, Población en Situación de Discapacidad",SI,Sí,SI,4,SI,Sí,"Mejorar la Infraestructura, Mejorar condiciones Medioambientales, Promover la productividad y el emprendimiento., Mejorar el acceso a los derechos, Fortalecer la Convivencia",brigadas de salud,talleres formativos.,actividades adultos mayores.,escuelas de futbol,recreando,campañas y brigadas de limpieza.,,talleres,,,16,Sí,10,septiembre de 2017,julio de 2012,a la fecha,15/08/2017,,,Sí,Sí,No,Sí,Empalme Parcial,SI,NO,SI,NO,NO,NO,SI,NO,Sí,mejorando las condiciones barriales y de aseso a los programas que realizan los particulares y la administración municipal.
14/09/2017,70,CORREGIMIENTO ALTAVISTA SECTOR SAN FRANCISCO,calle 18 cra 113 - 36,SI,No especifica,No especifica,No especifica,No especifica,No especifica,Realizan en las reuniones en una sala de oración del sector.,Regular,"Convocatorias en la comunidad para participar, jalonamiento en propuestas de vivienda, programación de eventos comunales.",NO,Sí,Sí,"Mujeres, Hombres, Adultos, Adultos Mayores, Victimas del conflicto",SI,Sí,NO,formulación y gestión de proyectos,SI,Sí,Mejorar condiciones Medioambientales,,,,,"Tardes recreativas para los niños, ",recolección de basuras y limpieza de cunetas,,,,,15,Sí,4,06 de mayo de 2017,,,13/08/2017,,,Sí,No,No,Sí,Empalme Parcial,SI,NO,NO,NO,NO,NO,NO,NO,Sí,Mejorando la calidad de vida de los vecinos.
18/10/2017,15,CRISTO REY,Cra 50e- n 2-sur 8,SI,Bueno,Bueno,No especifica,No especifica,No especifica,Iglesia cristiana.,Bueno,"Actividades de manualidades, deortivas ,culturales, semilleros curso de juzgamiento futbol sal, pedagogía y convivencia.",SI,Sí,Sí,"Mujeres, Hombres, Jóvenes, Adultos, Adultos Mayores, Población en Situación de Discapacidad",SI,Sí,NO,formulación y gestión de proyectos,SI,Sí,"Mejorar la Infraestructura, Mejorar condiciones Medioambientales, Promover la productividad y el emprendimiento., Mejorar el acceso a los derechos, Fortalecer la Convivencia",Campañas de salud visual.,Fotografía y audio visuales.,Música discapacidad activa.,Aeróbicos adultos. ,Clásico por la paz.,Cuidado de mascotas,Clásico por la paz.,Grupo de baile.,,,14,Sí,3,14 - 07 - 2006,12-10-2014,12- 10- 2014,12/10/2014,,,Sí,Sí,No,No,Empalme Parcial,SI,SI,SI,SI,SI,SI,SI,SI,Sí,"En el mejoramiento de la calidad de vida de los habitantes, después de la gestión para repavimentar la calle 3 sur."
20/09/2017,05,BARRIO ATANASIO GIRARDOT Y JUAN DEL CORRAL,cr 65 No 103 EE,SI,Regular,Regular,No especifica,No especifica,No especifica,No especifica,No especifica,"ACERCAMIENTO PARA DAR SOLUCIÓN A LAS PROBLEMÁTICAS DE LAS COMUNIDADES, DE LOS DISTINTOS SECTORES DEL BARRIO ATANASIO GIRARDOT   ",SI,Sí,Sí,"Mujeres, Hombres, Jóvenes, Adultos, Adultos Mayores",SI,Sí,SI,5,NO,No,"Mejorar la Infraestructura, Mejorar condiciones Medioambientales, Promover la productividad y el emprendimiento.","JORNADAS DE VACUNACION, CON LA SECRETARIA DE LA SALUD",,,,,PROTECCIÓN Y MANTENIMIENTO DE LAS QUEBRADAS CON EL ÁREA METROPOLITANA ,,,,,14,Sí,5,17-05-2016,,,,,,Sí,No,No,Sí,No Empalme,NO,NO,NO,NO,NO,NO,NO,NO,Sí,"A TRAVÉS DE LA SOLUCIÓN A LAS PROBLEMÁTICAS DEL SECTOR,  BASADAS EN LAS ACCIONES QUE SE DESARROLLAN EN LE TERRITORIO  "
02/09/2017,03,MARIA CANO CARAMBOLAS,Calle 93 D # 22 C 31 ,SI,Bueno,Bueno,No especifica,No especifica,No especifica,No especifica,No especifica,"Gestiones en temas ambientales, infraestructura, acueducto, salud, deporte y temas sociales",SI,Sí,Sí,"Mujeres, Hombres, Adultos, Adultos Mayores, Victimas del conflicto",SI,Sí,SI,2,SI,Sí,"Mejorar la Infraestructura, Mejorar condiciones Medioambientales, Promover la productividad y el emprendimiento., Mejorar el acceso a los derechos, Fortalecer la Convivencia",Brigadas de Salud ,Cursos Madres y Niños,Cursos y grupo de la 3ra edad ,"Torneos de ajedrez, porrismo, natación y tenis de mesa ",Recreocomuna y cuadra recreativa , sensibilizarnos en recolección de basuras ,,,,,15,Sí,4,Agosto 2016,Octubre 2016,Agosto 2017,07/05/2017,Junta Directiva ,28/05/2017,Sí,Sí,Sí,Sí,Empalme Total,SI,SI,SI,SI,SI,SI,SI,SI,Sí,Con gestiones en varios ámbitos del desarrollo comunal 
26/09/2017,05,DE CASTILLA,CR 68 No95-35,SI,Regular,Regular,No especifica,No especifica,No especifica,No especifica,No especifica,"TRABAJO CON SEMILLEROS ARTÍSTICOS, GRUPOS DE ADULTO MAYOR, DIPLOMADOS DE CONVIVENCIA, DIPLOMADO EN DERECHOS HUMANOS,FERIA ARTESANAL CASTILLA  ",NO,Sí,Sí,"Mujeres, Hombres, Adultos, Adultos Mayores",NO,No,NO,formulación y gestión de proyectos,NO,Sí,"Mejorar la Infraestructura, Mejorar condiciones Medioambientales","JORNADAS DE SALUD, DISCAPACIDAD",SE GESTIONAN BECAS CON EL PRESUPUESTO PARTICIPATIVO ,,,,,,SEMILLEROS ARTÍSTICOS ,,,11,No,No aplica,16-04-2016,,21-09-2017,,,,Sí,No,No,Sí,No Empalme,NO,NO,NO,NO,NO,NO,NO,NO,Sí,POLÍTICO Y SOCIAL MENTE CON LAS ACCIONES QUE SE REALIZAN CON LA JUNTA DE ACCIÓN COMUNAL 
14/09/2017,60,VEREDA LA CUCHILLA,Vereda la Cuchilla,NO,No especifica,Bueno,No especifica,No especifica,No especifica,Salon Capilla,Bueno,"Jornadas de limpieza, actividades recreativas, limpieza cunetas, asambleas informativas y de elecciones.",SI,Sí,Sí,"Mujeres, Hombres, Jóvenes, Adultos, Adultos Mayores",SI,Sí,SI,1,NO,No,"Mejorar la Infraestructura, Mejorar condiciones Medioambientales, Promover la productividad y el emprendimiento., Mejorar el acceso a los derechos, Fortalecer la Convivencia",´Promocion y prevencion,,"Actividades con el Campesino, jóvenes, niños y adulto mayor",,Semilleros infantiles,"Limpieza cuencas, convites limpieza basuras y residuos solidos",,Actividades ludicas con la biblioteca,Campesino,Actividades agrícolas con los acampesinos,15,Sí,4,16/04/2016,,30/04/2017,27/08/2017,,,Sí,Sí,No,Sí,Empalme Total,SI,SI,SI,SI,SI,SI,SI,SI,Sí,"En el mejoramiento de calidad de vida del campesino promoviendo acciones a mejorar la infraestructura, condiciones medio ambientales y reconocimiento del campesino en procesos del agro"
27/09/2017,04,MORAVIA ORIENTE,carrera 58 # 85 b 19,SI,Regular,Bueno,Bueno,Bueno,No especifica,No especifica,No especifica,"semilleros, escuela de futbol,proceso comerciantes y venteros ambulantes.",SI,Sí,Sí,"Mujeres, Hombres, LGTBI, Jóvenes, Adultos, Adultos Mayores, Afrodescendientes, Victimas del conflicto, Población en Situación de Discapacidad",SI,Sí,SI,2,NO,Sí,"Mejorar la Infraestructura, Mejorar condiciones Medioambientales, Promover la productividad y el emprendimiento., Mejorar el acceso a los derechos, Fortalecer la Convivencia",brigadas y campañas de salud.,talleres formativos.,actividades de integración adultos mayores.,escuela de futbol.,,campañas ambientales y de reciclaje.,,"activadades culturales,",,,15,Sí,4,junio de 2017,a la fecha.,junio de 2017,01/06/2017,,,Sí,Sí,No,Sí,Empalme Total,SI,SI,SI,SI,SI,SI,SI,SI,No,mejorando la condiciones físicas y de infraestructura barrial a si como el aseso de os habitantes a los programas que ofrece la alcaldía e medellin.
12/08/2017,80,DE SECTOR CENTRO - SAN ANTONIO DE PRADO,CALLE 41 SUR 81-37,SI,No especifica,Bueno,No especifica,Bueno,No especifica,MALL Cotrasana.,Bueno,Defensa del espacio público (del parque central).  Apoyo en el Desfile del festival internacional del FOLKLOR.  y relacionamiento con la JAL,NO,Sí,Sí,"Mujeres, Hombres, LGTBI, Jóvenes, Adultos, Población en Situación de Discapacidad",SI,Sí,SI,2,SI,No,"Mejorar la Infraestructura, Mejorar el acceso a los derechos, Fortalecer la Convivencia",,,Coordinación con la policía.,,Aprovechamiento del del espacio público,Defensa del espacio público,,DESFILE DEL FESTIVAL Internacional del Folklor,PolicÍa Nacional,"Coordinación con la policía, en aspectos de Convivencia.",13,Sí,4,10.04.2016,julio 2017,Julio 2017,,,,Sí,No,No,Sí,Empalme Total,SI,SI,,NO,SI,NO,SI,SI,Sí,"Relacionamiento con la JAL, Casa de Gobierno, Policía nacional. y coordinación con otras corporaciones del corregimiento."
15/09/2017,05,DEL BARRIO CARIBE, calle 75 No 64c 16,NO,Bueno,Bueno,No especifica,No especifica,No especifica,No especifica,No especifica,"se realizan acciones de acuerdo a las problemáticas presentadas en su momento por los habitamtes del barrio caribe, no se tiene un plan de trabajo establecido por necesidad.",NO,Sí,Sí,"Mujeres, Hombres, Jóvenes, Adultos, Adultos Mayores",SI,No,NO,formulación y gestión de proyectos,NO,Sí,Fortalecer la Convivencia,,,,,,,,,,,10,Sí,3,18-04-2016,,10-09-2017,01/05/2017,,,No,No,No,Sí,Empalme Parcial,SI,NO,NO,NO,NO,NO,NO,NO,Sí,manifiestan: incidir con las acciones que realizan en el territorio( no se encontro evidencia de lo expresado)
06/09/2017,14,LOMA DEL GARABATO,Calle 4 Sur #29-24,NO,Bueno,No especifica,No especifica,No especifica,No especifica,No especifica,No especifica,Rinden informe de las actividades que realizan y los gastos de la junta,SI,Sí,Sí,"Mujeres, Hombres, Jóvenes, Adultos, Adultos Mayores",SI,Sí,SI,6,NO,Sí,"Mejorar la Infraestructura, Mejorar condiciones Medioambientales, Promover la productividad y el emprendimiento., Mejorar el acceso a los derechos, Fortalecer la Convivencia","Campañas Visuales, Ortodoncia,y vacunación",Apoyo a los estudianate de Educación Superior con el Aval y las Horas Sociales,,Los Torneos,Cuadras Recreaativas,La Huerta y Manejo de los Residuos ,,Danza y Manualidades,,,8,Sí,4,16 Abril de 2016,31 Agosto 2017,28 Agosto 2017,09/07/2017,,,Sí,Sí,No,Sí,Empalme Total,SI,,SI,,SI,,,SI,Sí,A mejorar la Convivencia en la Comunidad
05/09/2017,03,EL BUEN PASTOR DEL BARRIO MANRIQUE CENTRAL,Carrera 43 # 66 E 03,SI,Bueno,Bueno,Bueno,No especifica,No especifica,Cancha ,Regular,"Acciones de confianza , compromiso y articulación con la comunidad ",SI,Sí,Sí,"Mujeres, Jóvenes, Adultos, Adultos Mayores",SI,Sí,SI,3,NO,Sí,"Promover la productividad y el emprendimiento., Fortalecer la Convivencia",Brigadas de Salud ,Esculita Divino Niño (niños especiales) se gestionan becas educativas ,Adulto Mayor ,"Torneos de futbol, ajedrez. tenis de mesa, porrismo y natación ","Recreocomuna, cuadra recreativa y recreación a discapacitados ",,,Danzas ,,,16,Sí,4,16/06/2016,01/09/2017,21/08/2017,19/08/2017,,,Sí,Sí,Sí,Sí,No Empalme,NO,NO,NO,NO,NO,NO,NO,NO,Sí,"Inciden de manera social, recreativa, deportiva, cultural y humanitaria"
07/09/2017,13,EL CORAZÓN,Cra 119 - 34AC - 08 ,SI,Bueno,Bueno,No especifica,No especifica,No especifica,Buen estado ,Bueno,"""Eventos, convites, campañas pedagógicas de medio ambiente, juegos deportivos y reuniones sociales. ",SI,Sí,Sí,"Mujeres, Hombres, LGTBI, Jóvenes, Adultos, Adultos Mayores, Afrodescendientes, Victimas del conflicto, Población en Situación de Discapacidad",SI,Sí,SI,4,SI,Sí,"Mejorar la Infraestructura, Mejorar condiciones Medioambientales, Promover la productividad y el emprendimiento., Mejorar el acceso a los derechos, Fortalecer la Convivencia",Promoción y prevención en salud visual y ortodoncia articulados con la secretaria de salud,Se gestionan las becas de Sapiensa,Todas las actividades van  dirigidas a toda la comunidad,Articulación con el Inder ,"Se realiza actividades para la celebración del día del niño, de la mujer, madres etc.","“Actividades de cuidado del medio ambiente, convites etc.”",No refiere,Articulación con cultura en formación artística ,Ver todos los anteriores,Ver todos los anteriores,16,Sí,6,16/04/2016,08/02/2015,25/06/2016,04/03/2017,N/A,N/A,Sí,Sí,No,Sí,Empalme Total,SI,SI,SI,SI,SI,SI,SI,SI,Sí,"""Mejorando la calidad de vida de los habitantes y afiliados, preocupados por la infraestructura del sector para ello se hace gestión"""
12/10/2017,70,VEREDA EL CORAZÓN SEC. TRAV. EL MORRO,vereda El Morro,SI,Bueno,Bueno,No especifica,No especifica,No especifica,No especifica,No especifica,"convites de limpieza, capacitaciones de convivencia, agricultura, gestionan brigadas de salud e infraestructura, cine en el barrio.",NO,Sí,Sí,"Mujeres, Hombres, Jóvenes, Adultos, Adultos Mayores, Victimas del conflicto",SI,Sí,SI,3,SI,No,"Mejorar la Infraestructura, Mejorar condiciones Medioambientales, Promover la productividad y el emprendimiento., Mejorar el acceso a los derechos, Fortalecer la Convivencia","gestionan lentes, prótesis, vacunación, ","educación, nocturna, tecnica vocal",talleres con las tercera edad,torneos de fútbol,cine,convites de limpieza,talleres de convivencia.,"comparsas y chirimias, pintacaritas, ",,,15,Sí,3,,,,,,,Sí,No,No,Sí,Empalme Parcial,SI,NO,NO,NO,NO,NO,NO,NO,Sí,mejoramiento en la calidad de vida de sus asociados.
14/09/2017,12,BARRIO EL DANUBIO,Carrera 92 N° 44 C - 15,SI,Regular,Bueno,No especifica,No especifica,No especifica,No especifica,No especifica,"Realización de la Navidad Comunitaria (natilla comunitaria), participación en las comisiones de Presupuesto Participativo para que la comunidad acceda a los proyectos que se sacan para la Junta en el PP.",NO,Sí,No,"Mujeres, Hombres, Jóvenes, Adultos, Adultos Mayores, Afrodescendientes",SI,Sí,SI,3,NO,No,"Mejorar la Infraestructura, Mejorar condiciones Medioambientales, Promover la productividad y el emprendimiento., Mejorar el acceso a los derechos, Fortalecer la Convivencia","Brigadas de promoción y prevención en salud, gestión y gestión de recursos para atender otros temas de salud","Promoción de las becas de Presupuesto Participativo y del fondo EPM, en el barrio el Danubio, realización del servicio social de los estudiantes beneficiarios de dichas becas",,,,"Promoción de las huertas comunitarias, la JAC lidera una huerta comunitaria",,Participación en el desfile de Silleteritos de la Floresta y actividades culturales,,,17,Sí,6,02/12/2016,28/08/2017,05/09/2017,18/07/2017,,,Sí,No,No,Sí,No Empalme,SI,NO,SI,NO,SI,SI,SI,SI,Sí,Mejorando la calidad de vida de la población
01/09/2017,90,VEREDA EL LLANO,vereda el llano,SI,Bueno,No especifica,No especifica,No especifica,No especifica,No especifica,No especifica,"convites, informe de gestión, comunicaciones",SI,Sí,Sí,"Mujeres, Hombres, Jóvenes, Adultos, Adultos Mayores, Población en Situación de Discapacidad",SI,Sí,SI,4,NO,Sí,Mejorar condiciones Medioambientales,,,,,recreando con el INDER,Mantenimiento Pozos  septicos,,,,,13,Sí,2,14/02/2017,22/10/2010,,,,,Sí,Sí,No,Sí,Empalme Parcial,NO,NO,SI,SI,NO,SI,NO,NO,Sí,"desarrollando procesos de articulación con INDER, Medio ambiente, UMATA, ISVIMED"
15/09/2017,08,EL PACIFICO,Carrera 17A Nº 56H - 08 Interior 1242,NO,Regular,No especifica,No especifica,No especifica,No especifica,No especifica,No especifica,"Gestiones, asambleas, rendición de cuentas",SI,Sí,Sí,"Mujeres, Hombres, Jóvenes, Adultos, Adultos Mayores, Afrodescendientes, Victimas del conflicto",SI,Sí,SI,1,NO,No,"Mejorar la Infraestructura, Mejorar condiciones Medioambientales, Promover la productividad y el emprendimiento., Mejorar el acceso a los derechos, Fortalecer la Convivencia",Jornadas de salud,Diagnostico escolar para jovenes,,,Recreando con los niños Inder,Sensibilizacion con el parque arvi,,,,,13,Sí,7,marzo 12/2017,"No tienen, se entablo denuncia",septiembre 8/2017,29/01/2017,,,Sí,Sí,Sí,Sí,No Empalme,SI,SI,SI,NO,SI,SI,SI,SI,Sí,Gestiones y acciones en pro de la comunidad
8/27/0017,13,BARRIO EL PESEBRE,Cra 81 No. 51B - 226,SI,Regular,No especifica,No especifica,No especifica,No especifica,"Regular la sede social, esta sede es propia y la Parroquia facilitó el espacio. ",Regular,"""Trabajo social con todas las poblaciones""",SI,Sí,Sí,"Mujeres, Hombres, LGTBI, Jóvenes, Adultos, Adultos Mayores, Afrodescendientes, Victimas del conflicto, Población en Situación de Discapacidad",SI,Sí,SI,3,SI,Sí,"Mejorar la Infraestructura, Mejorar condiciones Medioambientales, Promover la productividad y el emprendimiento., Mejorar el acceso a los derechos, Fortalecer la Convivencia",Promoción y prevención en salud visual y ortodoncia articulados con la secretaria de salud,Se gestionan las becas de Sapiensa,Actividades dirigidas a toda la comunidad que realiza la JAC con diferentes programas de la Administración Municipal,Articulación con el Inder ,"Se realiza actividades para la celebración del día del niño, de la mujer, madres etc.","Actividades de cuidado del medio ambiente, convites etc.",No refiere,Articulación con cultura en formación artística,No refiere,Ver lo antes mencionado,14,Sí,4,01/07/2017,No existe y no les entregaron en el empalme,No existe y no les entregaron en el empalme,19/07/2017,Libro auxiliar y tesorería el cual se va a radicar ante la SPC,N/A,Sí,Sí,No,Sí,Empalme Parcial,SI,SI,NO,SI,NO,NO,NO,NO,Sí,"""Realizando actividades y eventos en su territorio y mejorando la calidad de vida de los habitantes"""
16/09/2017,60,BARRIO EL PICACHO SECTOR CASAFINCAS,Calle 97 N° 90 11 Int. 108,NO,No especifica,No especifica,No especifica,No especifica,No especifica,Eco Parque,Bueno,"Asambleas, gestión ante las diferentes Secretarias para mejoramiento de infraesctructura, limpieza de escombros",SI,Sí,Sí,"Mujeres, Hombres, Jóvenes, Adultos, Adultos Mayores, campesino",SI,Sí,NO,formulación y gestión de proyectos,SI,No,"Mejorar la Infraestructura, Mejorar condiciones Medioambientales, Mejorar el acceso a los derechos",,,,,,"Recuperación sendero ecológico los Chaverra, limpieza de escombros",,Gestión para declara patrimonio cultural la capilla de la UPB,,,16,Sí,5,22/05/2016,,31/01/2015,07/08/2017,,,Sí,No,Sí,Sí,Empalme Total,SI,SI,SI,SI,SI,SI,SI,SI,Sí,En el mejoramiento de calidad del medio ambiente y en la generación de nuevas oportunidades para el campesino
20/08/2017,60,SAN VICENTE FERRER SECTOR LOMA HERMOSA,Vereda Paraiso 2,NO,Regular,No especifica,No especifica,No especifica,No especifica,No especifica,No especifica,"Convites para mantenimiento de vias, construcción parque infantil",SI,Sí,Sí,"Mujeres, Hombres, Jóvenes, Adultos, Adultos Mayores, Población en Situación de Discapacidad",SI,No,SI,1,NO,No,Mejorar la Infraestructura,,,,,Parque recreativo para niños,,,,Infraestructura,mantenimiento de vias,14,No,No aplica,,31/07/2016,16/08/2017,31/07/2016,,,Sí,No,No,Sí,Empalme Total,SI,SI,SI,SI,,,,,No,El técnico social no manifiesta observaciones.
16/09/2017,80,URBANIZACIÓN EL PORTÓN DEL LIMONAR,Carrera 55 Nro 56 Sur 27,NO,Bueno,Bueno,No especifica,No especifica,No especifica,No especifica,No especifica,"Asambleas de la JAC, Diálogos directos con la comunidad",SI,Sí,Sí,"Mujeres, Hombres, Jóvenes, Adultos, Adultos Mayores, Población en Situación de Discapacidad",SI,Sí,SI,3,SI,No,"Mejorar la Infraestructura, Mejorar condiciones Medioambientales, Mejorar el acceso a los derechos, Fortalecer la Convivencia","Informar a la comunidad sobre las ofertas de Ortodoncia, prótesis a la tercera dad y tamizajes de salud visual.  ",,prótesis a la tercera dad ,,,,,,ALUMBRADO PUBLICO,Mejoramiento del ALUMBRADO PUBLICO,14,Sí,3,20 de agosto del 2016,no hay,2006,20/08/2017,,,Sí,Sí,No,Sí,Empalme Parcial,,,,,,,,,Sí,"Mejoramiento de Vivienda, Cercamiento del parque."
28/09/2017,15,BARRIO EL RODEO,Cra 65-n 2a sur 30,NO,Regular,Bueno,No especifica,No especifica,No especifica,No especifica,No especifica,"Gimnasia con el inder, grupo de baile con la comunidad que quiera participar niños jóvenes adultos.",NO,Sí,Sí,"Mujeres, Hombres, Adultos, Adultos Mayores",SI,Sí,NO,formulación y gestión de proyectos,SI,No,Promover la productividad y el emprendimiento.,Acompañamiento a campañas de salud.," Acompañamiento, Sapiencia becas a estudiantes.",,,,,,,,,15,Sí,1,30-10-2007,11-06--2013,11-06-2013,,,,Sí,Sí,No,Sí,Empalme Total,SI,SI,SI,SI,SI,SI,NO,SI,Sí,"Con las diferentes actividades que se realizan en salud, educación,recreación."
26/09/2017,13,EL SOCORRO LOS ANGELES,Cl 48B No. 103B 59 Int. 116,SI,Bueno,No especifica,No especifica,No especifica,No especifica,"Buen estado, sin embargo se requieren mejoras por humedades ",Regular,"""Intentamos integrar la comunidad e informar a la comunidad en que se esta invirtiendo los recursos""",SI,Sí,Sí,"Mujeres, Hombres, Jóvenes, Adultos, Adultos Mayores, Afrodescendientes, Victimas del conflicto, Población en Situación de Discapacidad",SI,Sí,SI,2,SI,Sí,"Mejorar la Infraestructura, Mejorar condiciones Medioambientales, Promover la productividad y el emprendimiento., Mejorar el acceso a los derechos, Fortalecer la Convivencia",Pomoción y prevención en salud visual y ortodoncia articulados con la secretaria de salud,Se gestionan las becas de Sapiensa,Se realiza actividades dirigidas a toda la comunidad en mejoramiento de la calidad de vida,"Articulación con el Inder,  futbol y microfutbol","Se realiza actividades dirigidas a toda la comunidad en mejoramiento de la calidad de vida, torneo de futbol y microfutbol.,  fiestas en fechas  conmemorativos","Actividades de cuidado del medio ambiente, convites etc",Se realiza mucho dialogo con la comunidad a pesar de ser un territorio tan conflictivo ...,Actividades propias con el comité de cultura,No,Ver las anteriormente mencionadas,10,Sí,"Se cuenta en el momento solo con 1 Comisión,  manifiesta lo siguiente "" la mayoría renunció por problemas ..."" ",15/04/2016,06/06/2016,06/07/2016,18/09/2017,Libro auxiliar contable,09/07/2017,Sí,No,No,Sí,Empalme Parcial,SI,NO,SI,SI,NO,NO,NO,NO,Sí,"""Con el apoyo para los proyectos que vienen a la comunidad, impulsando la educación, escuchando la comunidad y realizar gestión con las diferentes secretarias de la administración Municipal"""
15/10/2017,80,EL VERGEL CENTRO,Calle 48 sur # 64 22,SI,No especifica,Bueno,No especifica,No especifica,No especifica,PROROMERAL,Bueno,"Actividades deportivas, culturales, recreativos, ambientales, salud. siendo gestores ante otros entes",NO,Sí,Sí,"Mujeres, Hombres, Jóvenes, Adultos, Adultos Mayores, Victimas del conflicto",NO,No,SI,1,SI,Sí,"Mejorar la Infraestructura, Mejorar condiciones Medioambientales, Mejorar el acceso a los derechos, Fortalecer la Convivencia",brigadas de salud,,,,torneos,"reciclaje, siembra de árboles, paisajismo",,niñez y tercera edad,,,17,Sí,6,,,,,,,Sí,No,No,No,Empalme Total,SI,SI,SI,SI,SI,SI,SI,SI,Sí,"priorización de proyectos de PP, Construcción de tejido social, Visibilización de la comunidad."
25/08/2017,08,BARRIO ENCISO,Carrera 29A Nº58-47,SI,Bueno,Bueno,No especifica,No especifica,No especifica,No especifica,No especifica,"Asambleas,festival con la comunidad,integración,convite,salidas recreativas,capacitaciones,día blanco",SI,Sí,Sí,"Mujeres, Hombres, Jóvenes, Adultos, Adultos Mayores",SI,Sí,SI,1 Coordinador de medio ambiente,NO,Sí,"Mejorar la Infraestructura, Mejorar condiciones Medioambientales, Mejorar el acceso a los derechos, Fortalecer la Convivencia",Brigadas de salud,Capacitaciones y fortalecimientos,,Justas deportivas,Salidas recreativas,Convites ambientales,Banda músico marcial,Banda músico marcial,Infraestructura,Obras de infraestructura,17,Sí,6,junio 28/2017,mayo 21/2015,julio 31/2017,22/07/2017,,,Sí,Sí,Sí,Sí,No Empalme,NO,NO,NO,NO,NO,NO,NO,NO,Sí,Con las actividades que se desarrollan constantemente se busca mejorar la calidad de vida de la comunidad
09/11/2017,08,BARRIO ESFUERZO DE PAZ NO 2,Carrera 10 Nº 55 - 420 Interior 108,SI,Bueno,No especifica,No especifica,No especifica,No especifica,No especifica,No especifica,Articularse con otras organizaciones del sector para mejorar la calidad de vida,SI,Sí,Sí,"Mujeres, Hombres, LGTBI, Jóvenes, Adultos, Afrodescendientes, Victimas del conflicto",NO,Sí,SI,2,SI,Sí,"Mejorar la Infraestructura, Mejorar condiciones Medioambientales, Mejorar el acceso a los derechos, Fortalecer la Convivencia, Victimas",Jornadas de salud,"Chicos desescolarizados, escuelas juveniles de musica, procesos de formacion, clases de ingles","Acompañamiento a victimas, escuela de genero y conflicto",Club de futbol las tinajas,"Ecoparque las tinajas, natilla comunitaria",Ecoparque las tinajas,"Acompañamiento a victimas, escuela de genero y conflicto","escuelas juveniles de musica, procesos de formacion, clases de ingles",,,11,No,No aplica,Abril 16 de 2016,No tienen libros,No tienen libros,07/04/2016,,,Sí,Sí,Sí,Sí,No Empalme,NO,NO,NO,NO,NO,NO,NO,NO,Sí,En medio de las dificultades se basan en diagnosticos para identificar las necesidades de la comunidad y buscar soluciones para mejorar constantemente la calidad de vida
06/09/2017,09,ETERNA PRIMAVERA,CR 16 # 32 - 14 ,SI,No especifica,Malo,No especifica,No especifica,No especifica,No especifica,No especifica,"ACTIVIDADES DE INTEGRACIÓN COMUNITARIA, BRIGADAS AMBIENTALES, GRUPO GESTORES DE CONVIVENCIA, ANÁLISIS DE PROBLEATICAS.",NO,Sí,Sí,"Mujeres, Hombres, Jóvenes, Adultos, Adultos Mayores, Afrodescendientes",SI,Sí,SI,2,NO,No,"Mejorar la Infraestructura, Mejorar condiciones Medioambientales, Promover la productividad y el emprendimiento., Mejorar el acceso a los derechos, Fortalecer la Convivencia","PUNTOS ACTIVOS, ",,,CARATE,,"MESA AMBIENTAL, INTERVENCIÓN DE QUEBRADAS, PARQUE LINEAL ",,,,,17,Sí,5,,,,,,,Sí,No,Sí,Sí,No Empalme,,,,,,,,,Sí,"EN LA MEJORA EN TÉRMINOS DE: INFRAESTRUCTURA, MOVILIDAD, MEDIO AMBIENTE."
17/09/2017,11,FLORIDA LAS MERCEDES,Carrera 69  46-15,NO,No especifica,No especifica,No especifica,No especifica,No especifica,No especifica,No especifica,"Reuniones informativas, recorridos, voz a voz, washap",NO,Sí,Sí,"Mujeres, Hombres, Jóvenes, Adultos, Adultos Mayores, Victimas del conflicto, Población en Situación de Discapacidad",SI,Sí,SI,3,SI,Sí,"Mejorar la Infraestructura, Mejorar condiciones Medioambientales, Promover la productividad y el emprendimiento., Mejorar el acceso a los derechos, Fortalecer la Convivencia",,Cursos de inglés,Habitantes de calle,,Gimnasia en parques,"Manejo de basuras, paisajismo, trabajo pedagógico",,Manualidades,,,9,No,No aplica,03/08/2016,En blanco,En blanco,06/07/2016,,,Sí,No,No,Sí,No Empalme,SI,SI,SI,SI,SI,SI,SI,SI,Sí,"En el mejoramiento de la calidad de vida de la comunidad, articulación en los procesos a nivel comunal para solucionar problemáticas del sector"
25/09/2017,11,FLORIDA NUEVA-VELODROMO,Carrera 45B  75-136,SI,No especifica,Bueno,No especifica,Bueno,No especifica,Pastoral de la Salud,Bueno,"Intervención de Parques, atención de inconformidades de la comunidad",SI,Sí,Sí,"Mujeres, Hombres, Jóvenes, Adultos, Adultos Mayores",NO,No,SI,5,SI,No,"Mejorar la Infraestructura, Mejorar condiciones Medioambientales, Promover la productividad y el emprendimiento., Mejorar el acceso a los derechos, Fortalecer la Convivencia",,"Semilleros infantiles, escuela juvenil",,Justas Deportivas (torneos en diferentes deportes),"Grupo Recreando, Clases de yoga",Recuperación de Parques,,"Danzarines, manualidades, Talleres culturales",,,15,No,No aplica,28/03/2017,,,,,,No,No,No,Sí,No Empalme,SI,SI,SI,SI,SI,SI,SI,SI,Sí,"Desde el acompañamiento, formación, credibilidad y acciones aisladas en el territorio "
19/08/2017,05,FRANCISCO ANTONIO ZEA  ETAPA 2 Y 3,cll 92 D 62 B 46,SI,Regular,Regular,No especifica,No especifica,No especifica,No especifica,No especifica,"FIESTA DE LOS NIÑOS, FIESTA NAVIDEÑA, PAZ Y CONVIVENCIA ",SI,Sí,Sí,"Mujeres, Hombres, Adultos, Adultos Mayores, Población en Situación de Discapacidad",NO,No,NO,formulación y gestión de proyectos,NO,Sí,Mejorar condiciones Medioambientales,,,,"CON LA COMISION DE DEPORTES SE REALIZAN DIFERENTES ACTIVIDADES CON LOS NIÑOS, JOVENES, ADULTOS ",,,,,,,10,Sí,4,16--09-2016,20-042017,30-06-2017,,,,Sí,Sí,No,Sí,No Empalme,NO,SI,SI,SI,SI,SI,SI,SI,Sí,CON DIFERENTES ACCIONES QUE SE DESARROLLAN EN EL BARRIO 
04/09/2017,05,FRANCISCO ANTONIO ZEA PRIMERA ETAPA,CLL 91A 65 103,NO,No especifica,Bueno,No especifica,No especifica,No especifica,No especifica,No especifica,ARTICULACIÓN CON LAS DISTINTAS DEPENDENCIAS DE LA ALCALDIA EN LOS PROGRAMAS DE SALUD Y DEPORTES,SI,Sí,Sí,"Mujeres, Hombres, Adultos, Adultos Mayores",SI,Sí,SI,2,NO,Sí,Fortalecer la Convivencia,,,NOVENAS NAVIDEÑAS,,"INTEGRACIÓN CON LOS NIÑOS, DÍA DEL NIÑO ",JORNADAS DE LIMPIEZA ,,,,,14,Sí,4,20-05-2017,,04-09-2017,07/06/2017,,,Sí,No,No,Sí,No Empalme,SI,SI,SI,SI,SI,SI,SI,SI,Sí,CON EL TRABAJO EN ARTICULACIÓN CON LAS DEPENDENCIAS PARA RESOLVER LAS PROBLEMÁTICAS DEL BARIO 
31/10/2017,15,GUAYABAL LA COLINITA,Cra 53e n-10 b sur 33,NO,Regular,No especifica,No especifica,No especifica,No especifica,No especifica,No especifica,"Eventos donde se fomenta la participación, tenencia responsable de mascotas, pedagogía siembra de arboles, asesoría comerciantes, adulto mayor.",SI,Sí,Sí,"Mujeres, Hombres, Jóvenes, Adultos, Adultos Mayores",SI,Sí,SI,4,SI,No,"Mejorar la Infraestructura, Mejorar condiciones Medioambientales, Promover la productividad y el emprendimiento., Mejorar el acceso a los derechos",Jornadas para contrarrestar el dengue,Semilleros de participación.,,Barrismo urbano. ,,Eco huertas.,Mesa de paz y convivencia barrismo social.,"Comerciantes programa fomentamos, código de policía. ",,,10,Sí,4,22-05-2013,10-12-08,09-02-2000,27/05/2011,"Bancos,conciliadores.",10-15-2014/ 10 -12 - 2008.,Sí,Sí,No,Sí,Empalme Total,SI,SI,SI,SI,SI,SI,SI,SI,Sí,"Involucrando los jóvenes en la participación los niños con el cine películas de pedagogía educacional a cerca de la participaion,con los adultos,mascotas medio ambiente."
19/08/2017,05,HECTOR ABAD,Cra 63 # 103 313,SI,Regular,No especifica,No especifica,No especifica,No especifica,No especifica,No especifica,"donaciones sillas, brigadas de aseo, pintura pasamanos, novenas navideñas, reunión de familias para paseo Tutucan",SI,Sí,Sí,"Mujeres, Hombres, Jóvenes, Adultos, Adultos Mayores",SI,Sí,NO,formulación y gestión de proyectos,SI,Sí,Mejorar la Infraestructura,brigadas de salud,,,,recreación con los jóvenes del barrio,,,,,,12,Sí,3,20/05/2010,,,19/05/2006,,,Sí,No,No,Sí,No Empalme,NO,NO,NO,NO,NO,NO,NO,NO,Sí,gestión de proyectos para el beneficio del barrio
10/10/2017,13,BARRIO LA INDEPENDENCIA SECTOR 3,Cl 39A No. 112 E - 59 Int. 127,SI,Malo,No especifica,No especifica,No especifica,No especifica,Manifiestan que las condiciones de infraestructura son malas,Malo,"""Tenemos 45 niñ@s de los Semilleros de Participación Ciudadana, el recreando, trabajamos conjuntamente con AMI, hogares comunitarios, realizadores de sueños, con el fin de mejorar la calidad de vida de los afiliados y comunidad en general"". ",SI,Sí,Sí,"Mujeres, Hombres, LGTBI, Jóvenes, Adultos, Adultos Mayores, Afrodescendientes, Victimas del conflicto",SI,Sí,SI,10,SI,No,"Mejorar la Infraestructura, Mejorar condiciones Medioambientales, Promover la productividad y el emprendimiento., Mejorar el acceso a los derechos, Fortalecer la Convivencia",Promoción y prevención en salud visual y ortodoncia articulados con la secretaria de salud,Se gestionan las becas de Sapiensa,"Se realizan actividades de derechos humanos, donde se promueven los deberes y derechos de todas las poblaciones. ",Articulación con el Inder ,Actividades lúdicas con toda la comunidad y talleres formativos ,Se trabaja articuladamente con con profesionales en ingeniería y arquitectos que los asesora en la planeación de la infraestructura del sector. ,Todas las actividades que realizan tienen un propósito de mejorar los entornos y apostar a la paz ,"Manualidades, Articulación con cultura, fiesta del veinte de julio, de la Antioqueñidad etc. ","Trabaja mucho el tema de la paz, la convivencia y los derechos humanos, la Presidenta es vocera a la inclusión y derechos humanos de la comuna 13 San Javier",Ver lo antes mencionado,14,Sí,5,16/04/2016,01/03/2011,01/07/2017,22/04/2017,N/A,N/A,Sí,Sí,No,Sí,Empalme Total,SI,SI,SI,SI,SI,SI,SI,SI,Sí,"""Con todas las acciones realizadas en el territorio como: talleres de crecimiento personal que incluye a toda la población, manualidades con el fin de fomentar la economía de la mujer, trabaja el tema de sexualidad y autocuidado, realizan piyamadas  pedagógicas, talleres de masoterapia entre otros"" "
15/09/2017,15,JESÚS OBRERO,cra 65-con calle 5- interior 5-125 ,NO,Bueno,Bueno,No especifica,No especifica,No especifica,No especifica,No especifica,Información de los diferentes eventos que benefician la comunidades en general desarrolla actividades con los clubes.,SI,Sí,Sí,"Mujeres, Hombres, Adultos, Adultos Mayores",SI,No,NO,formulación y gestión de proyectos,NO,Sí,"Mejorar la Infraestructura, Mejorar condiciones Medioambientales",campañas de optometría.,acompañamiento a programa sapiencia con las   becas para jóvenes,,Torneos de .,Recreandos,campañas de limpieza para erradicar problemas ambientales,,,,,14,Sí,3,,19- 07-2017,02-11-2004,19/07/2017,,,Sí,Sí,No,Sí,Empalme Total,SI,SI,SI,NO,SI,NO,NO,SI,Sí,"campañas ambientales, en conjunto con la administración, actividades con los clubes de vida, programas de educación entre otros."
18/09/2017,06,BARRIO JOHN F. KENNEDY,Carrera 76 A # 90-07,SI,Regular,Regular,No especifica,Regular,Bueno,No especifica,No especifica,"convencer, transparencia, comvites, recorridos, sensibilizarnos, jornadas de salud, buen vecino (medio ambiente), recreaciones para el adulto mayor, asambleas, facilitaciones de espacios. ",NO,Sí,No,"Mujeres, Hombres, Jóvenes, Adultos, Adultos Mayores, Afrodescendientes, Victimas del conflicto, Población en Situación de Discapacidad",SI,No,SI,1,NO,No,"Mejorar la Infraestructura, Mejorar condiciones Medioambientales, Promover la productividad y el emprendimiento., Fortalecer la Convivencia","Jornadas de vacunación, jornada visual",servicio social para estudiantes,,"clases gimnacio, pony futbol, ",jornadas recreativas,"manejo y tenencia de mascotas, mantenimiento de zonas verdes, limpieza quebrada.",,capacitación en musica y danza,,Fortalecimiento al telecentro,18,Sí,7,,28-03-2017,,,,,Sí,No,No,Sí,Empalme Parcial,SI,NO,SI,SI,SI,SI,SI,SI,Sí,Mejorando la incidencia y la participación de los habitantes.
21/08/2017,09,JUAN PABLO SEGUNDO ,CR 1C # 48 - 220,NO,Regular,Bueno,No especifica,No especifica,No especifica,No especifica,No especifica,NO HA REALIZADO NADA POR FALTA DE COMPROMISO ,NO,No,No,"Mujeres, Hombres, Jóvenes, Adultos Mayores, Victimas del conflicto",NO,No,SI,5,NO,Sí,Mejorar la Infraestructura,,,,,,,,,,,14,Sí,3,,,25 DE JULIO DE 2017,,,,No,No,No,No,No Empalme,NO,NO,NO,NO,NO,NO,NO,NO,No,El técnico social no manifiesta observaciones.
09/10/2017,02,JUNTA DE ACCIÓN COMUNAL PABLO VI,CARRERA 50A No. 117-24,SI,Regular,Bueno,No especifica,No especifica,No especifica,CENTRO INTEGRAL DE FAMILIA,Bueno,"REUNIONES DE MADRES COMUNITARIAS, INTEGRACION CON LA COMUNIDAD, NOVENAS, NATILLA, BUÑUELOS, FIESTA DE LOS NIÑOS EN OCTUBRE HALLOWEEN,  FIESTA DE LOS NIÑOS EN ABRIL, JUSTAS DEPORTIVAS, TOMAS RECREATIVAS  ",SI,Sí,Sí,"Mujeres, Hombres, LGTBI, Jóvenes, Adultos, Adultos Mayores, Afrodescendientes, Victimas del conflicto",SI,Sí,SI,2,NO,No,"Mejorar la Infraestructura, Mejorar condiciones Medioambientales, Promover la productividad y el emprendimiento., Mejorar el acceso a los derechos, Fortalecer la Convivencia","EL ABANICO DE LA SALUD, RED INTEGRAL DE SALUD ","TELECENTRO CLASES DE SISTEMAS, CONTABILIDAD Y FINANZAS, REFUERZOS CONTINUOS  ","TRABAJO CON LA POBLACIÓN LGTBI, ALMUERZO PARA ADULTOS MAYORES","SEMILLEROS, ESCUELAS DE FUTBOL",RECREANDOS,"PAISAJISMO, MANEJO DE RESIDUOS",,"BANDA DE GUERRA, GRUPO DE BAILE",,,12,Sí,4,"16 DE SEP. 2017, FECHA DE INSCRIPCIÓN DEL ULTIMO AFILIADO ",NO LO PRESENTARON,"SE RADICO PQRS EN LA SECRETARIA DE PARTICIPACION CIUDADANA, POR PERDIDA",,NO FUE PRESENTADO,,Sí,Sí,Sí,Sí,Empalme Parcial,NO,SI,SI,SI,SI,SI,SI,SI,Sí,"ATENDIENDO NECESIDADES, ASESORANDO, CRECIMIENTO PERSONAL, MEJORAMIENTO DE LA CALIDAD DE VIDA"
13/10/2017,07,BARRIO LA CASCADA,CALLE 62D #105A-05,SI,Regular,No especifica,No especifica,No especifica,No especifica,No especifica,No especifica,"Gestión de obras, eventos lúdicos, talleres, convites.",SI,Sí,Sí,"Mujeres, Hombres, Jóvenes, Adultos, Adultos Mayores",SI,Sí,SI,1,SI,No,"Mejorar la Infraestructura, Mejorar condiciones Medioambientales",jornadas de salud,,,,,,,,pl y pp,dinamizacion de las ejecuciones,14,Sí,3,16/04/2016,no registra,,12/10/2017,,,Sí,Sí,No,Sí,Empalme Total,NO,SI,SI,SI,SI,SI,SI,SI,Sí,"Mantiene el tejido social, dinamiza las acciones de la institucionalidad"
13/09/2017,13,LA DIVISA,Cra 99 F No. 49-03,SI,Regular,Bueno,No especifica,No especifica,No especifica,"La sede regulares condiciones, es un espacio muy pequeño para realizar las asambleas y reunir la comunidad",Regular,"""Trabajo social, ayudas comunitarias en obras públicas, convites etc""",SI,Sí,No,"Mujeres, Jóvenes, Adultos, Adultos Mayores, Afrodescendientes, Victimas del conflicto, Población en Situación de Discapacidad",SI,Sí,SI,5,SI,Sí,"Mejorar la Infraestructura, Mejorar condiciones Medioambientales, Mejorar el acceso a los derechos, Fortalecer la Convivencia",Brigadas de salud con el apoyo de la secretaria de salud,Con sapiensa,"Se realizan varias actividades entre ellas menciona ""Se esta solicitando unos predios para realizar una iglesia en el sector y estamos esperando la aprobación de la alcaldía""(..) ",Articulación con el Inder,"Varias actividades que realizamos y aunque no se tenga planes de trabajo se hacen estas actividades, se invita a formalizar los planes de trabajo con todas las acciones que ella refiere...",Brigadas de asea,No refiere,No refiere,Ver las antes mencionadas,Ver las antes mencionadas,14,Sí,3,16/04/2017,16/08/2017,22712/2013,10/09/2017,N/A,N/A,Sí,No,No,Sí,Empalme Total,SI,SI,SI,SI,SI,SI,SI,SI,Sí,"""con la labor que hacemos en el medio ambiente, brigadas y convites, con las acciones para las victimas del conflicto; como un organismo que respeta los derechos y deberes a la comunidad para su bienestar social"". "
28/09/2017,70,VEREDA LA ESPERANZA SECTOR RURAL DE BELEN,cr 99 # 15 05,NO,Regular,No especifica,No especifica,No especifica,No especifica,No especifica,No especifica,"Convites, jornadas de aseo y jornadas deportivas.",NO,Sí,Sí,"Mujeres, Hombres, Jóvenes, Adultos, Victimas del conflicto",SI,Sí,SI,4,NO,No,"Mejorar condiciones Medioambientales, Fortalecer la Convivencia",,,,Torneos deportivos,Actividad recreando,  convites de limpieza,,,,,15,Sí,4,02 Abril de 2017,,,,,,Sí,No,No,Sí,Empalme Parcial,SI,NO,NO,NO,NO,NO,NO,NO,Sí,Mejorando la calidad de vida.
28/09/2017,02,BARRIO LA FRONTERA,CARRERA 51 B No. 119-90,SI,Regular,Bueno,No especifica,No especifica,No especifica,CENTRO INTEGRAL BARRIAL,Regular,"LA NAVIDAD, KITS ESCOLARES, JOVENES CAPACITADOS EN EL TELECENTRO, CAPACITACIONES EN INGLES CON EL ITM PARA JOVENES Y ADULTOS, CAPACITACIONES EN MARROQUINERIA CON EL SENA",SI,Sí,Sí,"Mujeres, Hombres, Jóvenes, Adultos, Adultos Mayores, Victimas del conflicto, Población en Situación de Discapacidad",SI,Sí,SI,3,NO,No,"Mejorar la Infraestructura, Mejorar condiciones Medioambientales, Mejorar el acceso a los derechos, Fortalecer la Convivencia, EDUCACIÓN, RECREACIÓN, CAPACITACIONES",VACUNACION CONTRA EL MENINGOCOCO PARA 70 ADULTOS  ,CAPACITACIONES EN SISTEMAS BASICO ,BONO ALIMENTARIO,TORNEOS DE BALONCESTO Y MICROFUTBOL,RECREANDOS Y SALIDAS A PARQUES DE DIVERSIÓN CON RECURSOS PROPIOS,COMPOSTAJE Y SEPARACIÓN DE RESIDUOS SÓLIDOS,BARRISMO,"CONVITES PARA PINTAR EL ESCENARIO DEPORTIVO, ACTIVIDADES CULTURALES EN PARQUES Y ESPACIOS PÚBLICOS ",,,17,Sí,7,18/05/2000 FECHA DE REGISTRO,NO TIENEN SE LES SUGIERE RADICAR,27/SEPT./2016,16/08/2009,,,Sí,No,No,Sí,No Empalme,SI,SI,NO,NO,SI,SI,SI,SI,Sí,"CON LOS PROYECTOS DE INFRAESTRUCTURA, MEDIO AMBIENTE, INCLUSIÓN, DEPORTE, RECREACIÓN, EDUCACIÓN, ETC "
27/09/2017,08,BARRIO LA LADERA,Calle 59A Nº 36 - 30 Local 4,SI,Bueno,Bueno,Bueno,Bueno,Bueno,"Biblioteca León de Greiff, UVA La Imaginación ",Bueno,"Actividades culturales, bazar, lunada, actividades pedagógicas y de recreación ",SI,Sí,Sí,"Mujeres, Adultos, Adultos Mayores",SI,Sí,SI,4,SI,Sí,"Mejorar condiciones Medioambientales, Promover la productividad y el emprendimiento., Mejorar el acceso a los derechos, Fortalecer la Convivencia","Prevención riesgos epidemiologicos, jornada de vacunacion, covicom salud mental","Parches adolescentes, prevencion de drogas","Convivencia en paz, lunada",Club de fútbol - patinaje - natación - hockey ,Dias de sol,"Limpieza quebrada la loca, huerta comunitaria ","Club Rotarac, Convivencia en paz, lunada","Club Rotarac, Convivencia en paz",UPA Unidad productiva papelería ,UPA Unidad productiva papelería ,15,Sí,5,26/07/2017,No tienen se solicitara en SPC ,26/09/2017  se solicitara en SPC se lleva en un cuaderno,26/08/2017,Libro de actas  pendiente de registro en SPC ,,Sí,Sí,Sí,Sí,Empalme Parcial,NO,NO,NO,NO,NO,NO,NO,NO,Sí,Con acciones en pro de mejorar la calidad de vida de la comunidad 
27/08/2017,08,LA LIBERTAD N° 2,Diagonal 17D Nº 16B - 54,SI,No especifica,Regular,No especifica,No especifica,No especifica,"Salón Iglesia Cristiana, UVA La Libertad, Iglesia Nuestra Señora del Cobre",Bueno,"Trabajo social y comunitario, actividades recreativas, campañas de sensibilización ambientales y de salud, brigadas de limpieza ",SI,Sí,Sí,"Mujeres, Hombres, Jóvenes, Adultos, Adultos Mayores, Victimas del conflicto",SI,Sí,SI,5,SI,Sí,"Mejorar la Infraestructura, Mejorar condiciones Medioambientales, Mejorar el acceso a los derechos, Fortalecer la Convivencia",Campañas y charlas de salud,Talleres educativos,,Jornadas de recreación,Jornadas de recreación,"Campañas ambientales de sensibilizacion, convites",,"Talleres, charlas y campañas",,,13,Sí,5,Julio 1/2017,Julio 1/2017,Julio 1/2017,01/07/2017,,,Sí,Sí,Sí,Sí,Empalme Total,SI,SI,SI,SI,SI,SI,SI,SI,Sí,"Se ha fortalecido la participación de diferentes grupos poblacionales, se han mejorado temas como integración - identidad territorial - cultura ambiental"
16/09/2017,14,LA LOMA DE LOS MANGOS,Carrera 22 #19Sur-57,SI,No especifica,Bueno,No especifica,No especifica,No especifica,Montesorri,Bueno,Gestionan para mejorar la calidad de vida de los habitantes,SI,Sí,Sí,"Mujeres, Hombres, Jóvenes, Adultos, Adultos Mayores",SI,Sí,SI,4,SI,Sí,Fortalecer la Convivencia,"Campañas visuales, vacunación y ortodoncia",,,"Fubooll,Clase de Yogas y Rumba aeroica","Manualidades, salidas , bailes ",,,,,,14,Sí,3,15/08/2017,No tienen libro,02/09/2017,04/06/2017,,,Sí,Sí,No,Sí,Empalme Parcial,SI,SI,NO,SI,,SI,NO,NO,Sí,PORQUE MEJORA LAS CONDICIONES DE VIDA DE LOS  HABITANTES
16/09/2017,60,BARRIO LA LOMA SECTOR BELLA VISTA,Calle 55 N° 131 09,SI,Regular,No especifica,No especifica,No especifica,No especifica,No especifica,No especifica,"Asambleas, convites, torneos fútbol mujeres y jóvenes, fiesta navideña, fiesta de la familia",SI,Sí,Sí,"Mujeres, Hombres, Jóvenes, Adultos, Adultos Mayores, Afrodescendientes, Victimas del conflicto",SI,Sí,SI,1,NO,No,"Mejorar la Infraestructura, Mejorar condiciones Medioambientales, Mejorar el acceso a los derechos, Fortalecer la Convivencia",Promocion y prevencion,Becas PP,Adulto mayor,Fútbol femenino y masculino,Semilleros,Manejo de pozos con el Dagrep,Mesa de trabajo la loma,Grupo de baile,,,13,Sí,2,02/07/2017,,07/09/2017,02/07/2017,,,Sí,No,No,Sí,Empalme Total,SI,SI,,SI,SI,SI,SI,SI,Sí,"En el mejoramiento de calidad de vida, implementando actividades que lleven a mejorar las condiciones de violencia en las que ha vivido el sector en conjunto con la mesa de trabajo la loma, brindando oportunidades de recreación, educación, a los jóvenes y al adulto mayor"
04/09/2017,04,LA MAQUINITA CAMPO VALDÉS,carrera 48 # 85 c 85,SI,Regular,Bueno,No especifica,No especifica,No especifica,No especifica,No especifica,"campañas ambientales, recreación, manualidades, baile,actividades adultos mayores.",SI,Sí,Sí,"Mujeres, Hombres, Jóvenes, Adultos, Adultos Mayores, Victimas del conflicto, Población en Situación de Discapacidad",SI,Sí,SI,2,NO,Sí,"Mejorar la Infraestructura, Mejorar condiciones Medioambientales, Promover la productividad y el emprendimiento., Mejorar el acceso a los derechos, Fortalecer la Convivencia",campañas de salud visual.,jornadas recreativas,manualidades con los grupos de 3 edad.,jornadas deportivas.,actividades ludicas.,campañas de limpieza.,,talleres artísticos.,,,14,Sí,3,12 agosto 2017.,julio 2016.,agosto de 2017,01/09/2017,,,Sí,Sí,No,Sí,Empalme Parcial,SI,SI,NO,NO,NO,SI,NO,NO,Sí,"mejorando las condiciones de infraestructura, dándole accesibilidad a la ciudadanía a los programas de prevención."
07/09/2017,60,LA MONTAÑA,Calle 64 BC N° 105 A 155,SI,No especifica,Bueno,No especifica,No especifica,No especifica,No especifica,No especifica,"Asambleas, convites, actividades ludicas y recreativas, semilleros, campeonatos",SI,Sí,Sí,"Mujeres, Hombres, Jóvenes, Adultos, Adultos Mayores",SI,Sí,NO,formulación y gestión de proyectos,SI,No,"Mejorar la Infraestructura, Mejorar condiciones Medioambientales, Mejorar el acceso a los derechos, Fortalecer la Convivencia","Promocion y prevencion, feria de servicios","PP, becas ITM","Actividades con jóvenes, niños, victimas del conflicto y adulto mayor",Campeonato de futbol,Semilleros infantiles,"Jornadas de aseo, adecuación zonas verdes",Participación en el el colectivo de mujeres,"Tertulias, código de policia",Infraestructura,Construcción cunetas,15,Sí,4,09/04/2017,,28/11/2016,09/04/2017,,,Sí,Sí,No,Sí,Empalme Total,SI,SI,SI,SI,SI,SI,SI,SI,Sí,"En el cambio de paradigmas, valorando la diversidad etnica y teniendo en cuenta la mezcla de diferentes culturas en el territorio"
27/08/2017,60,LA PALMA PARTE BAJA,Vereda Palma Baja,NO,No especifica,No especifica,No especifica,No especifica,No especifica,No especifica,No especifica,"Limpieza acueducto veredal, gestiones para el mejoramiento de calidad de vida del campesino, actividades deportivas, promoción y prevención en salud, mantenimiento de vias, asambleas",SI,Sí,Sí,"Mujeres, Hombres, Jóvenes, Adultos, Adultos Mayores",SI,Sí,SI,1,NO,No,"Mejorar la Infraestructura, Mejorar condiciones Medioambientales, Mejorar el acceso a los derechos, Mejorar condiciones del campesinado",Promocion y prevencion,Becas Sapiencia,,Actividades deportivas con jovenes y adulto mayor,,"Limpieza cuencas, mantenimiento acueducto veredal",,,Infraestructura,Mantenimiento de vias y caminos veredales,14,Sí,3,09/07/2017,24/06/2012,31/12/2016,27/05/2017,,,Sí,No,No,Sí,Empalme Total,SI,SI,SI,SI,SI,SI,SI,SI,Sí,"En acciones de promoción y prevención en salud, cuidado del medio ambiente con actividades de limpieza de cuencas hidrográficas y mantenimiento acueducto veredal, educación generando oportunidades de capacitación a jóvenes de la vereda"
18/08/2017,16,BARRIO LA PALMA,Calle 30 A # 79-97,NO,No especifica,No especifica,No especifica,No especifica,No especifica,Corporación te creo,Bueno,Ninguna,NO,No,Sí,"Mujeres, Hombres, Adultos Mayores",SI,No,SI,10,NO,Sí,"Mejorar la Infraestructura, Mejorar condiciones Medioambientales",,,Actividades con el club de vida,,,Convites de limpieza- mejoramiento de andenes,,,,,4,Sí,3,Julio 06 de 2016,Diciembre 31 de 2013,Julio 21 de 2016,30/06/2012,,,No,Sí,No,Sí,No Empalme,NO,NO,NO,NO,NO,NO,NO,NO,No,No han realizado actividades en la organización hace un año o 6 meses.
04/09/2017,05,LA PLAYITA,CR 63D No 14B -08,SI,Bueno,No especifica,No especifica,No especifica,No especifica,No especifica,No especifica,"ACCIONES DE MEJORAMIENTO DE INFRAESTRUCTURA, DEPORTIVO.",SI,Sí,Sí,"Mujeres, Hombres, Adultos, Adultos Mayores",SI,Sí,SI,3,NO,Sí,"Mejorar condiciones Medioambientales, Mejorar el acceso a los derechos",JORNADAS DE SALUD ,TALLER HABILIDADES COMUNICATIVAS Y DE LECTURA ,,,RECREANDO CON EL INDER  ,,,,,,14,Sí,3,,03-06-2014,20-05-2017,,,,Sí,Sí,No,Sí,No Empalme,NO,NO,NO,NO,NO,NO,NO,NO,Sí,"CON LA EJECUCIÓN DE LOS PLANES DE TRABAJO, ARTICULACIÓN CON LAS DISTINTAS DEPENDENCIAS DE LA ALCALDÍA, PARA LA EJECUCIÓN DE LOS DISTINTOS PROGRAMAS  "
12/10/2017,70,LA PLAYITA - LA ISLA,vereda La Playita.,SI,No especifica,Bueno,No especifica,No especifica,No especifica,No especifica,No especifica,"Brigadas de salud visual, ortodoncia, prótesis, gafas, integraciones, bingos, gestionan ayudas para los niños como cuadernos y refrigerios",SI,Sí,Sí,"Mujeres, Hombres, Jóvenes, Adultos, Adultos Mayores, Victimas del conflicto",SI,Sí,SI,2,SI,Sí,"Mejorar la Infraestructura, Mejorar condiciones Medioambientales, Promover la productividad y el emprendimiento., Mejorar el acceso a los derechos, Fortalecer la Convivencia","vacunación, prótesis, ortodoncias, brigadas de salud",,justicia y equidad,,"Mercados, El recreando de los niños",recolección y reciclaje ,justicia y equidad,,,,14,Sí,3,25/02/2017,,,17/05/2017,,,Sí,Sí,Sí,Sí,Empalme Total,SI,SI,SI,SI,SI,SI,SI,SI,Sí,Mejorando la calidad de vida de sus afiliados.
20/09/2017,80,URBANIZACIÓN ROSALEDA,Carrera 57 nro 48 - 08,SI,No especifica,No especifica,No especifica,No especifica,No especifica,CAPILLA,Bueno,"Ser Voceros de la comunidad ante otras entidades e instituciones públicas o privadas. apoyo a los recreandos,  Informar y convocar la comunidad para diferentes acciones,",SI,Sí,Sí,"Mujeres, Hombres, Adultos, Adultos Mayores, Población en Situación de Discapacidad",SI,Sí,SI,5,SI,No,"Mejorar la Infraestructura, Mejorar condiciones Medioambientales, Fortalecer la Convivencia","Con PP.  motivar el tamizaje Visual, prótesis tercera edad, vacación. actividades de Salud mental familias resilientes",Cursos de capacitación con el SENA y otras Entidades en el CDS la Rosaleda,Apoyar el grupo de Mujeres y tercera edad.,"Actividades deportivas y recreativas para la comunidad, apoyo a los recreandos.","Actividades  recreativas para la comunidad, apoyo a los recreandos.","protección de la cuenca de la quebrada, paisajismo del parque lineal y de zonas verede del barrio, tenencia responsable de mascotas",,,INFRAESTRUCTURA,Mantenimiento de la cancha.,14,Sí,4,abril del  2016,Agosto 2017,Agosto 2017,03/10/2014,,,Sí,Sí,No,Sí,No Empalme,,,,,,,,,Sí,"Con Articulación de la comunidad, Informar a la comunidad de campañas y otras acciones en beneficio de todos, Acompañamiento por el Estado, Recreación, participación,"
09/09/2017,60,BARRIO LAS FLORES,Calle 64 AC N° 106 107,SI,Regular,Bueno,No especifica,No especifica,No especifica,No especifica,No especifica,"Asambleas, convites, cultivos orgánicos, brigadas, actividades ludicas",SI,Sí,Sí,"Mujeres, Hombres, Jóvenes, Adultos, Adultos Mayores, Afrodescendientes, Victimas del conflicto",SI,Sí,SI,1,SI,No,"Mejorar la Infraestructura, Mejorar condiciones Medioambientales, Promover la productividad y el emprendimiento., Mejorar el acceso a los derechos, Fortalecer la Convivencia","Brigadas, promoción y prevención.","Becas PP, cursos tesoreros, secretarios, presidentes y conciliadores","Programa adulto mayor, discapacitados",Torneos de futbol,Semilleros ,"Talleres sobre manejo de residuos sólidos, producción de abonos organicos",Mesa de convivencia,Actividades culturales con la biblioteca y en la UVA,,,17,Sí,5,20/08/2017,22/07/2017,05/07/2017,27/08/2017,,,Sí,Sí,No,Sí,Empalme Total,SI,SI,SI,SI,SI,SI,SI,SI,Sí,Generando acciones positivas que impactan el desarrollo de la comunidad contribuyendo al mejoramiento de la calidad de vida de los habitantes
12/09/2017,08,LAS GOLONDRINAS,Calle 65 Nº 16DD - 99 Interior 17-53,SI,Bueno,Bueno,No especifica,No especifica,No especifica,No especifica,No especifica,"Celebraciones especiales, gestión de servicios públicos, asambleas, convites, rendiciones de cuentas, grupo juvenil, novena navideña",SI,Sí,Sí,"Mujeres, Hombres, LGTBI, Jóvenes, Adultos, Adultos Mayores, Afrodescendientes, Indigenas, Victimas del conflicto",SI,Sí,SI,2,NO,Sí,"Mejorar la Infraestructura, Mejorar condiciones Medioambientales, Promover la productividad y el emprendimiento., Mejorar el acceso a los derechos, Fortalecer la Convivencia",Esterilización y vacunación de mascotas,"Jornada de des escolarización, semilleros","Días de sol, adulto mayor",Torneo barrial,Inder,Jornadas de aseo,Conversatorio por la paz,,,,14,Sí,3,28 Agosto 2017,20 Agosto 2017,"30 Agosto 2017 es electrónico, pendiente de registro en SPC",22/12/2013,Actas esta pendiente de transcribir,,Sí,Sí,No,Sí,Empalme Total,SI,SI,SI,SI,SI,SI,SI,SI,Sí,"Mejorando la calidad de vida de nuestra comunidad a través de capacitaciones, recreación"
31/08/2017,03,LAS GRANJAS,Calle 85 A # 40-16,SI,Bueno,Bueno,No especifica,No especifica,No especifica,No especifica,No especifica,"Gestiona procesos en temas de obras públicas, recreación, deporte, educación, cultura.",SI,Sí,Sí,"Mujeres, Hombres, Jóvenes, Adultos, Adultos Mayores",SI,Sí,SI,4,SI,Sí,"Mejorar la Infraestructura, Mejorar condiciones Medioambientales, Promover la productividad y el emprendimiento., Mejorar el acceso a los derechos, Fortalecer la Convivencia",Brigadas de Salud ,Capacitaciones ,Grupo de la 3ra edad y grupo de niños ,"Torneos de ajedrez, natación, ciclovia, porrismo y hidroaerobicos ","cuadra recreativa, recreocomuna y eventos de recreación cada 15 días ",,,,,,14,Sí,4,18/08/2017,24/04/2017,26/07/2017,19/08/2017,Junta Directiva y Bancos ,JD: 16/07/2017  B: 21/06/2017,Sí,Sí,Sí,Sí,Empalme Total,SI,SI,SI,SI,SI,SI,SI,SI,Sí,"incide de manera positiva y comprometida, gestionando de manera dedicada por la comunidad "
24/08/2017,03,BARRIO LAS NIEVES,Calle 77 # 31-40,SI,Bueno,Bueno,No especifica,No especifica,No especifica,Canchas,Bueno,"Obras de infraestructura, torneos, gimnasio y diferentes eventos social, informativos y de formación.",SI,Sí,Sí,"Mujeres, Hombres, Jóvenes, Adultos, Adultos Mayores, Victimas del conflicto",SI,Sí,SI,5 a 10,SI,Sí,"Mejorar la Infraestructura, Mejorar condiciones Medioambientales, Mejorar el acceso a los derechos, Fortalecer la Convivencia",Brigadas de salud,Talleres formadores,,"Torneos de ajedrez, fútbol, natación, porrismo y tenis de mesa.",Recreo-Cuadras,Recolección de basura,,,,,14,Sí,5,08/08/2016,Agosto/2016,30/04/2017,30/07/2017,,,Sí,Sí,Sí,Sí,No Empalme,SI,SI,SI,SI,SI,SI,SI,SI,Sí,Eventos y trabajo por la comunidad.
14/09/2017,70,LAS TRES CRUCES,Vía al Jardin,NO,No especifica,No especifica,No especifica,No especifica,No especifica,No especifica,No especifica,Gestiona intervención en escaleras y consigue 12 iluminarias ,SI,Sí,Sí,"Mujeres, Hombres, Adultos, Adultos Mayores, Victimas del conflicto",SI,Sí,SI,1,SI,No,"Mejorar la Infraestructura, Mejorar condiciones Medioambientales, Promover la productividad y el emprendimiento., Mejorar el acceso a los derechos, Fortalecer la Convivencia","Vacuna, Ortodoncia, gafas.",,gimnasia adulto mayor,,cuadra recreativa.,,,,,,12,Sí,3,Libros en proceso de registro,Libros en proceso de registro,Libros en proceso de registro,,,,Sí,No,No,Sí,No Empalme,,,,,,,,,Sí,El técnico social no manifiesta observaciones.
19/08/2017,16,BARRIO BELÉN LAS VIOLETAS,Calle 31C # 89 D 22,SI,No especifica,Bueno,No especifica,No especifica,No especifica,No especifica,No especifica,"Actividades con la comunidad, pero hace un año no se realiza ninguna.",NO,No,No,no realiza actividades,SI,Sí,SI,1,NO,Sí,"no realiza actividades, no posee dignatarios",,,,,,,,,,,"La organización no tienen dignatarios activos, el señor Tiberio es una persona delegada por la Secretaría de Participación Ciudadana para convocar a asamblea y elegir dignatarios y activar nuevamente la organización.",No,No aplica,Abril 17 de 2016,Octubre 20 de 2016,Septiembre 2 de 2016,23/04/2016,,,No,Sí,No,No,No Empalme,NO,NO,NO,NO,NO,NO,NO,NO,No,"La organización hace un año (2016) no desarrolla actividades con la comunidad, no posee dignatarios activos."
11/09/2017,11,LAURELES,Transversal 39B  75-39,SI,Bueno,Bueno,Bueno,No especifica,No especifica,No especifica,No especifica,"Comunicados, Eventos en el Parque, Reuniones con comunidad",SI,Sí,Sí,"Mujeres, Hombres, Jóvenes, Adultos, Adultos Mayores, Victimas del conflicto, Población en Situación de Discapacidad",SI,Sí,SI,3,SI,Sí,"Mejorar la Infraestructura, Mejorar condiciones Medioambientales, Promover la productividad y el emprendimiento., Mejorar el acceso a los derechos, Fortalecer la Convivencia",Brigadas de Salud,Convenio de descuento Universidad Autónoma de Las Américas y Becas Sapiencia,Charlas de Convivencia,"Microfútbol, Volleibol, Hidroterapia",Torneos deportivos,Jornadas Medioambientales,Fomentar la Sana Convivencia,Talleres de Manualidades,,,14,Sí,3,16/04/2016,06/11/2007,06/04/2017,16/04/2016,,,Sí,Sí,No,Sí,No Empalme,NO,NO,NO,NO,NO,NO,NO,NO,Sí,"Aporta al mejoramiento de la calidad de vida de los habitantes, mediante podas, limpiezas, entre otras actividades."
14/09/2017,11,LAURELES LORENA,Transversal 39B  75-39,SI,Bueno,Bueno,No especifica,Bueno,No especifica,No especifica,No especifica,"Recorridos, comunicación, apoyo en el mejoramiento de la seguridad, deportes, actividades artísticas y culturales, educación y salud",SI,Sí,Sí,"Mujeres, Hombres, Jóvenes, Adultos, Adultos Mayores, Población en Situación de Discapacidad",NO,No,SI,4,NO,No,"Mejorar la Infraestructura, Mejorar condiciones Medioambientales, Promover la productividad y el emprendimiento., Mejorar el acceso a los derechos, Fortalecer la Convivencia",COPACOS,Programas de PP,Feria de la discapacidad,Fútbol,"Gimasia, natación","Arborización, manejo de basuras, poda y reposición de árboles",Manejo código de policía y convivencia,,,,14,Sí,3,,,,,,,Sí,No,No,Sí,No Empalme,NO,NO,NO,NO,NO,NO,NO,NO,Sí,Mejoramiento de la calidad de vida de la comunidad
19/10/2017,14,LOMAS DE LOS PARRAS,Sede Social CL 1 Sur  # 29D-37,SI,Bueno,No especifica,No especifica,No especifica,No especifica,Institución Educativa Santa Catalina de Siena,Bueno,La Junta gestiona programas para llevarlos al barrio y que la gente se beneficie,SI,Sí,Sí,"Mujeres, Hombres, Jóvenes, Adultos, Adultos Mayores",SI,Sí,SI,8,SI,Sí,"Mejorar condiciones Medioambientales, Mejorar el acceso a los derechos, Fortalecer la Convivencia","Campañas Visuales, ortodoncia, vacunación.",Apoyo Educación Superior,Generan proyectos para niños discapacitados,Las Justas,Cuadras recreativas,,,"Banda, baile y Pintura",,,9,Sí,3,Esta en Proceso de Actualización,No esta acatualizado,9 Julio 2017,19/09/2017,,,No,Sí,No,Sí,Empalme Parcial,SI,NO,SI,SI,NO,SI,NO,NO,Sí,"Generando más Participación en todos los sectores, y Alternativas para  la Migración de drogadición"
30/09/2017,04,BARRIO ÁLAMOS BERMEJAL,CALLE 87 # 52 B 46,SI,Regular,No especifica,No especifica,No especifica,No especifica,No especifica,No especifica,"ACTIVIDADES FORMATIVAS,RECREATIVAS,CULTURALES,DEPORTIVAS, MEDIO AMBIENTE,SALUD.ETC",NO,Sí,Sí,"Mujeres, Hombres, LGTBI, Jóvenes, Adultos, Adultos Mayores, Afrodescendientes, Indigenas, Población en Situación de Discapacidad",SI,Sí,SI,4,NO,Sí,"Mejorar la Infraestructura, Mejorar condiciones Medioambientales, Promover la productividad y el emprendimiento., Mejorar el acceso a los derechos, Fortalecer la Convivencia","campañas de salud visual, contra el dengue,",procesos formativos.talleres de baile.,salidas y apoyo actividades clud de vidad.,torneo ,recreandos.,campañas de limpieza y embellecimiento párques del barrio.,jornadas de sencivilizacion y marchas en la comuna 4.,actividades culturales.,,,16,Sí,5,agosto de 2017,agosto de 2017,agosto de 2017,15/09/2017,,,Sí,Sí,No,Sí,Empalme Total,SI,SI,SI,SI,SI,SI,,SI,Sí,"brindando a sus afiliados oportunidades de formación, inclusión,recreación, mejorando las condiciones fisicas del barrio."
14/09/2017,09,LOS CERROS,CALLE 46B # 16CC - 25,SI,No especifica,Bueno,No especifica,No especifica,Bueno,"PARROQUIA, C.A. MAYOR",,"DIFERENTES ACTIVIDADES CULTURALES, DEPORTIVAS, AMBIENTALES Y EDUCATIVAS",SI,Sí,Sí,"Mujeres, Hombres, Jóvenes, Adultos, Adultos Mayores, Afrodescendientes",SI,Sí,SI,8,SI,No,"Mejorar la Infraestructura, Mejorar condiciones Medioambientales, Promover la productividad y el emprendimiento., Mejorar el acceso a los derechos, Fortalecer la Convivencia","BRIGADAS DE SALUD, SENCIVILAZACIÓN CON LA COMUNIDAD APARA EVITAR LAS PLAGAS, ",FORTALECIMIENTO CON JOVENES PARA LA EDUCACIÓN SUPERIOR,,,RECREANDO,"COMPARENDOS AMBIENTALES, SIEMBRA DE ARBOLES, PLANTAS ORNAMENTALES, MANEJO DE PUNTOS CRITICOS.",,"SEMILLEROS DE MUSICA, GRUPO DE OLEO, DANSAS.",,,17,Sí,5,,11/09/2017,,18/05/2017,,,Sí,Sí,No,Sí,Empalme Total,SI,SI,SI,SI,SI,SI,SI,SI,Sí,"CON EL TRABAJO AMBIENTAL, CULTURAL, RECREATIVO, DEPORTIVO, Y DE LAS DIFERENTES ACTIVIDADES QUE SE REALIZAN EN EL RADIO DE ACCIÓN Y EN LA COMUNA"
06/10/2017,16,LOS FORJADORES DE BELEN RINCON,Calle 3 B # 79-17 ,SI,Bueno,Bueno,No especifica,No especifica,No especifica,No especifica,No especifica,Desarrolla actividades con Presupuesto Participativo y talleres de manualidades.,NO,Sí,Sí,"Mujeres, Hombres, Jóvenes, Adultos, Adultos Mayores",NO,No,SI,3,SI,No,"Mejorar condiciones Medioambientales, Fortalecer la Convivencia",,,Encuentro de vecinos,,Cuadras recreativas con el INDER,Jornadas de siembre de arboles y limpieza de basuras.,,,,,11,Sí,3,La organización no presenta libro,La organización no presenta libro,La organización no presenta libro,,La organización no presenta libro,La organización no presenta libro,Sí,No,No,Sí,Empalme Parcial,NO,NO,NO,SI,NO,NO,NO,NO,Sí,La organización incide en el territorio con sus acciones con la comunidad  y con las actividades que ofrece.
11/10/2017,06,LOS LOTES 12 DE OCTUBRE,Calle 97 C #84 -57,SI,Bueno,Bueno,No especifica,No especifica,No especifica,No especifica,No especifica,"Limpieza zonas verdes, recolección de basura, eventos deportivos, eventos culturales, recepción de peticiones, talleres educativos, alimentación 3ra edad, articulación sistema cuadral, talleres familiares, redes sociales, entre otras.",SI,Sí,Sí,"Mujeres, Hombres, Jóvenes, Adultos, Adultos Mayores",SI,Sí,SI,4,NO,No,"Mejorar la Infraestructura, Mejorar condiciones Medioambientales, Promover la productividad y el emprendimiento., Mejorar el acceso a los derechos, Fortalecer la Convivencia",,"Escuela de padres, talleres para niños y niñas",,torneo relampago,ingreso a cine,"Limpieza de zonas verdes, recolección de basuras",,Ingreso al parque norte,,,19,Sí,8,sin fecha,no tienen,Julio,22/01/2017,,,Sí,No,Sí,Sí,No Empalme,NO,NO,NO,NO,NO,NO,NO,NO,Sí,"calidad de vida, mejorar con los diagnósticos las condiciones educativas y culturales, promover la cultura y la educación."
22/08/2017,07,URBANIZACIÓN LUIS LÓPEZ DE MESA,calle 84-38 interior 201,NO,No especifica,No especifica,No especifica,No especifica,No especifica,No especifica,No especifica,"asambleas, integración, limpieza quebrada, apoyo a actividades institucionales",SI,Sí,Sí,"Mujeres, Hombres, Jóvenes, Adultos, Adultos Mayores",SI,Sí,SI,4,NO,No,"Mejorar condiciones Medioambientales, Promover la productividad y el emprendimiento., Mejorar el acceso a los derechos",,,mesa de derechos humano,,,,sembrar valores y principios,,,,15,Sí,3,junio 2017,no registra fecha,julio 2017,,actas,22/05/2017,Sí,Sí,No,Sí,Empalme Total,SI,SI,SI,SI,SI,SI,SI,SI,Sí,mejoramiento de la infraestructura y la integración entre los miembros de la comunidad
04/10/2014,03,BARRIO MANRIQUE ORIENTAL,Carrera 37 # 71-58,SI,Bueno,Bueno,No especifica,No especifica,No especifica,Parque y Placa polideportiva ,Bueno,Gestiones en diferentes aspectos comunitarios ,SI,Sí,Sí,"Mujeres, Hombres, Adultos",SI,Sí,SI,3,SI,No,"Mejorar la Infraestructura, Mejorar condiciones Medioambientales, Mejorar el acceso a los derechos, Fortalecer la Convivencia",Brigadas de salud ,Semillero Manrique ,Grupo de la tercera edad ,"futbol, karate, tekondo, tenis de mesa, ajedrez, Basketball y patinaje ",recreo cuadra y recreo comuna ,sensibilizaciones en recolección de basuras ,,,,,17,Sí,7,16/04/2016,19/11/2015,Agosto/2014,16/06/2017,,,Sí,Sí,Sí,Sí,No Empalme,NO,NO,NO,NO,NO,NO,NO,NO,Sí,Incide articulándose constantemente con las necesidades de la comunidad y realizando gestión en varios ámbitos comunitarios 
02/10/2017,02,MARÍA EMMA HENAO QUÍNTERO,calle 104C No. 50B02 ,SI,Regular,Bueno,No especifica,No especifica,No especifica,No especifica,No especifica,"DEPORTES CON LA ESCUELA DE FÚTBOL, APOYO INTERVENCIONES PROGRAMAS CON PRESUPUESTO PARTICIPATIVO  ",NO,Sí,Sí,"Mujeres, Hombres, Adultos, Adultos Mayores",NO,No,SI,15,NO,No,"Mejorar la Infraestructura, Mejorar condiciones Medioambientales",PRÓTESIS Y LENTES,,MERCADOS  ,ESCUELAS DE FUTBOL,TOMAS RECREATIVAS,RECUPERACIÓN DE QUEBRADAS Y CANALIZACIONES,,ARTES PLASTICAS,,,4,Sí,2,27 DE SEPTIEMBRE DE 2017 ,NO LO PRESENTARON,NO LO PRESENTARON,,,,Sí,No,No,Sí,No Empalme,NO,NO,NO,NO,NO,NO,NO,NO,Sí,"PASEOS, DEPORTES, MEDIO AMBIENTE, MARROQUINERIA, TOMAS RECREATIVAS, "
19/09/2017,07,MASSAVIELLE,calle 61 cr 88e 61f-24,SI,Regular,No especifica,No especifica,No especifica,No especifica,No especifica,No especifica,acciones de solidaridad con los vecinos y apertura de la sede,NO,Sí,Sí,"Mujeres, Hombres, Adultos, Adultos Mayores, Afrodescendientes, Población en Situación de Discapacidad",SI,Sí,NO,formulación y gestión de proyectos,SI,No,"Mejorar la Infraestructura, Mejorar condiciones Medioambientales",,,Conectividad de gas por red al sector,,,,,,infraestructura,tramite de deudas de compensación por construcción de doble calzada,12,Sí,2,sin evidencia,13/02/2016,16/06/2017,,,,Sí,No,No,Sí,No Empalme,SI,SI,SI,NO,NO,NO,SI,SI,Sí,Manteniendo activo el espiritud comunitario y tramitando soluciones a necesidades básicas
12/09/2017,09,MEDELLIN SIN TUGURIOS,CR 26EE # 38A - 22 INT 401,SI,No especifica,No especifica,No especifica,No especifica,No especifica,No especifica,No especifica,"TRABAJO EN EQUIPO CON CADA PERSONA, ESCUCHAR CADA INDIVIDUO ",SI,Sí,Sí,"Mujeres, Hombres, LGTBI, Jóvenes, Adultos, Adultos Mayores, Afrodescendientes, Indigenas, Victimas del conflicto, Población en Situación de Discapacidad",SI,Sí,SI,5,SI,Sí,"Mejorar la Infraestructura, Mejorar condiciones Medioambientales, Promover la productividad y el emprendimiento., Mejorar el acceso a los derechos, Fortalecer la Convivencia","JORNADAS DE SALUD, ","SE BUSCA UBICACION A LOS NIÑOS EN LAS ESCUELAS, COLEGIO CONTAMOS CON VOS",,"TORNEOS, FORMACIÓN Y ACTIVIDAD FÍSICA.",ACTIVIDADES RECRASTIVAS,"LIMPIEZA DE QUEBRADAS, ",,HISTORIA DEL BARRIO,,,11,Sí,3,13-08-2017,,31-08-2017,18/08/2017,,,Sí,Sí,No,Sí,Empalme Total,SI,SI,SI,SI,SI,SI,SI,SI,Sí,"LEGALIZACIÓN DE VIVIENDA, CONSTRUCCIÓN DE ALCANTARILLADO, ACTIVIDADES RECREATIVAS INTERBARRIALES."
03/09/2017,90,MEDIA LUNA PARTE ALTA N. 2,kilometro 7,SI,Regular,Malo,No especifica,No especifica,No especifica,No especifica,No especifica,"la asamblea general de afiliados, convites, integración comunitaria",SI,Sí,Sí,"Mujeres, Hombres, Jóvenes, Adultos, Adultos Mayores",SI,Sí,SI,10,NO,Sí,"Mejorar la Infraestructura, Mejorar condiciones Medioambientales, Fortalecer la Convivencia","jornada de vacunación, prótesis, lentes",,,,recreación niñas y niños,instalación y mantenimiento pozos septicos,,,,,14,Sí,3,01/09/2016,,,,,,Sí,Sí,No,Sí,Empalme Parcial,NO,NO,NO,NO,NO,NO,SI,NO,Sí,DESARROLLANDO PROCESOS SOCIALES  EN GAVOR DE LA COMUNIDAD
27/08/2017,13,MIRADOR DE CALASANZ,CRA 89 CL 57-21,SI,Regular,No especifica,No especifica,No especifica,No especifica,"Manfietan ""en regulare condiciones esta la sede social """,Regular,"Jornadas ambientales, mantenimiento de los espacios, convites, jornadas recreativas, integración con la comunidad etc....",SI,Sí,Sí,"Mujeres, Hombres, LGTBI, Jóvenes, Adultos, Adultos Mayores, Afrodescendientes, Victimas del conflicto, Población en Situación de Discapacidad",SI,Sí,SI,7,SI,Sí,"Mejorar la Infraestructura, Mejorar condiciones Medioambientales, Promover la productividad y el emprendimiento., Mejorar el acceso a los derechos, Fortalecer la Convivencia",Promoción y prevención en salud visual y ortodoncia articulados con la secretaria de salud,Se gestionan las becas de Sapiensa,Se realiza actividades dirigidas a toda la comunidad en mejoramiento de la calidad de vida,Articulación con el Inder,"Se realiza actividades para la celebración del día del niño, de la mujer, madres etc.","recolección de basuras, brigadas para mejorar los entornos.",Charlas en prevención a la violencia,Actividades de iniciación musical en la JAC,N/A,Ver las antes mencionadas,14,Sí,4,16/03/2016,16/03/2016,18/07/2017,20/08/2017,N/A,N/A,Sí,Sí,No,Sí,Empalme Parcial,NO,NO,SI,SI,NO,SI,NO,NO,Sí,"""En el acompañamiento para mejorar la calidad de vida de los habitantes y afiliados"""
09/09/2017,60,MIRADOR DEL VALLE,Calle 63 AH N° 100 17,NO,No especifica,Bueno,No especifica,No especifica,No especifica,"Uva, Hospital, Estacion Policia",Bueno,Jornadas de limpieza,NO,Sí,Sí,"Mujeres, Hombres, Jóvenes, Adultos",NO,No,NO,formulación y gestión de proyectos,SI,No,Mejorar condiciones Medioambientales,,,,,,Limpieza chut de basuras y convites de limpieza,,,,,11,No,No aplica,15/06/2016,,,18/11/2016,,,No,No,No,Sí,Empalme Total,SI,SI,SI,SI,SI,SI,SI,SI,No,El técnico social no manifiesta observaciones.
09/09/2017,01,N. SRA. DEL ROCIO,Barrio Santa Maria del Rocio,SI,No especifica,Bueno,No especifica,No especifica,No especifica,No especifica,No especifica,Con la realización de los convites de limpieza,NO,Sí,Sí,"Mujeres, Hombres, Jóvenes, Adultos, Adultos Mayores, Población en Situación de Discapacidad",NO,No,SI,2,NO,No,"Mejorar la Infraestructura, Mejorar condiciones Medioambientales, Mejorar el acceso a los derechos, Fortalecer la Convivencia",Capacitación para la disminución del dengue,,Convocando a toda la comunidad a participar,Torneos deportivos,Tomas recreativas,Construcción de huertas,Cena de convivencia,Semilleros infantiles,,,14,Sí,5,16/04/2016,No lo presentaron,No lo presentaron,25/07/2016,,,Sí,No,No,Sí,Empalme Parcial,SI,NO,NO,NO,NO,NO,NO,NO,Sí,Se observan los resultados obtenidos por la gestión de la JAC
02/08/2017,05,NUEVA FRANZEA CUARTA ETAPA,Cra. 69C # 92BB 58,NO,Regular,No especifica,No especifica,No especifica,No especifica,No especifica,No especifica,"Ninguna, inactividad por ausencia del presidente",NO,Sí,Sí,"Mujeres, Hombres, Adultos, Adultos Mayores, Afrodescendientes",NO,No,SI,2,NO,No,"Promover la productividad y el emprendimiento., Fortalecer la Convivencia",,,,,,,inclusión de varios jóvenes victimas del conflicto,,,,11,No,No aplica,,,,,,,No,No,No,Sí,No Empalme,NO,SI,SI,NO,SI,NO,SI,SI,No,El técnico social no manifiesta observaciones.
07/09/2017,12,NUEVA JUNTA DE ACCION COMUNAL BARRIO SANTA LUCIA,Calle 47 B N° 90 A- 36,SI,Bueno,Bueno,No especifica,No especifica,No especifica,No especifica,No especifica,"Jornadas ambientales y culturales, audiencias públicas, celebración de la semana de los derechos humanos, cine foros, apoyo a las actividades culturales del adulto mayor, difusión e inscripción de personas en los proyectos del Presupuesto Presupuesto Participativo",NO,Sí,Sí,"Mujeres, Hombres, Jóvenes, Adultos, Adultos Mayores",SI,Sí,SI,4,NO,No,"Mejorar la Infraestructura, Mejorar condiciones Medioambientales, Mejorar el acceso a los derechos, Fortalecer la Convivencia, Derechos Humanos",Brigadas de salud,,,,Actividades de tomas recreativas,Jornadas ambientales,Foros por la paz,,Derechos Humanos,Foros por la Paz,10,No,No aplica,16/08/2017,01/10/2016,No lo encontraron en el momento de aplicación de ficha y quedaron de enviarlo y no lo hicieron,,,,Sí,No,No,Sí,No Empalme,NO,NO,NO,NO,SI,SI,SI,SI,Sí,"Con la participación en espacios donde se definen recursos del Presupuesto Participativo, gestionando proyectos, con los que se benefician personas de diferentes grupos poblacionales, pero también, con recursos ordinarios"
03/10/2017,70,NUEVO AMANECER,carrera 90c #15-13,SI,No especifica,Regular,No especifica,No especifica,No especifica,No especifica,No especifica,Convites de limpieza y recolección de escombros.,NO,Sí,Sí,"Mujeres, Hombres, Jóvenes, Adultos, Adultos Mayores, Afrodescendientes, Victimas del conflicto",NO,No,SI,1,SI,No,"Mejorar condiciones Medioambientales, Promover la productividad y el emprendimiento., Fortalecer la Convivencia",,,Reuniones con discapacitados y LGTBI,actividades deportivas con los niños,,convites de limpieza,,,,,14,Sí,3,,,,,,,Sí,No,No,Sí,Empalme Parcial,SI,NO,NO,NO,NO,NO,NO,NO,Sí,Mejorando la calidad de vida de sus asociados.
18/08/2017,01,BARRIO NUEVO HORIZONTE,Carrera 37 # 107 a 13,SI,Bueno,Bueno,No especifica,No especifica,No especifica,No especifica,No especifica,"Gestión para la red de gas, cambio de alcantarillado, mejoramiento de vías, instalación de pasamanos, convites para cuidado de medio ambiente",NO,Sí,No,"Mujeres, Hombres, LGTBI, Jóvenes, Adultos, Adultos Mayores, Victimas del conflicto",SI,Sí,SI,5,SI,Sí,"Mejorar la Infraestructura, Mejorar condiciones Medioambientales, Fortalecer la Convivencia",Vacunación,Talleres de manualidades,Se convoca toda la comunidad para que participe,Torneos de futbol,Tomas recreativas,Recolección de basuras,Todas las actividades realizadas por la Junta se encaminan a las Paz del territorio,actividades culturales,,,18,Sí,7,14/06/2017,05/12/2016,17/07/2017,27/05/2017,,,Sí,No,No,Sí,Empalme Parcial,NO,SI,SI,SI,NO,SI,SI,SI,Sí,"conservando el medio ambiente, mejorando la movilidad, aportando a la convivencia de sus habitantes, mejoramiento en salud"
24/09/2017,13,BARRIO NUEVOS CONQUISTADORES PARTE ALTA,Cl 39A 118-79,NO,Bueno,Bueno,No especifica,No especifica,No especifica,Buenas condiciones ,Bueno,"""Gestiona con infraestructura - EPM-Inder y convites con la comunidad""",SI,Sí,Sí,"Mujeres, Hombres, Jóvenes, Adultos, Adultos Mayores, Afrodescendientes",SI,Sí,SI,2,SI,Sí,"Mejorar la Infraestructura, Mejorar condiciones Medioambientales, Promover la productividad y el emprendimiento., Mejorar el acceso a los derechos, Fortalecer la Convivencia",Promoción y prevención en salud visual y ortodoncia articulados con la secretaria de salud,Se gestionan las becas de Sapiensa,Se realiza actividades dirigidas a toda la comunidad y a la junta directiva ,Articulación con el Inder ,"Se realiza actividades para la celebración del día del niño, de la mujer, madres etc.","Actividades de cuidado del medio ambiente, convites etc",N/A,N/A,Ver los enunciados ,Ver los enunciados ,8,No,No aplica,08/06/2017,"E libro de Actas y de inventarios esta en la SPC para refrendarlo y foliarlo, se debe de pasar las actas que a la fecha tienen en hojas de blook.",24/09/2017,14/09/2017,N/A ,N/A ,Sí,Sí,No,Sí,Empalme Parcial,SI,SI,NO,NO,NO,SI,NO,NO,Sí,"""Al reconocer los diferentes problemas que existen en la comunidad gestionando su solución"" "
05/08/2017,13,BARRIO NUEVOS CONQUISTADORES PARTE BAJA,Cl 39BD 114C 28,SI,Bueno,Regular,No especifica,No especifica,No especifica,Casa de la Justicia,Bueno,Desde las diferentes liderazgos se ofrecen diferentes programas enmarcadas en el plan de trabajo de la junta de acción comunal.,SI,Sí,Sí,"Mujeres, Hombres, LGTBI, Jóvenes, Adultos, Adultos Mayores, Afrodescendientes, Victimas del conflicto, Población en Situación de Discapacidad",SI,Sí,SI,3,SI,Sí,"Mejorar la Infraestructura, Mejorar condiciones Medioambientales, Promover la productividad y el emprendimiento., Mejorar el acceso a los derechos, Fortalecer la Convivencia, Reconocimientos de diferentes areas de las dependencias como Gobierno, medio ambiente, obras e infraestructura.",Promoción y prevención,Fortalecimiento por las becas comunitarias y articulación con Sapiencia.,Actividades con el Adulto mayor,Articulación con el Inder y actividades propias de la junta.,Articulación con el Inder y actividades propias de la junta.,"Siembras y brigadas ambientales, ademas de combites.",Actividades de paz y convivencia.,"Articulación con la secretaria de cultura, formación, corredores artísticos y actividades propias de la junta.",,,14,Sí,4,Marzo de 2017,Constantemente se actualiza.,"Continuamente se actualiza y se evidencia registras de acientos ingresos, gravamen digitales, a-z y sus debidos soportes, como facturas, recibos, Rut, entre otros.",12/03/2017,A-Z Y Libro Auxiliar de Contabilidad,Constantemente,Sí,Sí,Sí,Sí,Empalme Total,SI,SI,SI,SI,SI,SI,SI,SI,Sí,"En todo el barrio, comuna 13, mediante acciones positivas que hacen por la comunidad y trayendo recursos al sector."
15/08/2017,03,OASIS EL JARDIN,CL 92B 34 36,NO,Bueno,No especifica,No especifica,No especifica,No especifica,Parque infantil,Regular,"La junta de vivienda comunitaria gestiona mejora de infraestructura (pasamanos, parque infantil, ayuda a la recreación con grupos de teatro y baile.",NO,Sí,Sí,"Mujeres, Hombres, Adultos, Adultos Mayores",SI,Sí,NO,formulación y gestión de proyectos,NO,No,"Mejorar la Infraestructura, Mejorar condiciones Medioambientales",Prótesis y brigadas de salud,,,,Teatro y Danza,Jornadas de Aseo,,,,,11,Sí,3,29/09/2014,,16/04/2017,03/08/2016,,,Sí,No,No,Sí,No Empalme,NO,NO,NO,NO,NO,NO,NO,NO,Sí,"Ayudando con la mejora del medio ambiente, la infraestructura y grupos de recreación."
17/09/2017,60,VEREDA PEDREGAL ALTO,Calle 69 N° 121-120 Int.110,SI,Bueno,Bueno,No especifica,No especifica,No especifica,Buen Comienzo,Bueno,"Censos, Planes de trabajo, diagnosticos",SI,Sí,Sí,"Mujeres, Hombres, Jóvenes, Adultos, Adultos Mayores",SI,Sí,SI,2,SI,Sí,"Mejorar la Infraestructura, Mejorar condiciones Medioambientales, Promover la productividad y el emprendimiento., Mejorar el acceso a los derechos, Fortalecer la Convivencia","Vacunacion, promoción y prevencion",Horas sociales estudiantes pp. becas PP,Programa adulto mayor,"Justas deportivas, baloncesto, club pony futbol","Recreando INDER, gimnasia",Limpieza basuras y quebradas,Participación en dialogos,Actividades lectura,Isvimed,Mejoramiento vivienda,16,Sí,5,24/04/2016,15/06/2017,10/09/2017,15/06/2017,,,Sí,Sí,No,Sí,Empalme Total,SI,SI,SI,SI,SI,SI,SI,SI,Sí,"En el mejoramiento de calidad de vida promoviendo acciones encaminadas a mejorar la infraestructura, medio ambiente, acceso a los derechos de la comunidad"
09/10/2017,06,PICACHO SECTOR LAS VEGAS,Carrera 83 # 96 -12,SI,Regular,Regular,No especifica,No especifica,No especifica,No especifica,No especifica,"Actividades (Culturales, recreativas, eventos sociales), jornadas de limpieza, punto críticos, apropiación de los parques.",NO,Sí,Sí,"Mujeres, Hombres, LGTBI, Jóvenes, Adultos, Adultos Mayores, Victimas del conflicto",SI,Sí,SI,4,NO,Sí,"Mejorar la Infraestructura, Mejorar condiciones Medioambientales, Mejorar el acceso a los derechos, Fortalecer la Convivencia",Charlas,"Conferencias, nivelaciones (refuerzos académicos).",,gimnasia,recreandos ,"Limpieza de puntos criticos, puntos limpios.",charlas ´para la familia,Talleres de pintura,,Evento de derechos humanos,18,Sí,6,03-10-2017,sin fecha,31-08-2017,02/10/2017,,,Sí,Sí,No,Sí,Empalme Parcial,NO,SI,NO,SI,NO,NO,NO,NO,Sí,"con la enseñanza, con capacitación, con la actividad, con educación, los niños nivelados, manejo de violencia, las becas de salud ocupacional ademas e las clases de cultura. "
12/09/2017,09,PIONEROS DE MIRAFLORES,CR 26 # 47 - 107,SI,No especifica,Bueno,No especifica,No especifica,No especifica,No especifica,No especifica,"CONTACTO CON LOS HABITANTES, ASAMBLEAS INFORMATIVAS.",SI,Sí,Sí,"Mujeres, Hombres, Jóvenes, Adultos, Adultos Mayores, Afrodescendientes",SI,Sí,SI,7,SI,No,"Mejorar la Infraestructura, Mejorar condiciones Medioambientales, Promover la productividad y el emprendimiento., Mejorar el acceso a los derechos, Fortalecer la Convivencia","BRIGADAS E SALUD, ÓPTICA Y PRÓTESIS.  ",CLASES DE CONTABILIDAD,,EQUIPOS DE FUTBOL,,MEJORAS DE LAS FUENTES HIDRICAS ,,PROPIEDAD ARTÍSTICA DEL TERRITORIO,,,14,Sí,6,12/12/2016,12/12/2016,30/12/2017,,,,Sí,Sí,No,Sí,Empalme Total,SI,SI,SI,SI,SI,SI,SI,SI,Sí,"CON EL CONTACTO CON LAS INSTITUCIONES EDUCATIVAS SE FORTALECE LAS CAPACIDADES DE LOS NIÑOS, JÓVENES Y ADULTOS DE LA COMUNIDAD "
30/10/2017,02,PLAYÓN DE LOS COMUNEROS,CALLE 124 No. 50A-29,SI,Regular,Bueno,No especifica,No especifica,No especifica,No especifica,No especifica,"MEDIO AMBIENTE, NOCHES DE CINE, PASEOS, TOMAS RECREATIVAS, ASAMBLEAS, BINGOS, TAMALES ",SI,Sí,Sí,"Mujeres, Hombres, Jóvenes, Adultos, Adultos Mayores, Afrodescendientes, Victimas del conflicto, Población en Situación de Discapacidad",SI,Sí,NO,formulación y gestión de proyectos,SI,Sí,"Mejorar la Infraestructura, Mejorar condiciones Medioambientales, Promover la productividad y el emprendimiento., Fortalecer la Convivencia","GAFAS CON RECURSOS PROPIOS, ",CAPACITACIÓN EN MANUALIDADES,,TORNEOS DEPORTIVOS,"TOMAS RECREATIVAS, TORNEOS EN RECREACIÓN  ",RECUPERACIÓN DE ESPACIOS CRÍTICOS,,NOCHES DE CINE,BUFET EN ASAMBLEA CON RECURSOS PROPIOS,,14,Sí,5,"07 DE AGOSTO DE 2017, FECHA DEL ULTIMO  ","MARZO 25 DE 2017, ACTUALIZADA POR LA TESORERA Y CON EL VB DEL FISCAL","30 DE SEPT. DE 2017, ACTUALIZADO POR LA TESORERA Y CON EL VB DEL FISCAL",,"COMO EN EL FORMATO FICHA DIAGNOSTICOVNO SE INCLUYE POR EL LIBRO DE ACTAS, NO SE INDAGO POR EL MISMO, LA J.A.C TIENE LIBRO AUXILIAR DE BANCOS PERO NO TIENE FECHA DE ACTUALIZACION   ",,Sí,Sí,Sí,Sí,Empalme Parcial,NO,SI,SI,SI,NO,SI,NO,SI,Sí,"MEJORAR LA CALIDAD DE VIDA CON: MEJORAMIENTO DE VIVIENDA, RECUPERACION DE ESPACIOS,  SIEMBRA DE ARBOLES, RECUPERACION DE ANDENES Y CALLES, MEJORAMIENTO DEL PARQUE."
26/08/2017,14,BARRIO EL POBLADO,Casa de la Cultura- Manila,SI,No especifica,Bueno,No especifica,No especifica,No especifica,"Parroquia San José, Parque Lineal La presidenta.",Bueno,"Activides  Recreodeportiva, que incluyen todo el barrio",SI,Sí,Sí,"Mujeres, Hombres, Adultos, Adultos Mayores",SI,Sí,SI,5,NO,No,"Mejorar condiciones Medioambientales, Mejorar el acceso a los derechos, Fortalecer la Convivencia, Jornadas de Ornato y Limpieza",Van dirigidas al adulto mayor,,,Van dirigidas al adulto mayor,Van dirigidas al adulto mayor,,,,,,14,Sí,4,02/05/2017,No tiene activos,31/07/2017,14/07/2017,,,Sí,Sí,No,Sí,Empalme Total,SI,SI,SI,SI,SI,SI,SI,SI,Sí,"Aportan espacios en los procesos de desarrollo, recreación y Medio Ambiente"
19/09/2017,14,POBLADO SUR,Moll la Frontera,SI,No especifica,No especifica,No especifica,No especifica,No especifica,Casa de Música,Bueno,Gestionan los recursos de la Oferta Institucional por medio PL.P.P.,SI,Sí,Sí,"Mujeres, Hombres, Jóvenes, Adultos, Adultos Mayores",SI,Sí,SI,5,NO,No,"Mejorar condiciones Medioambientales, Manejo de indicadores para mostrar las realidades Ambientales  de la Comuna","Campañas Visuales, odontologías y vacunación",,,,Paseos,Mejoras ambientales,,Manualidades y Correos artisticos,Mercados Campeasinos,,15,Sí,4,23 Agosto 2017,Deben radiarlo porque no tienen ,19 Septiembre 2017,31/08/2017,,,Sí,Sí,No,Sí,Empalme Parcial,SI,,,SI,,,,,Sí,"Sirviendo de enlace para la gestión de los progrmas de salud, educación y recreo deportes que ofrece  la administración municipal"
25/09/2017,01,POPULAR NRO 1.,Carrera 43 # 108-105,SI,Bueno,Bueno,No especifica,Bueno,Bueno,No especifica,No especifica,"Comedor del adulto mayor, madres gestantes y lactantes, escuela de belleza gratis, prestan la sede a la comunidad para desarrollar eventos, charlas con la defensoria del pueblo",NO,Sí,Sí,"Mujeres, Hombres, Jóvenes, Adultos, Adultos Mayores, Victimas del conflicto",SI,No,SI,5,NO,Sí,"Mejorar la Infraestructura, Mejorar condiciones Medioambientales, Fortalecer la Convivencia",Fumigaciones y campañas visuales,Apoyo a la labor social de los estudiantes,,Tornes barriales,Fiesta del niño,Limpiezas,,Grupos artísticos y culturales,,,20,Sí,8,16/04/2016,año 2013,29/08/2017,23/05/2017,,,Sí,Sí,No,Sí,Empalme Parcial,NO,NO,SI,NO,NO,NO,SI,NO,Sí,"Con la gestión que realiza, la participación, brindando información a la comunidad, generando empleo y contribuyendo al desarrollo del territorio"
11/09/2017,13,PRADERA PARTE BAJA,Cra 93 No. 48D-62,SI,Regular,Bueno,No especifica,No especifica,No especifica,La sede social en regular estado,Regular,"""Actividades deportivas, culturales, recreativas, celebración del día de la familia, niño, novenas de navidad, mejoramiento de la calidad de vida de los habitantes""",SI,Sí,Sí,"Mujeres, Hombres, Jóvenes, Adultos, Adultos Mayores, Victimas del conflicto, Población en Situación de Discapacidad",SI,Sí,SI,6,SI,Sí,"Mejorar la Infraestructura, Mejorar condiciones Medioambientales, Promover la productividad y el emprendimiento., Mejoramiento de infraestructura: Andenes, reparación de calles, mejoramiento de vivienda, siembras enn puntos críticos de basura etc, ver ficha Dx",Promoción y prevención en salud visual y ortodoncia articulados con la secretaria de salud,Se gestionan las becas de Sapiensa ,e realiza actividades dirigidas a toda la comunidad en mejoramiento de la calidad de vida,Articulación con el Inder ,"Se realiza actividades para la celebración del día del niño, de la mujer, madres etc.","Actividades de cuidado del medio ambiente, convites etc",No refiere,Talleres de formación y manualidades articulados a la Secretaria de Cultura,Ver los mencionados,Ver los mencionados,11,Sí,5,Observaciones: Reposa en la Secretaria de Participación Ciudadana,30/05/2017,"15/05/2017, nota no se esta llevando en el libro de tesorería sino digital",09/09/2017,N/A,N/A,Sí,No,No,Sí,Empalme Parcial,SI,SI,SI,NO,SI,SI,SI,SI,Sí,"""En el desarrollo a través de diferentes actividades como: atención al adulto mayor, niños, jóvenes; mejoramiento de las vías,  andenes,  muros,  escalas con el fin de mejorar la calidad de vida de los residentes del barrio"""
27/09/2017,16,URBANIZACIÓN PRADERA VERDE,Carrera 80 C 3 A sur 137,SI,No especifica,Regular,No especifica,No especifica,No especifica,No especifica,No especifica,"Cuadra recreativas del INDER,  Rumba aerobica, punto de Yoga, campeonato de futbol, convite de aseo, bazar , talleres (rata N)",SI,Sí,Sí,"Mujeres, Hombres, Jóvenes, Adultos, Adultos Mayores, Población en Situación de Discapacidad",SI,Sí,SI,4,SI,Sí,"Mejorar la Infraestructura, Mejorar condiciones Medioambientales, Promover la productividad y el emprendimiento.","Actividades de tamizaje visual, jornada de vacunación.",Becas de estudio por Presupuesto Participativo,,Torneos de fútbol infantil,"Cuadras recreativas con el INDER, punto de yoga.",Convites de aseo y siembra de arboles,,"Actividades compartir de saberes, manualidades y talleres.",,,16,Sí,5,16 de abril de 2016,30 de junio de 2016,30 de junio de 2016,29/01/2017,,,Sí,Sí,No,Sí,Empalme Total,SI,SI,SI,SI,SI,SI,SI,SI,Sí,"La organización incide en el territorio con las acciones que realiza con la comunidad y las actividades que desarrolla para los afiliados, pasea, talleres, cursos de manualidades, recuperación de espacios como la cancha de fútbol."
18/10/2017,80,PRADOS DEL ESTE,Cra 67 Nro 41 Sur 12,NO,Bueno,No especifica,No especifica,No especifica,No especifica,No especifica,No especifica,"Desde la sede social: integración de la comunidad, campeonato de microfutbol, Coordinación con el INDER, Coordinación con el SENA clases de pintura y conservación de alimentos, Coordinación con el grupo Juvenil, Coordinación con la tercera edad.",NO,Sí,Sí,"Mujeres, Hombres, Adultos, Adultos Mayores",SI,Sí,SI,20,SI,Sí,"Mejorar condiciones Medioambientales, Mejorar el acceso a los derechos, Fortalecer la Convivencia"," Tamizaje visual, vacunación ",talleres con el sena en manualidades y conservación de alimentos.,"Convocatorias para prótesis tercera edad, tamizaje visual, vacunación ",torneo de Micro futbol, recreandos con apoyo e Intergración  del IDER,Recoger aguas servidas,,,,,6,Sí,2,9 de septiembre de  2017.,no hay,14 sept 2017,,,,Sí,Sí,No,Sí,Empalme Parcial,SI,SI,,,,,,,Sí,"Mejorar la convivencia, ser interlocutor y externa e internamente  motivando los programas de la administración que llegan a la urbanización.  Visibilizar la JAC."
28/08/2017,60,BARRIO PRIMAVERA (SAN JAVIER LA LOMA),Calle 57 N° 127 40 Int.113,NO,No especifica,No especifica,No especifica,No especifica,No especifica,"Guardería ICBF, Casa Comunitaria",Bueno,"Asambleas, elección dignatarios, informes, recreación, actividades culturales, convites de limpieza y aseo",SI,Sí,Sí,"Mujeres, Hombres, Jóvenes, Adultos, Adultos Mayores",SI,Sí,SI,1,SI,No,"Mejorar la Infraestructura, Mejorar condiciones Medioambientales, Mejorar el acceso a los derechos, Fortalecer la Convivencia",Promocion y prevencion,,Grupo adulto mayor,Futbol,Actividades recreativas con niños y jovenes,Limpieza quebrada la peñita,Mesa de trabajo la Loma,Grupo de baile,,,14,Sí,6,10/07/2017,,19/08/2017,19/06/2017,,,Sí,Sí,No,Sí,Empalme Total,,SI,SI,SI,SI,SI,SI,SI,Sí,En acciones encaminadas a mejorar la calidad de vida de los habitantes del sector que ha sido constantemente golpeada por la violencia.
29/08/2017,06,EL PROGRESO NO.2,"Calle 104 EE 83 A 56
",SI,Regular,Regular,Regular,No especifica,Regular,No especifica,No especifica,"combites, asambleas, recuperación de zonas verdes, semilleros, articulaciones, festivales de la familia.",NO,Sí,Sí,"Mujeres, Hombres, Jóvenes, Adultos, Adultos Mayores, Victimas del conflicto, Población en Situación de Discapacidad",SI,Sí,SI,6,NO,Sí,"Mejorar la Infraestructura, Mejorar condiciones Medioambientales, Promover la productividad y el emprendimiento., Mejorar el acceso a los derechos, Fortalecer la Convivencia",Convocatoria de prevención con roedores fumigación,talleres y formacion de servicio social,Promocion de la convivencia,torneos de futbol y microfutbol,tomas recreativas,recuperación de puntos criticos,,formación cultural,,,16,Sí,6,sin registro,sin registro,"No poseen libro, el seguimiento se hace por un programa digital",,,,Sí,Sí,No,Sí,Empalme Parcial,SI,NO,NO,NO,NO,NO,NO,SI,Sí,"la participación, en el componente educativo, formación cultural, medio ambiente, desarrollo del territorio, promoción de la enfermedad, recoger inquietudes y dificultades de la comunidad."
17/09/2017,60,PUERTA DEL SOL,Calle 64 B N° 117 22,SI,Bueno,Bueno,No especifica,No especifica,No especifica,Ludoteka,Bueno,"Asambleas informativas, celebración 20 de julio, Convites jornadas de aseo, actividades navideñas, celebracion día del niño",SI,Sí,Sí,"Mujeres, Hombres, Jóvenes, Adultos, Adultos Mayores, Victimas del conflicto",SI,Sí,SI,3,SI,Sí,"Mejorar la Infraestructura, Mejorar condiciones Medioambientales, Promover la productividad y el emprendimiento., Mejorar el acceso a los derechos, Fortalecer la Convivencia","Promoción y prevención, vacunacion","PP, Sena, Cruz Roja",Deportes con personas en condición de discapacidad,Torneos vacacionales,Semilleros,"Jornadas de aseo, recoleccion escombros",,Fiesta del 20 de julio,,,11,No,No aplica,27/11/2016,11/09/2017,27/11/2017,10/09/2017,,,Sí,Sí,No,Sí,Empalme Total,SI,SI,SI,SI,SI,SI,SI,SI,Sí,Mejoramiento de calidad de vida promoviendo el acceso e inclusión de personas con discapacidad
16/09/2017,09,URBANIZACIÓN QUINTA LINDA,CL 36 # 15C - 20 ,SI,Bueno,No especifica,No especifica,No especifica,No especifica,No especifica,No especifica,"JORNADAS DE ASEO, SENCIVILIZACIÓN MANEJO DE RESIDUOS SÓLIDOS, CAMPAÑAS DE SALUD, TALLERES DE FORMACIÓN, CULTURA Y DEPORTES.",NO,Sí,Sí,"Mujeres, Hombres, Jóvenes, Adultos, Adultos Mayores, Afrodescendientes",SI,Sí,SI,1,NO,Sí,"Mejorar la Infraestructura, Mejorar condiciones Medioambientales, Promover la productividad y el emprendimiento., Mejorar el acceso a los derechos, Fortalecer la Convivencia","BRIGADAS DE SALUD VISUAL Y PARA LAS MASCOTAS, BACUNACIÓN.",INTERCLASES.,,JUSTAS DEPORTIVAS.,"TOMAS RECREATIVAS, RECREANDOS.","CAMPAÑAS DE LIMPIEZA EN QUEBRADAS, RESIDUOS SÓLIDOS.",,"DANZAS, ORQUESTAS.",,,5,No,No aplica,,,,,,,Sí,Sí,No,Sí,Empalme Parcial,SI,NO,NO,NO,NO,NO,NO,NO,Sí,CON LA PROMOCIÓN PREVENCIÓN QUE VA EN PRO DE DESARROLLO DE TERRITORIO.
13/09/2017,08,URBANIZACIÓN QUINTAS DE LA PLAYA,Carrera 25A Nº 53 - 42,NO,Regular,Regular,No especifica,No especifica,No especifica,No especifica,No especifica,"Elecciones por asamblea general, rendición de cuentas, asambleas barriales, actividades del plan de trabajo ",SI,Sí,Sí,"Mujeres, Hombres, Jóvenes, Adultos, Adultos Mayores, Afrodescendientes, Victimas del conflicto, Población en Situación de Discapacidad",SI,Sí,SI,8,SI,Sí,"Mejorar la Infraestructura, Mejorar condiciones Medioambientales, Mejorar el acceso a los derechos, Fortalecer la Convivencia, Seguridad, comité de vigilancia",Campaña de gafas y protesis,"Pautas de guía para padres, semilleros de música, integración familiar y lactante",Paseos,Torneos deportivos,Club de porrismo,Construcción chut de basuras,Semilleros de música,"Pautas de guía para padres, integración familiar y lactante",,,14,Sí,3,Julio 1/2017 Pendiente de registro en SPC,Julio 1/2017 Pendiente de registro en SPC,No tienen Pendiente de registro en SPC,14/08/2017,,,Sí,No,Sí,Sí,Empalme Total,SI,SI,SI,SI,SI,SI,SI,SI,Sí,"Educación para el buen trato de los animales, vida digna del adulto mayor, desarrollo físico de niños y jóvenes; todo en pro de la comunidad"
12/08/2017,13,QUINTAS DE SAN JAVIER,Carrera 120 No. 43BA-26,NO,Bueno,Bueno,No especifica,No especifica,No especifica,Buen estado,Bueno,"Articulaciones con diferentes secretarias de la Alcaldia; con el Inder se articulan clases de aeróbicos , Yudo, tennis de campo etc, y se trabaja con grupos de la tercera edad. ",SI,Sí,Sí,"Mujeres, Hombres, LGTBI, Jóvenes, Adultos, Adultos Mayores, Afrodescendientes, Victimas del conflicto, Población en Situación de Discapacidad",SI,No,SI,2,SI,Sí,"Mejorar la Infraestructura, Mejorar condiciones Medioambientales, Promover la productividad y el emprendimiento., Mejorar el acceso a los derechos, Fortalecer la Convivencia",Promoción y prevención en salud visual y ortodoncia articulados con la secretaria de salud,Se gestionan las becas de Sapiensa,Se realiza actividades dirigidas a toda la comunidad en mejoramiento de la calidad de vida,Articulación con el Inder,"Se realiza actividades para la celebración del día del niño, de la mujer, madres etc.","Con acciones positivas y prepositivas que incidan en el desarrollo integral y mejoramiento de la calidad de vida de los habitantes y convites con la comunidad en mejoramiento de la quebrada, jornadas de aseo etc. Es de anotar que  se ha evidenciado el trabajo colaborativo en las diferentes brigadas y convites que han realizado y de las cuales he estado acompañando.",Mejoramiento de los entornos y de convivencia pacifica. ,Articulación con cultura en formación artística ,Ver adjunto en las lineas de trabajo,Ver adjunto en las lineas de trabajo,9,Sí,1,15/08/2017,30707/2017,30/07/2017,22/05/2017,N/A,N/A,Sí,Sí,No,Sí,No Empalme,NO,NO,NO,NO,NO,NO,NO,NO,Sí,"""Realizando integración con la comunidad por medio de acciones que se desarrollan de acuerdo al plan de trabajo de la JAC y Plan de Desarrollo de la comuna 13"". "
15/09/2017,07,BARRIO SECTOR ROBLEDO EL MIRADOR 1 Y 2,Calle 76DB #90a-19,NO,No especifica,No especifica,No especifica,No especifica,No especifica,No especifica,No especifica,Gestión a problemas básicos,NO,Sí,Sí,"Mujeres, Hombres, Jóvenes, Adultos, Adultos Mayores, Victimas del conflicto",SI,Sí,SI,1,NO,No,Mejorar la Infraestructura,,,,,,,,Celebración de las fechas importantes,,,10,Sí,2,01/07/2017,sin registro,sin registro,01/09/2017,,,Sí,No,No,Sí,No Empalme,SI,SI,SI,SI,SI,SI,SI,SI,Sí,Creando espacios de socialización y recreación de los habitantes del sector
22/09/2017,16,BARRIO BELÉN RINCÓN SECTOR SAN BARTOLOMÉ,Calle 3 sur # 79 C 47,SI,No especifica,No especifica,No especifica,No especifica,No especifica,Sede de la parroquia María Masarello,Bueno,"Fiesta de los niños, Cuadras recreativas con el INDER, convite de aseo, labor social.",SI,Sí,Sí,"Mujeres, Hombres, Jóvenes, Adultos, Adultos Mayores",SI,Sí,SI,6,NO,No,"Mejorar la Infraestructura, Mejorar condiciones Medioambientales","Tamizaje visual, prótesis dental, vacunación de mascotas,",Becas con presupuesto participativo,,,Recreación cuadras recreativas con el INDER,"Convites de  aseo, talas de arboles. ",,,,,10,Sí,3,11 de febrero de 2017,15 de diciembre de 2016,1 de septiembre de 2017,12/09/2017,,,Sí,Sí,No,Sí,Empalme Parcial,SI,SI,SI,SI,NO,SI,NO,NO,Sí,"La organización incide en el territorio con acciones que realiza con la comunidad, convites de ase, actividades con los adultos mayores y con los niños, ademas prestan labor social a la comunidad."
14/09/2017,10,SAN BENITO,Calle 51  56A-76,SI,Bueno,Bueno,No especifica,Bueno,Bueno,No especifica,No especifica,"Campañas de socialización con comerciantes, formación ciudadana, campañas de promoción y prevención, comisión de conciliación, apoyo a la infraestructura y medio ambiente, Conexión con el fondo nacional del ahorro",SI,Sí,Sí,"Mujeres, Hombres, Jóvenes, Adultos, Adultos Mayores",SI,Sí,SI,5,SI,No,"Mejorar la Infraestructura, Mejorar condiciones Medioambientales, Promover la productividad y el emprendimiento., Mejorar el acceso a los derechos, Fortalecer la Convivencia",Jornadas de salud,Cursos de formación ciudadana y cultura constitucional,"Habitantes de calle, adultos mayores",INDER,Gimnasia adultos mayores,Jornadas ambientales,Convivencia y seguridad,Cursos Cultura constitucional,,,16,Sí,5,14/09/2017,,,02/06/2017,,,Sí,Sí,No,Sí,Empalme Total,SI,SI,SI,SI,SI,SI,SI,SI,Sí,"Mejorando la calidad de vida de los habitantes del sector, socializando proyectos inherentes a cada una de las comisiones de trabajo"
29/08/2017,16,BARRIO BELEN SAN BERNARDO,Calle 28 # 76 - 19,SI,Bueno,No especifica,No especifica,No especifica,No especifica,Carantoña,Bueno,"Realiza comités de salud, semillero de fútbol  con niños y jovenes",NO,Sí,Sí,"Mujeres, Hombres, Jóvenes, Adultos, Adultos Mayores",SI,No,SI,7,SI,No,"Mejorar la Infraestructura, Mejorar condiciones Medioambientales, Fortalecer la Convivencia",Actividades de salud pública con esterilización de mascotas.,,,Semillero de deportes (fútbol),,Convites de limpieza y urbanismo.,,,,,9,Sí,3,Julio 15 de 2017,No presenta,No presenta,01/08/2017,,,Sí,Sí,No,Sí,Empalme Total,SI,SI,SI,SI,SI,SI,SI,SI,Sí," Con las actividades culturales y su desarrollo, en las actividades que realizan de salud en el territorio y como delegados de Presupuesto Participativo con los aportes que realizan a la comunidad."
25/09/2017,60,SAN CRISTOBAL PARTE CENTRAL,Calle 64 N° 128 44,NO,Bueno,Bueno,No especifica,No especifica,No especifica,"Biblioeteca, CEDEZO, Telecentro, Hospital, estación de policía, Casa de Gobierno",Bueno,Ninguna,NO,No,Sí,"Mujeres, Hombres, Jóvenes, Adultos Mayores",NO,No,SI,1,NO,No,En el momento no estan realizando ningún proceso,,,,,,,,,,,12,Sí,3,,,,,,,No,No,No,No,Empalme Total,SI,SI,SI,SI,SI,SI,SI,SI,No,El técnico social no manifiesta observaciones.
14/08/2017,60,BARRIO SAN GABRIEL (LA LOMA),Calle 48 CC 120 E,SI,Bueno,Bueno,No especifica,No especifica,No especifica,No especifica,No especifica,"Asambleas comunitarias, Mesa de trabajo por la paz, participacion en proyectos",SI,Sí,Sí,"Mujeres, Hombres, Jóvenes, Adultos, Adultos Mayores, Indigenas, Victimas del conflicto",SI,Sí,SI,Una,NO,No,"Mejorar la Infraestructura, Mejorar condiciones Medioambientales, Mejorar el acceso a los derechos, Fortalecer la Convivencia","Programa de prótesis, anteojos",,,,,Mantenimiento de pozos septicos y redes de acueducto,Participación en la mesa de trabajo de la loma,Participación en grupos juveniles y de baile,,,8,NO,No aplica,02/08/2017,10/07/2016,El tesorero se negó a entregarlo,13/08/2017,,,Sí,Sí,No,Sí,Empalme Total,SI,SI,SI,SI,SI,SI,SI,SI,Sí,"En la transformación de procesos de convivencia y paz en el territorio, en el mejoramiento de calidad de vida con procesos como mejoramiento de acueducto, mantenimiento pozos septicos y salud con recursos de PP mediante programas de prevención y prevencion"
06/09/2017,04,SAN ISIDRO LABRADOR,cr 56 # 65 - 56,NO,Regular,Malo,Bueno,Regular,Malo,No especifica,No especifica,JUEGOS,NO,No,No,"Mujeres, Hombres, Adultos Mayores",NO,No,NO,formulación y gestión de proyectos,NO,No,Mejorar la Infraestructura,,,,,,,,,,,10,No,No aplica,,,,,,,No,No,No,No,Empalme Total,SI,SI,SI,SI,SI,SI,SI,SI,No,El técnico social no manifiesta observaciones.
15/09/2017,11,SAN JOAQUIN BOLIVARIANA,Calle 42  71-37,SI,Bueno,Bueno,No especifica,No especifica,No especifica,No especifica,No especifica,"Consejo de Convivencia, Capacitaciones en asocio con el SENA, Talleres de Formación, Actividades Audiovisuales, Ecohuerta, Semilleros",SI,Sí,Sí,"Mujeres, Hombres, Jóvenes, Adultos, Adultos Mayores, Victimas del conflicto, Población en Situación de Discapacidad",SI,No,SI,5,SI,Sí,"Mejorar la Infraestructura, Mejorar condiciones Medioambientales, Promover la productividad y el emprendimiento., Mejorar el acceso a los derechos, Fortalecer la Convivencia","Mesas de salud, vacunación, charlas","Cursos, gestión de becas, convenios","Cursos de Mercadeo, lenguaje de señas",Adecuación de cancha,Actividades en el parque,"Sembratón, Ecohuerta",Formación en Convivencia y Conciliación,,,,17,Sí,5,23/08/2017,18/03/2015,01/08/2016,03/07/2013,,,Sí,Sí,No,Sí,No Empalme,NO,NO,NO,NO,NO,NO,NO,NO,Sí,Aporte al mejoramiento de la calidad de vida de la comunidad
04/09/2017,03,SAN JOSÉ  LA CIMA N° 1,Calle 92 C # 32-2,SI,Bueno,Bueno,No especifica,Bueno,No especifica,Cancha,Malo,Articulación continúa con la comunidad y gestiones sociales y en varios ámbitos ,SI,Sí,Sí,"Mujeres, Hombres, Jóvenes, Adultos",SI,Sí,SI,2,SI,Sí,"Mejorar la Infraestructura, Mejorar condiciones Medioambientales, Fortalecer la Convivencia",Brigadas de Salud,"Torneos de microfutbol, ajedrez, natación, tenis de mesa y hidroaerobicos ",,,,Jornadas de sensibilización ,,Grupos artísticos ,,,15,Sí,4,16-04-2016,05-03-2014,22-06-2017,27/06/2016,,,Sí,No,No,Sí,No Empalme,NO,NO,NO,NO,NO,NO,,NO,Sí,Incide de manera positiva estando comprometida y articulada de manera permanente con la comunidad 
31/08/2017,60,VEREDA SAN JOSE DE LA MONTAÑA,Vereda San Jose de la montaña,SI,Bueno,Bueno,No especifica,No especifica,No especifica,"Iglesia, gimnasio, placa polideportiva",Bueno,"Asambleas, gestiona recursos para obras de infraestructura, obras sociales, preservación de recursos naturales",SI,Sí,Sí,"Mujeres, Hombres, Jóvenes, Adultos, Adultos Mayores",SI,Sí,SI,1,SI,No,"Mejorar la Infraestructura, Mejorar condiciones Medioambientales, Promover la productividad y el emprendimiento., Mejorar el acceso a los derechos, Fortalecer la Convivencia","Visita a los enfermos, promoción y prevencion","Becas ITM, Colegio Mayor, Pascual Bravo","Mujer campesina, adulto mayor y discpacidad",Torneo de futbol,Inder: torneo microfutbol con los niños,"Siembra de arboles, recolección basuras",Actividades con los misioneros,,,,14,Sí,4,10/07/2017,05/04/2017,08/07/2017,26/07/2017,Caja menor,08/07/2017,Sí,Sí,No,Sí,Empalme Total,SI,SI,SI,SI,SI,SI,SI,SI,Sí,"Incide en el mejoramiento de calidad de vida del campesino, en la participación de la mujer en los diferentes procesos, en el cuidado del medio ambiente y en los procesos de convivencia con la comunidad"
13/10/2017,70,"SAN JOSÉ DE MANZANILLO, SECTOR EL JARDÍN",vía el Jardín,NO,Bueno,No especifica,No especifica,No especifica,No especifica,No especifica,No especifica,"convites mantenimiento de vías, actividades culturales.",SI,Sí,Sí,"Mujeres, Hombres, Jóvenes, Adultos, Adultos Mayores",SI,Sí,SI,14,SI,No,"Mejorar la Infraestructura, Mejorar condiciones Medioambientales, Promover la productividad y el emprendimiento., Mejorar el acceso a los derechos, Fortalecer la Convivencia","gafas monturas, ortodoncia, esterilización de animales",transporte al colegio,,,,gestionamiento de acueducto vereda.,capacitación de código de policía,semana cultural,,,15,Sí,4,,,,,,,Sí,No,No,Sí,Empalme Total,SI,SI,SI,NO,SI,SI,SI,SI,Sí,Mejorando la calidad de vida de sus asociados.
13/10/2017,70,PARAJE SAN JOSÉ DE MANZANILLO,Vereda San Jose del Mazanillo,SI,Bueno,Bueno,No especifica,No especifica,No especifica,No especifica,No especifica,"convites de limpieza, actividades de deportiva, asambleas",NO,Sí,Sí,"Mujeres, Hombres, Jóvenes, Adultos, Adultos Mayores, Victimas del conflicto, Población en Situación de Discapacidad",SI,Sí,SI,1,SI,No,"Mejorar la Infraestructura, Mejorar condiciones Medioambientales, Mejorar el acceso a los derechos, Fortalecer la Convivencia","vacunación, prótesis, gafas.",tecnicas que desarrolla el telecentro.,,eventos deportivos,semilleros infantiles,,,encuentros culturales.,,,15,Sí,5,,30 de septiembre de 2017,28 de septiembre de 2017,19/09/2017,,,Sí,No,No,Sí,Empalme Parcial,SI,SI,SI,SI,SI,SI,SI,SI,Sí,Mejorando la calidad de vida de los vecinos.
29/08/2017,03,BARRIO SAN JOSÉ LA CIMA NO 2,Carrera 32 # 84-38,NO,Bueno,No especifica,No especifica,No especifica,No especifica,UVA La Armonia en buen estado ,Bueno,"Se desarrollan obras de infraestructura y acueducto, talleres de formación, convivencia y derechos humanos ",SI,Sí,Sí,"Mujeres, Hombres, Adultos, Adultos Mayores",SI,Sí,SI,3,SI,Sí,"Mejorar la Infraestructura, Mejorar condiciones Medioambientales, Fortalecer la Convivencia",Brigadas de salud,Semilleros,,"Torneos de ajedrez, tenis de mesa y natación.",Recreo cuadras,Acueducto,,Madres Family,,,14,Sí,4,17/07/2017,19/08/2017,28/02/2017,06/08/2017,Reuniones de junta directiva,06/08/2017,Sí,Sí,Sí,Sí,No Empalme,NO,NO,NO,NO,NO,NO,NO,NO,Sí,En la comunidad con su gestión en diferentes temas.
03/11/2017,08,SAN MIGUEL LA MANSIÓN,Carrera 45 Nº 61 - 62,SI,Bueno,Bueno,No especifica,No especifica,No especifica,"Jose Celestino Mutis, Juan de la cruz",Bueno,"Red por la dignificacion del ser humano y derechos humanos, asambleas, rendicion de cuentas, desarrollo del plan de trabajo, recuperacion de la sede social",SI,Sí,Sí,"Mujeres, Hombres, LGTBI, Jóvenes, Adultos, Adultos Mayores, Victimas del conflicto, Población en Situación de Discapacidad",SI,Sí,SI,3,SI,Sí,"Mejorar condiciones Medioambientales, Mejorar el acceso a los derechos, Fortalecer la Convivencia, Mujeres y niños victimas del conflicto armado y derechos humanos",Jornadas de salud,semilleros y formacion para mujeres y victimas,semilleros y formacion para mujeres y victimas,Torneo comunal de futbol,,huerta comunitaria,semillero musical y de baile,semillero musical y de baile,,,14,Sí,3,7072017,No tienen,"Tiene sello pero no resgistran en el, es digital",30/09/2017,,,Sí,Sí,Sí,Sí,No Empalme,NO,NO,NO,NO,NO,NO,NO,NO,Sí,Acciones afirmativas para el mejoramiento del entorno y calidad de vida para la comunidad
12/10/2017,70,BARRIO SAN PABLO BELÉN,calle 29c # 110 -269,SI,Bueno,Bueno,No especifica,No especifica,No especifica,No especifica,No especifica,"Gestiona programas con el INDER, GAFAS con PP, actividades culturales con la corporación altavista.",NO,Sí,Sí,"Mujeres, Hombres, LGTBI, Jóvenes, Adultos, Población en Situación de Discapacidad",NO,Sí,SI,2,SI,No,"Mejorar la Infraestructura, Mejorar condiciones Medioambientales, Promover la productividad y el emprendimiento.","gafas, prótesis, madres gestantes (cursos)","técnicas, cursos en el telecentro.",,toreo de fútbol,"manualidades, teatro, música, jornada de inclusión, cuadras recreativas",administración del acueducto.,,,,,18,Sí,7,21/09/2017,,05/03/2017,16/08/2017,,,Sí,No,No,Sí,Empalme Parcial,NO,SI,NO,NO,NO,NO,NO,NO,Sí,mejoramiento calidad de vida de los asociados.
20/09/2017,01,SAN PABLO NRO. 2,Carrera36 # 95a 38,NO,Bueno,Bueno,No especifica,No especifica,No especifica,No especifica,No especifica,Con los torneos barriales,NO,Sí,Sí,"Mujeres, Hombres, LGTBI, Adultos, Adultos Mayores",SI,No,SI,3,SI,No,"Mejorar condiciones Medioambientales, Promover la productividad y el emprendimiento., Mejorar el acceso a los derechos, Fortalecer la Convivencia",Brigada visual,Primaria para el adulto mayor,,Torneos deportivos,Cuadras recreativas,,,Grupo de baile,,,6,Sí,4,28/07/2017,No tiene fecha,06/10/2016,24/02/2017,,,Sí,Sí,No,Sí,Empalme Total,NO,SI,SI,SI,SI,SI,SI,SI,Sí,Con el acompañamiento a la problemática de la comunidad
27/08/2017,60,BARRIO SAN PEDRO LA LOMA,Cra 108 N° 48 B 75,NO,No especifica,No especifica,No especifica,No especifica,No especifica,Iglesia,Bueno,"Limpieza senderos, quebrada, ludoteka, actividades recreativas, celebración día del niño, celebración navideña, asambleas",SI,Sí,Sí,"Mujeres, Hombres, Jóvenes, Adultos, Victimas del conflicto",SI,Sí,SI,1,SI,No,"Mejorar la Infraestructura, Mejorar condiciones Medioambientales, Mejorar el acceso a los derechos, Fortalecer la Convivencia",Promocion y prevencion,Becas PP,Poblacion desplazada,Juegos de bases,Recreacion INDER,Limpieza quebradas y basuras,Participacion en la semana de la juventud y la convivencia,Ludoteka y grupo de salsa,,,15,Sí,4,16/08/2017,,20/07/2017,27/08/2017,,,Sí,No,No,Sí,Empalme Total,SI,SI,SI,SI,SI,SI,SI,SI,Sí,"Desarrollan acciones para vincular población vulnerable como jóvenes y niños a través de actividades ludicas, recreativas, promoviendo el derecho a la educación y propuestas de emprendimiento y ambientales"
13/09/2016,04,SAN PEDRO LOVAINA,calle 70 # 48 a 45,SI,Bueno,Bueno,No especifica,Bueno,Bueno,buena,Bueno,"campañas de salud visual, semilleros, recreandos,club de vida,red cultural,",SI,Sí,Sí,"Mujeres, Hombres, LGTBI, Jóvenes, Adultos, Adultos Mayores, Victimas del conflicto, Población en Situación de Discapacidad",SI,Sí,SI,4,NO,Sí,"Mejorar la Infraestructura, Mejorar condiciones Medioambientales, Promover la productividad y el emprendimiento., Mejorar el acceso a los derechos, Fortalecer la Convivencia",campañas de salud visual.,talleres de manualidades,actividades tercera edad.,,recreando,,semilleros de participacion.,,,,14,Sí,4,20 agosto de 2017,agosto de 2017,septiembre de 2017,27/08/2017,,,Sí,Sí,No,Sí,Empalme Parcial,SI,NO,SI,NO,NO,NO,NO,NO,Sí,"mejorando la participacion de los afiliados y recidentes del barrio a programas de la alcaldia, me jorando la infraestructura."
18/10/2017,15,SAN RAFAEL GUAYABAL,Cra 53-n 10 sur 12,SI,Regular,Bueno,No especifica,No especifica,No especifica,No especifica,No especifica,Actividades de acompañamiento a campañas e salud medio ambiente deporte.,SI,Sí,Sí,"Mujeres, Hombres, Adultos, Adultos Mayores",SI,Sí,NO,formulación y gestión de proyectos,SI,No,"Mejorar la Infraestructura, Mejorar condiciones Medioambientales, Promover la productividad y el emprendimiento., Mejorar el acceso a los derechos",acompañamiento a campañas de salud visual.,sapiencia.,,Torneos e futbol.,Actividades lúdico recreativas.,Manualidades con reciclaje.,,Manualidades con reciclaje.,,,14,Sí,3,19- 04 -2006,22-01 2014-,02 -03 -2012,07/03/2012,,,Sí,Sí,No,Sí,Empalme Parcial,SI,SI,SI,SI,SI,SI,SI,SI,Sí,"haciendo actividades lúdico pedagógicas en pro de la comunidad, de medio ambiente y participando en diferentes campañas."
13/09/2017,01,SANTA CECILIA NO.1,Calle 101 # 42 b 25,SI,Bueno,No especifica,No especifica,No especifica,No especifica,No especifica,No especifica,"por el trabajo social, los convites, los mejoramientos de viviendas, Trabajo con los niños y jóvenes y Telecentro",SI,Sí,Sí,"Mujeres, Hombres, LGTBI, Jóvenes, Adultos",NO,No,NO,formulación y gestión de proyectos,SI,No,"Mejorar la Infraestructura, Mejorar condiciones Medioambientales, Promover la productividad y el emprendimiento., Mejorar el acceso a los derechos, Fortalecer la Convivencia",Jornadas visuales y vacunación,Alfabetización y cursos de de excel,Programas dirigidos a la comunidad en general,Torneos barriales,Recreandos,Recuperación de espacios abandonados,,Grupos Artisticos,,,7,Sí,3,16/04/2016,No tiene fecha de los registros,24/11/2015,24/04/2016,,,Sí,No,No,Sí,Empalme Parcial,SI,,,SI,,SI,,,Sí,mejorando las condiciones del entorno y sus habitantes mediante los convites
05/09/2017,01,SANTA CECILIA N° 2,Carrera 46 ,SI,Bueno,Bueno,No especifica,No especifica,No especifica,No especifica,No especifica,"eventos como Ciclovia, aerobicos, Alfabetización, recolección de basuras y residuos solidos",NO,Sí,Sí,"Mujeres, Hombres, Jóvenes, Adultos, Victimas del conflicto",NO,No,SI,1,SI,No,"Mejorar la Infraestructura, Mejorar condiciones Medioambientales, Promover la productividad y el emprendimiento., Mejorar el acceso a los derechos, Fortalecer la Convivencia",,Alfabetización digital y Manejo de contabilidad,,Ciclovia y aerobicos,,Manejo de basuras,,,,,14,Sí,3,No lo presentan,No lo presentan,No lo presentan,13/08/2016,,,Sí,No,No,Sí,Empalme Parcial,SI,SI,SI,,SI,SI,SI,SI,Sí,"Con el mejoramiento de la infraestructura y el trabajo en el deporte causa mucho impacto
 "
06/10/2017,02,SANTA CRUZ PARTE ALTA,CARRERA 42D No. 103-10,SI,Bueno,Bueno,Bueno,No especifica,No especifica,No especifica,No especifica,"EL COMEDOR COMUNITARIO, DEPORTES, SEMILLEROS, SALUD, DISCAPACIDAD, LIMPIEZA DE QUEBRADAS, ACTIVIDADES CON LA COMUNIDAD ",SI,Sí,Sí,"Mujeres, Hombres, LGTBI, Jóvenes, Adultos, Adultos Mayores, Victimas del conflicto, Población en Situación de Discapacidad",SI,Sí,SI,1,NO,Sí,"Mejorar la Infraestructura, Mejorar condiciones Medioambientales, Mejorar el acceso a los derechos, Fortalecer la Convivencia",JORNADAS DE SALUD ,PROYECTO DE ALFABETIZACIÓN ,,"AEROBICOS, TORNEOS ",RECREANDOS,PAISAJISMO Y MAS,,TEATRO,,,14,Sí,3,17 DE JULIO DE 2017,24 DE JULIO DE 2017,06 DE OCTUBRE DE 2017,06/10/2017,BANCOS Y CAJA MENOR,21 DE MAYO DE 2017,Sí,Sí,No,Sí,Empalme Total,NO,NO,NO,NO,NO,NO,NO,NO,Sí,"MEJORAMIENTO EN LA CALIDAD DE VIDA, EN SU ENTORNO, INFRAESTRUCTURA, VIVIENDA, ETC "
12/10/2017,15,BARRIO SANTA FE,Calle 22-n 59-50,SI,Bueno,No especifica,No especifica,No especifica,No especifica,Cancha polideportiva.,Bueno,"Integración atreves de la cultura, cursos de ingles, torneos de futbol, tardes lúdico recreativas, convocatorias de educación, consultorio jurídico gratuito.",SI,Sí,Sí,"Mujeres, Hombres, Jóvenes, Adultos, Adultos Mayores",SI,Sí,NO,formulación y gestión de proyectos,SI,No,"Mejorar la Infraestructura, Mejorar condiciones Medioambientales, Promover la productividad y el emprendimiento.","Acompañamiento a campañas visuales, prótesis ,vacunas.",Cursos de ingles.,Entretenimiento de la flia. ,"Torneo de futbol levantamiento de pesas,",Torneos de diferentes juegos.,Limpieza de quebrada la guayabala.,,Entretenimiento a la flia.,,,7,Sí,4,14-feb-2007,,,21/11/2013,,,Sí,Sí,No,Sí,Empalme Parcial,SI,SI,SI,SI,SI,SI,SI,SI,Sí,Bajando los indicadores que tiene el plan de desarrollo local.
18/10/2017,15,SANTA FE DE ALCALA,Cll 16 A # 65 GC 37,SI,Bueno,Bueno,Bueno,Bueno,Bueno,Biblioteca ,Bueno,"Capacitación, asistencia a programas sociales. ",SI,No,No,"Mujeres, Hombres, Jóvenes, Adultos, Adultos Mayores, Afrodescendientes, Población en Situación de Discapacidad",SI,Sí,SI,2,NO,No,"Mejorar la Infraestructura, Mejorar condiciones Medioambientales, Promover la productividad y el emprendimiento., Mejorar el acceso a los derechos, Fortalecer la Convivencia",Acompañamiento a campañas de salud,Camino a la educación superior ,Direccionamiento y orientación en comportamiento de drogadictos,Torneos ,,"Mesa ambiental, vivero piamonte",,Acompañamiento a programas culturales ,,,3,Sí,3,No presentó libros,No presentó libros,No presentó libros,,,,Sí,Sí,No,Sí,Empalme Total,SI,NO,NO,SI,SI,SI,SI,SI,Sí,Con acciones sociales en pro de la comunidad. 
07/10/2017,08,SANTA LUCIA LAS ESTANCIAS,Calle 51B Nº 1BB - 18,SI,No especifica,No especifica,No especifica,No especifica,No especifica,No tienen sede y los terrenos de la JAC fueron construidos por el municipio con áreas deportivas y otras,,"Asambleas, rendición de cuentas, trabajos con PP, torneos en la cancha, varios eventos, celebración fechas especiales",SI,Sí,Sí,"Mujeres, Hombres, Jóvenes, Adultos, Adultos Mayores",SI,Sí,SI,3,SI,Sí,"Mejorar la Infraestructura, Mejorar condiciones Medioambientales, Promover la productividad y el emprendimiento., Fortalecer la Convivencia","Jornada vacunacion mascotas, salud visual y dental","Capacitación derechos humanos, charlas policía",Celebración fechas especiales,Torneos micro fútbol y baloncesto,Torneos micro fútbol y baloncesto,Jardín comunitario,"Capacitación derechos humanos, charlas policía, Torneos micro fútbol y baloncesto, Celebración fechas especiales","Capacitación derechos humanos, charlas policía, Torneos micro fútbol y baloncesto, Celebración fechas especiales",,,13,Sí,2,06/01/2017,No tienen libro; no tienen sede y bienes,22/08/2014,27/09/2017,,,Sí,Sí,Sí,Sí,Empalme Parcial,SI,SI,SI,SI,SI,NO,SI,SI,Sí,"En pro de mejorar la calidad de vida de la comunidad y de algunos sectores aledaños, aunque no son del radio de acción se benefician de algunas actividades "
31/08/2017,07,SANTA MARIA CAMPESTRE,calle 70 d# 94d-17,NO,Bueno,No especifica,No especifica,No especifica,No especifica,No especifica,No especifica,"junta de accion comunal infantil, cursos, admon de piscina",SI,Sí,Sí,"Mujeres, Hombres, Jóvenes, Adultos, Adultos Mayores",SI,Sí,SI,5,NO,Sí,"Mejorar la Infraestructura, Mejorar condiciones Medioambientales, Promover la productividad y el emprendimiento., espacio social",,,,,,"mariposario, manejo de zonas verdes",,,,,18,Sí,5,10/07/2017,no registra fecha,21/08/2017,11/06/2017,,,Sí,Sí,No,Sí,No Empalme,SI,SI,SI,SI,SI,SI,SI,SI,Sí,tramitan la solucion a problematicas del barrio y su comunidad
13/10/2017,80,SANTA MARIA DE LOS ANGELES,Calle 36 sur # 77 17 T1. Apto 9801,SI,No especifica,No especifica,No especifica,No especifica,No especifica,No especifica,No especifica,"Eventos de integración en familia, día del niño, asambleas",SI,Sí,Sí,"Mujeres, Hombres, Jóvenes, Adultos, Adultos Mayores",SI,Sí,SI,6,SI,Sí,"Mejorar la Infraestructura, Mejorar el acceso a los derechos, Fortalecer la Convivencia, calidad de vida de las personas","tamizaje visual, prótesis ",tenencia de mascotas,,,integración,,socialización código de convivencia,tardes de película,,,14,Sí,5,01/04/2016,01/04/2016,26/07/2013,05/02/2017,,,Sí,Sí,No,Sí,Empalme Total,SI,SI,SI,SI,SI,SI,SI,SI,Sí,"Se demostró que es posible trabajo articulado, existe respeto de la comunidad por la organización, por el proyecto reconocimiento somos ejemplo"
13/10/2017,80,SANTA MARIA DE LOS ANGELES II,Calle 36 sur # 77 17. T1 . Apto 9801,SI,No especifica,No especifica,No especifica,No especifica,No especifica,No especifica,No especifica,"Trabajo social con integración de familias, Asambleas",SI,Sí,Sí,"Mujeres, Hombres, Jóvenes, Adultos, Adultos Mayores",SI,Sí,SI,4,SI,Sí,"Mejorar la Infraestructura, Mejorar condiciones Medioambientales, Mejorar el acceso a los derechos, Fortalecer la Convivencia, mejorar la calidad de vida a través de la vivienda","Tamizaje visual, Prótesis",Socialización código de policía,,,,,,,,,13,Sí,3,01/05/2017,01/06/2016,01/08/2017,01/08/2017,,,Sí,Sí,No,Sí,Empalme Total,SI,SI,SI,SI,SI,SI,,SI,Sí,"reconocimiento en generación de proyecto sostenible, desarrollo de vivienda, trabajo organizado"
22/10/2017,12,SANTA MONICA Y CAMPO ALEGRE,Calle 38 N° 92-55,SI,Bueno,Bueno,No especifica,No especifica,No especifica,"Parroquia el Divino Maestro, Parque Biblioteca San Javier y la UAO",Bueno,"Ciclivía barrial; Jornadas ambientales; Cine foros; Ciclo paseos por la Comuna 12; Jornadas de Salud; Torneos deportivos; Capacitaciones en convenio con el SENA; Talleres culturales, de Danza, entre otros",NO,Sí,Sí,"Mujeres, Hombres, Adultos, Adultos Mayores, Población en Situación de Discapacidad",SI,Sí,SI,4,SI,Sí,"Mejorar la Infraestructura, Mejorar condiciones Medioambientales, Promover la productividad y el emprendimiento., Mejorar el acceso a los derechos, Fortalecer la Convivencia, Ciudad por loa niños y las niñas","Charlas mensuales de promoción y prevención, clases de Yoga",,,"Ciclo vía barrial, deporte sin límite, préstamo de bicicletas gratis", Recreando,,,,,,16,Sí,7,13/07/2017,14/09/2011,16/08/2017,11/06/2017,,,Sí,No,No,Sí,Empalme Total,NO,SI,NO,SI,SI,SI,SI,SI,No,"De manera positiva, trayendo programas, estos se reflejan el el cronograma de actividades que tiene la JAC y las evidencias e informe presentamos a la Participación."
14/09/2017,12,URB. BELENCITO SANTA MONICA 2,Calle 37 N° 102 -30 Apto 310,NO,No especifica,Bueno,No especifica,No especifica,No especifica,Parroquia Madre del Redentor,Bueno,"Celebración de la navidad comunitaria, actividades culturales, Construcción del Gimnasio y adecuación del parque, Feria artesanal y Gastronómica, entre otras",NO,Sí,No,"Mujeres, Hombres, Adultos, Adultos Mayores",SI,Sí,SI,10,NO,No,"Mejorar la Infraestructura, Mejorar condiciones Medioambientales, Mejorar el acceso a los derechos, Fortalecer la Convivencia, Integración Comunitaria",,,,,,,,,,,14,Sí,4,09/03/2016,Esta radicado en la Secretaría de Participación para ser registrados,Enta radicado en la Secretaría de Participación para ser registrados,05/02/2013,,,Sí,No,No,Sí,Empalme Parcial,SI,NO,NO,SI,SI,NO,NO,NO,Sí,"Reactivación del sentido de pertenencia  de la comunidad hacia el barrio, garantizar el acceso de las personas a los derechos con los proyectos del Presupuesto Participativo"
14/09/2017,13,BARRIO SANTA ROSA DE LIMA,Calle 49DD No. 87-11,NO,Bueno,Bueno,No especifica,No especifica,No especifica,Buen estado ,Bueno,"""Actividades de promoción y prevención en salud, intervención de puntos críticos con medio ambiente, intervención con grupos artísticos y deportes""",SI,Sí,Sí,"Mujeres, Hombres, LGTBI, Jóvenes, Adultos, Adultos Mayores, Afrodescendientes, Victimas del conflicto, Población en Situación de Discapacidad",SI,Sí,SI,4,SI,Sí,"Mejorar la Infraestructura, Mejorar condiciones Medioambientales, Promover la productividad y el emprendimiento., Mejorar el acceso a los derechos, Fortalecer la Convivencia",Promoción y prevención en salud visual y ortodoncia articulados con la secretaria de salud,Se gestionan las becas de Sapiensa,Se realiza actividades dirigidas a toda la comunidad en mejoramiento de la calidad de vida,Articulación con el Inder ,"Se realiza actividades para la celebración del día del niño, de la mujer, madres etc.","“Actividades de cuidado del medio ambiente, convites2",No refiere,Articulación con cultura en formación artística,"Realizan alianzas con una fundación que trabaja con ersonas en situación de discapacidad, ver adjunto",,14,Sí,5,16/04/2016,21/06/2017,14/09/2017,01/07/2017,No refieren,No refieren,Sí,Sí,No,Sí,Empalme Total,SI,SI,SI,SI,SI,SI,SI,SI,Sí,"""Con la articulación de diferentes Secretarias, corporacines, JAC que representamos para mejorar la calidad de vida de los habitantes"""
31/08/2017,07,SECTOR PORVENIR BARRIO SANTA MARGARITA,cra 98a #62-198,NO,No especifica,No especifica,Bueno,No especifica,No especifica,No especifica,No especifica,tramitan soluciones a problematicas,SI,Sí,Sí,"Mujeres, Hombres, Adultos, Adultos Mayores",NO,Sí,NO,formulación y gestión de proyectos,NO,No,Mejorar la Infraestructura,,,,,,Manejo de basuras,apoyo en la socialización del código de convivencia,,,,14,No,No aplica,no hubo evidencia,no hay registro,no hay registro,,,,Sí,Sí,No,Sí,Empalme Parcial,SI,SI,SI,SI,SI,SI,SI,SI,No,El técnico social no manifiesta observaciones.
12/10/2017,70,LA PALMA CORREGIMIENTO ALTAVISTA,Sector La Palma,NO,No especifica,No especifica,No especifica,No especifica,No especifica,No especifica,No especifica,"Actividades en Octubre 2016 día del niño, dic 19 convite con sancocho,evento de seguridad paz y convivencia ( Torneo de fútbol), arreglos a la cancha.",NO,Sí,Sí,"Mujeres, Hombres, Adultos, Adultos Mayores, Victimas del conflicto",SI,No,SI,1,SI,No,"Mejorar la Infraestructura, Mejorar condiciones Medioambientales, Promover la productividad y el emprendimiento., Mejorar el acceso a los derechos, Fortalecer la Convivencia","vacunación perros, ",,,torneo de fútbol,,,seguridad convivencia y paz,,,,15,Sí,6,,,,,,,Sí,No,No,Sí,Empalme Parcial,SI,NO,NO,NO,NO,NO,NO,NO,Sí,Mejoramiento en la calidad de vida de sus asociados
14/09/2017,70,LA PERLA CORREGIMIENTO ALTAVISTA,car 111a # 13-61,SI,No especifica,No especifica,No especifica,No especifica,No especifica,No especifica,No especifica,"Asambleas, reuniones por cuadra, censo, informes por boletín y casa por casa.",SI,Sí,Sí,"Mujeres, Hombres, Jóvenes, Adultos, Adultos Mayores, Victimas del conflicto, Población en Situación de Discapacidad",SI,Sí,SI,3,NO,Sí,"Mejorar la Infraestructura, Mejorar condiciones Medioambientales, Promover la productividad y el emprendimiento., Mejorar el acceso a los derechos, Fortalecer la Convivencia",Gafas (PL y PP),Curso Mecánica de motos y fotografía.,Club de Vida.,Actividades Deportivas,,Acueducto.,Proyecto de Paz y Reconciliación,,,,13,Sí,3,29 de abril de 2017,,,17/02/2017,,,Sí,No,No,Sí,Empalme Parcial,SI,SI,SI,NO,NO,SI,NO,NO,Sí,A través de la gestión de proyectos programas incidiendo en la calidad e vida de  su sector
24/08/2017,60,SECTOR LOMA HERMOSA,Cra 123 N° 54 50,SI,No especifica,No especifica,No especifica,No especifica,No especifica,Casa Comunitaria,Bueno,Asambleas,SI,Sí,Sí,"Mujeres, Hombres, Jóvenes, Adultos, Adultos Mayores, Victimas del conflicto",SI,Sí,SI,1,NO,No,Mejorar la Infraestructura,,,,,,,,,Infraestructura,Mejoramiento de acueducto y alcantarillado,9,Sí,5,24/05/2017,,25/06/2016,23/07/2017,,,Sí,No,No,Sí,Empalme Parcial,SI,SI,SI,SI,,,,,Sí,"En el mejoramiento de calidad de vida de los habitantes con oportunidades laborales, mejoramiento alcantarillado y acueducto por medio de proyecto con EPM."
31/08/2017,60,BARRIO SAN JOSÉ LA LOMA,Calle 58 N° 131 a 49,NO,Bueno,No especifica,No especifica,No especifica,No especifica,No especifica,No especifica,"Asambleas, Convites, censo",SI,Sí,Sí,"Mujeres, Hombres, Jóvenes, Adultos Mayores",SI,Sí,NO,formulación y gestión de proyectos,SI,No,"Mejorar la Infraestructura, Mejorar el acceso a los derechos, Fortalecer la Convivencia",Promocion y prevencion,,,Torneos de futbol,Semilleros,Cuidado acueducto veredal,Mesa de trabajo la loma,Convites comunitarios,,,15,Sí,4,,,17/07/2017,05/02/2017,,,Sí,Sí,No,Sí,Empalme Total,SI,SI,SI,SI,SI,SI,SI,SI,Sí,"Incide en el mejoramiento de la calidad de vida, implementando actividades que llevan a mejorar la convivencia en el sector."
06/09/2017,13,"SECTOR VILLA LAURA, BARRIO EL CORAZÓN",Cra 105B 34 BB - 94,SI,Regular,Malo,Bueno,No especifica,No especifica,"La sede social regular, los establecimientos educativos, mal estado y el centro de desarrollo integral buen estado. ",Regular,"""Infraestructura mejoramiento de las vías, en salud prevención y promoción, jornadas ambientales y jornadas deportivas""",SI,Sí,Sí,"Mujeres, Hombres, Jóvenes, Adultos, Adultos Mayores",SI,Sí,SI,4,NO,No,"Mejorar la Infraestructura, Mejorar condiciones Medioambientales, Mejorar el acceso a los derechos, Fortalecer la Convivencia",Promoción y prevención en salud visual y ortodoncia articulados con la secretaria de salud,Se gestionan las becas de Sapiensa,N/A,Articulación con el Inder y otros para alejar a los jóvenes de la droga..,Se realiza actividades dirigidas a toda la comunidad en mejoramiento de la calidad de vida,"Actividades de cuidado del medio ambiente, convites etc",N/A,Articulación con cultura para eventos de la Antioqueñidad y del Veinte de Julio,Ver los antes mencionados,Ver los antes mencionados,10,Sí,5,31/08/2017,No lo presentan,No lo presentan,21/04/2017,N/A,N/A,Sí,No,No,Sí,Empalme Parcial,SI,SI,SI,SI,NO,NO,NO,SI,Sí,"""En la movilidad, el deporte, la sana convivencia"""
13/09/2017,03,SEGUNDO SECTOR BARRIO VERSALLES,Carrera 25 # 69 D 35,SI,Bueno,Bueno,No especifica,No especifica,No especifica,Placa Polideportiva,Bueno,Gestiones en todos los ámbitos del desarrollo,SI,Sí,Sí,"Mujeres, Hombres, Jóvenes, Adultos, Adultos Mayores, Victimas del conflicto",SI,Sí,SI,3,SI,Sí,"Mejorar la Infraestructura, Mejorar condiciones Medioambientales, Promover la productividad y el emprendimiento., Mejorar el acceso a los derechos, Fortalecer la Convivencia, Empleo y Educación","Jornadas Metrosalud , Sensibilización y Brigadas con la perla para la salud de las mascotas ","Realización de infraestructura para el colegio, mediatectica, nocturna, subsidios de becas, clases de matemáticas, física y química , talleres en sistemas, sapiencia ","Grupo tercera edad, restaurante escolar, torneos entre miembros del conflicto armado.","torneos de futbol, porrismo, ajedrez, tenis de mesa.",recreo cuadra y recreo comuna ,sensibilización de como tratar las basuras y  recolección de basuras ,integración de grupos armados,"grupos de danza, musicales y clase de guitarra ",infraestructura,acueducto y colegio,15,Sí,5,Noviembre del 2016,Septiembre del 2015,Diciembre del 2011,16/07/2017,Actas Junta Directiva,25/ 06/2017,Sí,Sí,No,Sí,Empalme Total,SI,SI,SI,SI,SI,SI,SI,SI,Sí,con grandes gestiones por su comunidad 
02/09/2017,12,SIMON BOLIVAR,Calle 35 N° 83 - 12,SI,No especifica,Bueno,No especifica,No especifica,No especifica,No especifica,No especifica,"Sensibilizando a la comunidad sobre temas de Seguridad y Convivencia, asambleas informativas, difusión y promoción de programas y proyectos de las diferentes Secretarías; integraciones sociales y eventos culturales.",SI,No,No,"Mujeres, Hombres, Jóvenes, Adultos, Adultos Mayores, Victimas del conflicto",SI,Sí,SI,1,NO,No,"Promover la productividad y el emprendimiento., Mejorar el acceso a los derechos, Fortalecer la Convivencia",,Inscripción de jóvenes a becas que se recuperaron para realizar el PREICFES y la U en mi barrio,,,,,Socialización de Pos conflicto y PAZ en el territorio,"Corredores artísticos, talleres de pintura y canto",,,"6: porque en el momento de aplicación de la ficha, varios habían renunciado porque realizaron elección de dignatarios vacantes y aprovecharon para organizar la junta directiva cambiando algunos cargos por otros, caso conciliadora por vicepresidenta, coordinaodres de comisiones por tesorero, entre otros. En el momento están a la espera de la inscripción de nuevos dignatarios por parte de la Secretaría.",Sí,"2 activas y dos a la espera de la inscripción de la Secretaría de Participación, las razones  se expusieron  en la pregunta anterior.",28/06/20/17,No  tienen ,31/12/2017,09/07/2017,"Se aclara que el libro de actas la Junta solicitó libro de actas para llevarlo digita y no fue aceptada; en la actualidad las actas están en digital, hasta realizar el registro del libro.",,Sí,No,No,Sí,No Empalme,SI,SI,SI,NO,NO,NO,NO,SI,Sí,"Con la promoción de la Participación, Invitación a participar en eventos, actividades y reuniones (Consejo de convivencia); con la promoción de proyectos que se ejecutan tanto con recursos de PP Y CON ORDINARIOS, PARA QUE LA POBLACIÓN DEL BARRIO ACCEDA Y SE BENEFICIEN DE ELLOS"
09/11/2017,08,SOL DE ORIENTE,Carrera 17B Nº 56EE - 09,SI,Bueno,No especifica,No especifica,No especifica,No especifica,UVA La Libertad,Bueno,"asambleas, rendición de cuentas, sensibilizacion ambiental",SI,Sí,Sí,"Mujeres, Hombres, Adultos, Adultos Mayores, Victimas del conflicto",SI,Sí,NO,formulación y gestión de proyectos,NO,Sí,"Mejorar la Infraestructura, Mejorar condiciones Medioambientales, Mejorar el acceso a los derechos, Fortalecer la Convivencia","Jornadas de salud visual, proceso medico en casa, planificacion familiar, joven sano",Charlas con la policia,"Charlas con la policia,  manualidades, mejoramiento sede",Club de futbol,Club de futbol,"Sensibilizacion ambiental, convites de aseo y ornato, mitigacion de riesgos",Charlas con la policia,"Charlas con la policia, mejoramiento sede",Infraestructura,"Andenes,mitigacion de riesgos, mejoramiento sede",13,Sí,3,18 julio 2017,12 enero 2017,11 mayo 2017,26/03/2017,,,Sí,Sí,Sí,Sí,No Empalme,NO,NO,NO,NO,NO,NO,NO,NO,Sí,Mejorando la calidad de vida por medio de diagnosticos donde se priorizan las necesidades de la comunidad para gestionar y buscar soluciones
27/08/2017,60,VEREDA TRAVESÍAS SECTOR LA CUMBRE,Vereda Travesías Cumbre,NO,Bueno,No especifica,No especifica,No especifica,No especifica,Placa Polideportiva,Bueno,"Mantenimiento alcantarillado, limpieza caños, recolección basuras y residuos solidos, convites comunitarios, construcción rieles",SI,Sí,Sí,"Mujeres, Jóvenes, Adultos, Adultos Mayores",SI,Sí,SI,1,NO,Sí,"Mejorar la Infraestructura, Mejorar condiciones Medioambientales, Promover la productividad y el emprendimiento., Mejorar el acceso a los derechos, Fortalecer la Convivencia","Promocion y prevencion, vacunacion","Becas con PP para colegio mayor, ITM",,Actividades recreativas con niños y jóvenes en articulación con el INDER,Semilleros infantiles,"Limpieza de cuencas, recolección residuos sólidos y basuras, ",,,Infraestructura,"pavimentación de rieles, escalas",14,Sí,3,05/03/2017,04/06/2016,22/08/2017,22/07/2017,,,Sí,Sí,No,Sí,Empalme Total,SI,SI,SI,SI,SI,SI,SI,SI,Sí,"De manera efectiva en el manejo de residuos solidos y basuras, oportunidades de estudio para jovenes, mejorar la calidad de vida del campesino y los habitantes de la verea con pavimentacion de vias, promocion y prevencion en salud, recreacion."
14/10/2017,06,EL TRIUNFO LOS ARRAYANES,Calle 104 ee # 82 gg 21,SI,No especifica,Bueno,No especifica,No especifica,No especifica,No especifica,No especifica,"Procesos (deportivos, culturales, educativos, ambientales, salud, infraestructura entre otros.)",SI,Sí,Sí,"Mujeres, Hombres, Jóvenes, Adultos, Adultos Mayores, Afrodescendientes, Victimas del conflicto",SI,Sí,SI,1,NO,No,"Mejorar la Infraestructura, Mejorar condiciones Medioambientales, Promover la productividad y el emprendimiento., Mejorar el acceso a los derechos, Fortalecer la Convivencia","Brigadas de vacunación, salud visual, ortodoncia preventiva",labor social,,torneos,"recreación, salidas recreativas.",semillero ambiental ,,"eventos culturales, ´politicos",,,14,Sí,4,sin fecha,19-09-2016,,01/10/2017,,,Sí,No,No,Sí,Empalme Total,SI,NO,NO,SI,NO,SI,SI,NO,Sí,Transforma el territorio con todas las acciones que realiza
27/09/2017,13,"URB. ALTOS DE SAN JUAN, MIRADOR SAN JAVIER",Cl 42AC No. 117-51,SI,No especifica,No especifica,No especifica,No especifica,No especifica,Solo la Corporación Latina sede del Municipio y su infraestructura es bueno,Bueno,"""Eventos de integración con la comunidad, eventos deportivos, recreativos, bingos, fiestas para niños, jornadas de aseo, se ha presentado proyectos para comedor comunitario y agro ambiental"".",SI,Sí,Sí,"Mujeres, Hombres, Jóvenes, Adultos, Adultos Mayores, Victimas del conflicto",SI,No,SI,2,NO,No,"Mejorar la Infraestructura, Mejorar condiciones Medioambientales, Promover la productividad y el emprendimiento., Mejorar el acceso a los derechos, Fortalecer la Convivencia",Promoción y prevención en salud visual y ortodoncia articulados con la secretaria de salud,Se gestionan las becas de Sapiensa,Se realiza  la integración con los nuevos habitantes de la unidad y del sector,Articulación con el Inder ,"Se realiza actividades para la celebración del día del niño, de la mujer, madres etc.","Actividades de cuidado del medio ambiente, convites etc",N/A,N/A,,Ver lo antes mecionado,14,Sí,4,10/03/2017,01/01/2017,No lo presentan y refieren que el tesorero esta por fuera de la cuidad.,06/08/2017,N/A,N/A,Sí,No,No,Sí,Empalme Parcial,NO,NO,SI,SI,SI,SI,SI,,Sí,"""con la realización de las actividades, programas y acciones que buscan promover el cuidado del medio ambiente, participación ciudadana, inclusión de personas discapacitados, adulto mayor, desplazados, participación de los niños actividades lúdicas recreativas y  procesos de aprendizaje y proyecto que buscan mejorar la calidad de vida. Proyecto de movilidad interno en la unidad"""
04/09/2017,80,URBANIZACIÓN ARAGÓN,Aragón,SI,No especifica,Bueno,No especifica,No especifica,No especifica,No especifica,No especifica,"feria de servicios, campañas tenencia de mascotas, brigadas de salud y medio ambiente, actividades con niños y adultos.",NO,Sí,Sí,"Mujeres, Hombres, Jóvenes, Adultos, Adultos Mayores",NO,No,NO,formulación y gestión de proyectos,SI,No,"Mejorar la Infraestructura, Mejorar condiciones Medioambientales, Mejorar el acceso a los derechos, Fortalecer la Convivencia",Salud visual,,feria de servicios,,,"limpieza de quebradas, tenencia de mascotas",,,,,16,Sí,5,,,,,,,Sí,No,No,Sí,Empalme Parcial,SI,NO,SI,SI,NO,NO,NO,NO,Sí,"Pesebre comunitario, feria de servicios, curso manipulación alimentos."
23/08/2017,16,URBANIZACION BALCONES DE LA SERRANIA,Carrera79 #4A 78,SI,No especifica,No especifica,No especifica,No especifica,No especifica,No especifica,No especifica,"Convites de aseo y de reciclaje, actividades culturales.",SI,Sí,Sí,"Mujeres, Hombres, Jóvenes, Adultos, Adultos Mayores",SI,Sí,SI,6 pero no presentan el curso básico comunal del 2016,NO,No,"Mejorar la Infraestructura, Mejorar condiciones Medioambientales",,,,Actividades en conjunto con el INDER para las personas de la tercera edad.,,Convites de reciclaje y se aseo de los senderos peatonales. Gestionar pasamanos e iluminación del espacio público,,Cine club para los niños y los jóvenes.,,,8,Sí,4,Abril 16 de 2016,No se presenta (lo tiene el fiscal de la organización),no se presenta (lo tienen el fiscal de la organización),29/09/2017,,,Sí,Sí,No,No,No Empalme,NO,NO,NO,NO,NO,NO,NO,NO,Sí,"Realiza actividades que le ayuden a posicionarse ante los dignatarios y en el territorio, las actividades con grupos poblacionales como con los adultos mayores y el cine club le ayuda a estar activa y presente con la comunidad."
06/10/2017,06,URBANIZACIÓN BRISAS DE ROBLEDO,"CRA 88A 92F 08, INTERIOR 402",SI,No especifica,Bueno,No especifica,No especifica,No especifica,No especifica,No especifica,"Ferias, actividades recreativas, dia de la madre, fiesta de hallowen, navidad, elecciones, celebración del adulto mayor, cine foro, festival de cometas.",NO,Sí,Sí,"Mujeres, Hombres, Jóvenes, Adultos, Adultos Mayores, Afrodescendientes",SI,Sí,SI,2,NO,Sí,"Mejorar la Infraestructura, Mejorar condiciones Medioambientales, Promover la productividad y el emprendimiento., Fortalecer la Convivencia","jornadas de salud visual, vacunación, jornada de protesis y salud oral.",,lunada,torneos,tomas recreativas,"jornadas de ornato y limpieza, siembra de arboles, poda, limpieza de alcantarillado",lunada,festival de cometas,,,14,Sí,3,Julio 29 de 2017,2016,27 de abril de 2017,13/09/2017,,,Sí,Sí,Sí,Sí,No Empalme,NO,NO,NO,NO,NO,NO,NO,NO,Sí,"Integración, participación, gestión."
12/10/2017,07,URBANIZACIÓN CÁDIZ,calle 64f #91c-02,SI,Regular,No especifica,No especifica,No especifica,No especifica,No especifica,No especifica,Este año no se han realizado acciones,NO,Sí,Sí,"Mujeres, Hombres, Jóvenes, Adultos, Adultos Mayores",SI,Sí,NO,formulación y gestión de proyectos,NO,No,"Mejorar la Infraestructura, Mejorar condiciones Medioambientales, Promover la productividad y el emprendimiento.",jornadas de salud visual,,,,,,convivencia con niños,,,,10,Sí,2,se extravió,no se entrego en empalme,No se entrego en empalme,15/09/2017,,,Sí,No,No,Sí,No Empalme,SI,SI,SI,SI,SI,SI,SI,SI,Sí,Manteniendo el tejido social activo
23/08/2017,60,URBANIZACIÓN CANTARES,Calle 63 BA N° 105 A 47,NO,No especifica,Bueno,No especifica,No especifica,No especifica,Buen Comienzo,Bueno,"Asambleas, convites de limpieza, mejoramiento espacio deportivo, mantenimiento espacio peatonal y zonas verdes",SI,Sí,Sí,"Mujeres, Hombres, Jóvenes, Adultos",SI,Sí,SI,2,SI,No,"Mejorar la Infraestructura, Mejorar condiciones Medioambientales, Mejorar el acceso a los derechos, Fortalecer la Convivencia",Promoción y prevencion,"PP, becas Colegio Mayor, Pascual Bravo, ITM",,con el INDER,Semilleros,"Limpieza quebrada, mantenimiento zonas verdes",,,Infraestructura,"Mantenimiento puente peatonal, mantenimiento rieles",14,Sí,3,22/07/2017,23/11/2015,02/07/2017,10/06/2017,,,Sí,No,No,Sí,Empalme Total,SI,SI,SI,SI,SI,SI,SI,SI,Sí,"Mejoramiento de calidad de vida generando espacios de recreación para niños y jóvenes, articulando actividades para mejoramiento del medio ambiente y las condiciones de infraestructura"
22/08/2017,07,URBANIZACION CIUDAD CENTRAL,cll 82 68-06,SI,Bueno,No especifica,No especifica,No especifica,No especifica,placa polideportiva,Bueno,convites e integracion,NO,Sí,Sí,"Mujeres, Hombres, Adultos, Adultos Mayores, Victimas del conflicto",SI,Sí,SI,3,NO,Sí,"Mejorar la Infraestructura, Mejorar condiciones Medioambientales, Fortalecer la Convivencia",vacunacion animales,,,,actividades lúdicas,,,,,,12,Sí,4,12/0372017,no registra fecha,15/08/2017,05/04/2017,,,Sí,No,No,Sí,Empalme Total,SI,SI,SI,SI,SI,SI,SI,SI,Sí,manteniendo informada a la comunidad de todas las acciones comunitarias e institucionales
07/09/2017,80,URBANIZACIÓN COMPARTIR (PRADITO PARTE BAJA),Diagonal 60D #41 C -59,NO,No especifica,Bueno,No especifica,No especifica,No especifica,No especifica,No especifica,"Diagnostico de la urbanizacion, Actividades de Integración,  Ludico en recreación, y Deportiva",SI,Sí,Sí,"Mujeres, Hombres, Jóvenes, Adultos, Adultos Mayores, Población en Situación de Discapacidad",SI,Sí,SI,4,SI,No,"Mejorar la Infraestructura, Mejorar condiciones Medioambientales, Mejorar el acceso a los derechos, Fortalecer la Convivencia","Actividad física, por su salud muévase pues - Aerobicos, ",Con el SENA,Convocatoria para Tercera edad en prótesis dental y tamisaje visual,con el INDER y tornos barrial,,"con Empreas varias,",,,,,14,Sí,6,27  Mayo de 2017,diciembre del 2017,agosto 2017,17/05/2017,Contratación,2017,Sí,Sí,No,Sí,Empalme Total,SI,SI,SI,SI,SI,SI,SI,SI,Sí,"Se realizó el diganóstico de la Urbanización,  Se sugirió el cambio de conexión del acueducto para para no tener racionamiento, Se participa en la secretaría de comunicaciones de ASOCOMUNAL, En la mesa del agua, coordinación con proromedal.."
07/10/2017,07,URBANIZACION CURAZAO,calle 76CB #90B-46,NO,No especifica,No especifica,No especifica,No especifica,No especifica,No especifica,No especifica,Tramita soluciones básicas- asmbleas- eventos de integración,SI,Sí,Sí,"Mujeres, Hombres, Jóvenes, Adultos, Adultos Mayores, Afrodescendientes",SI,Sí,SI,1,SI,No,Integracion,,,,festival deportivo y recreativo,,,,,,,16,Sí,4,24/08/2017,sin registro,no se aportó,01/03/2017,,,Sí,Sí,No,Sí,Empalme Parcial,SI,SI,SI,SI,SI,SI,SI,SI,Sí,"mejoramiento del tejido social, partivipacion y dinamización de procesos"
20/09/2017,05,URBANIZACIÓN GRATAMIRA,CALLE 105A No64E 20,SI,Regular,No especifica,No especifica,No especifica,No especifica,No especifica,No especifica,"SENSIBILIZACION  DE LOS ANIMALES DE COMPAÑIA CON  LA FUNDACIONLA PERLA, JORNADAS RECREO DEPORTIVAS CON JUEGOS TRADICIONALES DE CALLE, JORNADAS DE LIMPIEZA DE PARQUES CON  ENVARIAS ",SI,Sí,Sí,"Mujeres, Hombres, Adultos, Adultos Mayores",SI,Sí,SI,10,NO,Sí,Mejorar condiciones Medioambientales,,,,,TOMAS RECREATIVAS CON JUEGOS TRADICIONALES DE CALLE ,LIMPIEZA ECOLÓGICA DE LOS PARQUES ,,,,,14,Sí,3,09-07-2017,,31-07-2017,29/06/2017,,,Sí,Sí,No,Sí,Empalme Total,SI,SI,SI,SI,SI,SI,SI,SI,Sí,CON LAS ACTIVIDADES QUE DESARROLLA LA JUNTA DE ACCIÓN COMUNAL QUE BUSCAN GENERAR BIENESTAR EN EL BARRIO 
24/08/2017,60,URBANIZACION MIRADOR DE LA HUERTA,Calle 67 N° 96 F 05,NO,Bueno,Bueno,No especifica,No especifica,No especifica,No especifica,No especifica,"Asambleas, actividades conjuntas con la comunidad: recreativas, culturales, ambientales, de infraestructura",SI,Sí,Sí,"Mujeres, Hombres, Jóvenes, Adultos, Adultos Mayores, Victimas del conflicto, Población en Situación de Discapacidad",SI,Sí,SI,1,SI,Sí,"Mejorar la Infraestructura, Mejorar condiciones Medioambientales, Promover la productividad y el emprendimiento., Fortalecer la Convivencia","Jornadas de vacunacion mascotas, promoción y prevencion",Becas PP,Alimentación a personas de escasos recursos,Club de futbol,"Actividades ludicas, recreacion con los niños con el INDER","Jornadas de aseo, reciclaje, siembra de arboles",Dialogos,Banda músico marcial,,,14,Sí,7,09/07/2017,17/06/2014,20/05/2017,16/07/2017,,,Sí,Sí,No,Sí,Empalme Total,SI,SI,SI,SI,SI,SI,SI,SI,Sí,"incide directamente en acciones dirigidas a la paz y convivencia a través de diálogos con integrantes de grupos armados al margen de la ley, acciones dirigidas al cuidado del medio ambiente,cultura, recreación y mejoramiento de infraestructura "
19/09/2017,07,URBANIZACIÓN LA PORTADA,cll 80b # 91-69,SI,No especifica,No especifica,Bueno,No especifica,No especifica,No especifica,No especifica,"Recorrdios, asambleas, frijoladas portadistas, fiesta de ",SI,Sí,Sí,"Mujeres, Hombres, LGTBI, Jóvenes, Adultos, Adultos Mayores, Victimas del conflicto",SI,Sí,SI,1,NO,No,"Mejorar la Infraestructura, Mejorar condiciones Medioambientales",,,Revisión alcantarillado,,,Monitoreo quebrada mal paso,,,,,16,Sí,3,09/12/2016,25708/2014,no se evidenció,11/06/2017,,,Sí,No,No,Sí,No Empalme,NO,NO,NO,NO,SI,NO,NO,NO,Sí,"recuperar la confianza en el trabajo comunitario, dinamización de ejecución de recursos, gestión a través de oficios"
03/10/2017,80,URBANIZACIÓN LIMONAR II,Tranversal 48A Sur 61 27,SI,Bueno,Bueno,No especifica,No especifica,No especifica,teatro media torta,Malo,"jornadas de medio ambiente, torneos deportivos, articulación con el colegio",NO,Sí,Sí,"Mujeres, Hombres, Jóvenes, Adultos, Adultos Mayores, Afrodescendientes, Victimas del conflicto, Población en Situación de Discapacidad",SI,Sí,SI,3,SI,No,"Mejorar la Infraestructura, Mejorar condiciones Medioambientales, Promover la productividad y el emprendimiento., Mejorar el acceso a los derechos, Fortalecer la Convivencia",,,,,jornadas recreativas,"limpieza, mejoramiento de vías",,navidad comunitaria,,,13,Sí,4,26/02/2017,10/05/2010,,,,,No,Sí,No,Sí,No Empalme,SI,NO,NO,NO,NO,NO,NO,NO,Sí,"mejoramiento de infraestructura, brigadas de cultura, capacitación en salud y prevención, articulación con otras entidades, mejoramiento medio ambiente y seguridad."
04/10/2017,90,EL PLACER,Vereda el placer ,SI,Bueno,Bueno,No especifica,No especifica,No especifica,No especifica,No especifica,"Actividades de integración comunitaria ""El lenguaje de las flores"", Navidad comunitaria, apoyo al deporte, bachillerato para adultos y buen comienzo PL y PP.",SI,Sí,Sí,"Mujeres, Hombres, Jóvenes, Adultos, Población en Situación de Discapacidad",SI,Sí,SI,1,SI,Sí,"Mejorar la Infraestructura, Mejorar condiciones Medioambientales, Promover la productividad y el emprendimiento., Mejorar el acceso a los derechos, Fortalecer la Convivencia",Brigadas de salud,"Bachillerato adulto mayor , apoyo a la educación ",,,Toma recreo deportivas ,Pozos sépticos ,,,,,13,Sí,4,Junio 23 de 2016 ,Mayo 5 de 2016 ,Mayo 5 de 2016 ,,Actas ,Julio de 2017 ,Sí,Sí,No,Sí,Empalme Total,,,,SI,,SI,SI,,Sí,Interaccionando con los grupos poblacionales del sector.
08/10/2017,90,FLORES DE ORIENTE,Vereda flores de oriente ,NO,No especifica,No especifica,No especifica,No especifica,No especifica,No especifica,No especifica,"Navidad comunitaria, bazares, convites para carreteras y caminos ",NO,Sí,Sí,"Mujeres, Hombres, Jóvenes, Adultos, Adultos Mayores",SI,Sí,SI,1,SI,Sí,"Mejorar la Infraestructura, Mejorar condiciones Medioambientales, Fortalecer la Convivencia",,,,,,Los habitantes son direccionados por las JAC  en el mantenimiento de sus propios pozos sépticos ,,,,,No responde ,Sí,3,Julio 20 de 2016 ,,Julio 30 de 2017 ,06/05/2017,,,Sí,No,No,Sí,Empalme Parcial,NO,SI,NO,NO,NO,NO,,NO,Sí,"Desarrollando procesos comunal con toda la comunidad, con actividades como: bazares, convites en vía y caminos, medioambientales "
08/10/2017,90,VEREDA PIEDRAS BLANCAS MEDELLIN,vereda piedra blanca,SI,No especifica,Regular,No especifica,No especifica,No especifica,No especifica,No especifica,"Asambleas, brigadas en salud, brigadas de reforestación ",SI,Sí,Sí,"Mujeres, Hombres, Jóvenes, Adultos",SI,Sí,SI,2,SI,Sí,"Mejorar la Infraestructura, Mejorar condiciones Medioambientales, Promover la productividad y el emprendimiento., Mejorar el acceso a los derechos, Fortalecer la Convivencia","Brigadas (vacunacion, salud mental)",,,,,,,,,,No responde ,No,No aplica,Septiembre 16 de 2017 ,,Enero de 2017 ,23/09/2017,,,Sí,Sí,No,Sí,Empalme Parcial,,NO,NO,NO,NO,NO,,NO,Sí,Mejoramiento de la calidad de vida de los afiliados y comunidad en general. 
01/11/2017,90,"SECTOR LOS VÁSQUEZ, VEREDA MAZO",vereda mazo ,NO,No especifica,No especifica,No especifica,No especifica,No especifica,No especifica,No especifica,"Navidad comunitaria, celebración día de las madres ",NO,Sí,Sí,"Mujeres, Hombres, Jóvenes, Adultos",NO,No,SI,2,SI,No,"Mejorar la Infraestructura, Mejorar condiciones Medioambientales",,,,,,"Forestación, recolección de basuras, siembra de arboles frutales, prevención en el uso de químicos ",,,,,14,Sí,3,Abril de 2016,,,08/04/2016,,,Sí,No,No,Sí,No Empalme,NO,NO,NO,NO,NO,NO,NO,NO,Sí,En el mejoramiento y la calidad de vida de los habitantes 
04/10/2017,90,MEDIA LUNA CENTRAL,Central- Santa Elena ,NO,No especifica,No especifica,No especifica,No especifica,No especifica,"Fundación Gutierrez, Fundación Amigatos ",,"Convites para adecuación y construcción de rieles, navidad comunitaria, asambleas de afiliados ",SI,Sí,Sí,"Mujeres, Hombres, Jóvenes, Adultos, Adultos Mayores",NO,No,SI,1,SI,Sí,"Mejorar la Infraestructura, Mejorar condiciones Medioambientales, Promover la productividad y el emprendimiento., Fortalecer la Convivencia",Se realiza una brigada de salud,Capacitación brigada a mujeres en emprendimiento ,,,,Saneamiento básico ambiental  (Pozos sépticos) ,,,,,12,Sí,4,Abril 30 de 2017 ,,Abril 13 de 2017 ,09/05/2017,,,Sí,No,No,Sí,Empalme Parcial,SI,,SI,SI,NO,SI,NO,NO,Sí,"Actividades de integración comunitarias, teniendo en cuenta todos los grupos poblacionales que habitan en el radio de acción "
22/10/2017,90,VEREDA SAN IGNACIO,Vereda San Ignacio ,NO,No especifica,Regular,No especifica,No especifica,No especifica,No especifica,No especifica,"Limpieza y mantenimiento de las vías, Navidad comunitaria ",NO,Sí,Sí,"Mujeres, Hombres, Jóvenes, Adultos, Adultos Mayores",SI,Sí,SI,4,NO,No,"Mejorar la Infraestructura, Mejorar condiciones Medioambientales, Promover la productividad y el emprendimiento., Fortalecer la Convivencia",Brigadas de salud ,,,"Equipo de futbol mayores, Gimnasio en la escuela ",,Mantenimiento de pozos sépticos ,,,,,11,Sí,3,Abril 21 de 2016 ,,,20/08/2016,,,Sí,No,No,Sí,Empalme Parcial,,SI,,SI,,SI,SI,,Sí,"Generando procesos de articulación y convivencia en todas los habitantes de la vereda, en búsqueda de una mejor condición de vida "
13/10/2017,80,BARRIO EL LIMONAR,Carrera 62 B # 58 AA 03,SI,Bueno,Bueno,No especifica,No especifica,No especifica,"Biblioteca,",Bueno,"Tener acercamiento con la comunidad, escuchandola, ",SI,Sí,Sí,"Mujeres, Hombres, Jóvenes, Adultos, Adultos Mayores",SI,Sí,SI,1,SI,No,"Mejorar la Infraestructura, Mejorar condiciones Medioambientales, Mejorar el acceso a los derechos, Fortalecer la Convivencia, INCLUSIÓN SOCIAL",Jornadas de vacunacion,,apoyo a discapacidad y terecera edad,Escuela de futbol,jornadas con el INDER,Cuidado de las quebradas,,,,,16,Sí,5,25 DE OCTUBRE 2017,NO ESTA ACTALIZADO.,MAYO 2017,05/05/2017,,,Sí,Sí,No,Sí,No Empalme,,,,,,,,,Sí,"Tramitar Proyectos, cambiar la imagen de la JAC ANTE LA COMUNDAD, escuchar la comunidad, apoyar iniciativas, incluir la juventud, unir las organiaziones del territorio "
27/11/2017,08,ASOCIACIÓN DE JUNTAS DE ACCIÓN COMUNAL Y JUNTAS DE VIVIENDA COMUNITARIA COMUNA OCHO ASOCOMUNAL 8,cra 26 56-28,SI,Bueno,Bueno,Bueno,No especifica,No especifica,Escuela Fe y Alegria,Bueno,"Asambleas, rendiciones de cuentas, plan de trabajo articulado con 33 jac",SI,Sí,Sí,"Mujeres, Hombres, LGTBI, Adultos, Adultos Mayores, Afrodescendientes, Victimas del conflicto",SI,Sí,SI,5,SI,Sí,"Mejorar la Infraestructura, Mejorar condiciones Medioambientales, Promover la productividad y el emprendimiento., Mejorar el acceso a los derechos, Fortalecer la Convivencia",Cada JAC desarrolla su plan de trabajo,Cada JAC desarrolla su plan de trabajo,Cada JAC desarrolla su plan de trabajo,Cada JAC desarrolla su plan de trabajo,Cada JAC desarrolla su plan de trabajo,Cada JAC desarrolla su plan de trabajo,Cada JAC desarrolla su plan de trabajo,Cada JAC desarrolla su plan de trabajo,,,21,Sí,9,05/10/2017,05/10/2017,05/10/2017,05/10/2017,,,Sí,Sí,Sí,Sí,Empalme Total,SI,SI,SI,SI,SI,SI,SI,SI,Sí,Liderando procesos que benefician la comuna 8
04/11/2017,08,BARRIO EL PINAR,Cra 25A 56E-70,SI,Bueno,Bueno,No especifica,No especifica,No especifica,No especifica,No especifica,Informes de gestion en asambleas y comunidad,SI,Sí,Sí,"Mujeres, Hombres, Jóvenes, Adultos, Adultos Mayores",SI,Sí,SI,5,SI,No,"Mejorar la Infraestructura, Mejorar condiciones Medioambientales, Promover la productividad y el emprendimiento., Mejorar el acceso a los derechos, Fortalecer la Convivencia",Brigadas de salud,"Bienestar social, talleres","Bienestar social,",torneo futbol,"adulto mayor, torneo futbol",manejo de residuos solidos,Bienestar social,Bienestar social,,,10,Sí,3,29/08/2017,15/07/2017,04/05/2016,24/04/2016,,,Sí,Sí,Sí,Sí,No Empalme,NO,NO,NO,NO,NO,NO,NO,NO,Sí,Proyectos trabajo social en pro de la comunidad
30/11/2016,08,BARRIO EL PINAR DEL CERRO,calle 56BC 21-47,SI,Bueno,No especifica,No especifica,No especifica,No especifica,Fe y Alegria,Bueno,"Asambleas, informes de gestion, ejecucion del plan de trabajo",SI,Sí,Sí,"Mujeres, Hombres, Adultos, Adultos Mayores, Afrodescendientes, Victimas del conflicto",SI,Sí,SI,1,NO,Sí,"Mejorar condiciones Medioambientales, Mejorar el acceso a los derechos, Fortalecer la Convivencia","brigadas, salud mascotas",,cudras recreativas,"torneos de futbol, cudras recreativas","torneos de futbol, cudras recreativas","Brigadas de aseo, recoleccion de residuos",,,,,13,Sí,4,25/07/2016,Pendiente de registro en SPC,10/07/2017,10/05/2016,,,Sí,Sí,Sí,Sí,Empalme Total,SI,SI,SI,SI,SI,SI,SI,SI,Sí,"Con la aplicacion del plan de trabajo y cubriendo otras necesidades de la comunidad, buscando siempre mejorar la calidad de vida"
09/12/2017,08,BARRIO LLANADITAS SECTOR  ALTOS DE LA TORRE,Cra 19 56- 90,SI,Bueno,Bueno,No especifica,No especifica,No especifica,No especifica,No especifica,"Acciones comunitarias en pro del desarrollo de la comunidad, rendicion de cuentas, asambleas",SI,Sí,Sí,"Mujeres, Hombres, Jóvenes, Adultos, Adultos Mayores, Victimas del conflicto",SI,No,SI,8,SI,Sí,"Mejorar la Infraestructura, Mejorar condiciones Medioambientales, Promover la productividad y el emprendimiento., Mejorar el acceso a los derechos, Fortalecer la Convivencia",Charlas de salud,tecnicos empresariales,celebracion dias especiales,gimnasia,recreacion inder,convites de aseo,charlas de paz,desarrollo talentos,,,14,Sí,3,No presento libros,No presento libros,No presento libros,,Actas No presento libros,,Sí,Sí,Sí,Sí,Empalme Parcial,NO,NO,NO,NO,NO,NO,NO,NO,Sí,Mejorando la infraestructura y mitigacion de riesgos
12/12/2017,08,BARRIO VILLATINA,Cra 16 N°56B-08,SI,Bueno,Bueno,No especifica,No especifica,No especifica,No especifica,No especifica,"Asamblea, rendicion de cuentas, actividades",NO,Sí,Sí,"Mujeres, Hombres, LGTBI, Jóvenes, Adultos, Adultos Mayores, Victimas del conflicto, Infancia de hip hop",NO,No,NO,formulación y gestión de proyectos,NO,Sí,Mejorar condiciones Medioambientales,,,,Torneos,Recreando cuadras recreativas,Escobitas,,Grupo infantil de hip hop,,,13,Sí,3,18/01/2010 no lo presento fisico,No tienen,22/07/2014 no lo presento fisico,28/03/2014,,,Sí,Sí,Sí,Sí,Empalme Total,SI,SI,SI,SI,SI,SI,SI,SI,Sí,en pro de mejorar la vida en villatina
23/11/2017,08,BARRIO LLANADITAS,Calle 59B 19-31,SI,Bueno,Bueno,Bueno,Bueno,Bueno,"vision mundial, amor genuino",Bueno,"Actividades de desarrollo social y comunitario, actividades de salud, actividades ludicas, deportivas y recreativas",SI,Sí,Sí,"Mujeres, Hombres, LGTBI, Jóvenes, Adultos, Adultos Mayores, Afrodescendientes, Victimas del conflicto",SI,Sí,SI,5,SI,Sí,"Mejorar la Infraestructura, Mejorar condiciones Medioambientales, Promover la productividad y el emprendimiento., Mejorar el acceso a los derechos, Fortalecer la Convivencia",jornadas de salud,"cursos de baile, teatro, danza moderna, grafitis, fotografia; cursos varios, del sena y confecciones",celebracion dias especiales,grupos de deporte,"cursos de baile, teatro, danza moderna, grafitis, fotografia",brigadas medioambientales,"cursos de baile, teatro, danza moderna, grafitis, fotografia","cursos de baile, teatro, danza moderna, grafitis, fotografia;celebracion dias especiales",,,18,Sí,7,19/03/2017,25/06/2017,20/10/2017,19/09/2017,,,Sí,Sí,Sí,Sí,Empalme Total,SI,SI,SI,SI,SI,SI,SI,SI,Sí,"El presidente de la jac muestra su barrio, observa las diferentes problematicas y busca soluciones para una mejora continua en su comunidad"
27/11/2017,08,BARRIO VILLA LILIAM PARTE BAJA,cra 8A 54-50,SI,Regular,Regular,No especifica,Bueno,No especifica,No especifica,No especifica,"Recorridos, actividades de acuerdo a las fechas de la festividad, convites, capacitaciones, restaurante 3ra edad",NO,Sí,Sí,"Mujeres, Hombres, Jóvenes, Adultos, Adultos Mayores",NO,No,SI,3,SI,No,"Mejorar la Infraestructura, Mejorar condiciones Medioambientales",,capacitaciones,celebracion dias especiales y festividades,"Equipo de futbol, actividades inder",,recoleccion de basuras,,,,,16,Sí,5,16/04/2017,No tienen,06/02/2017,10/07/2017,,,Sí,No,Sí,Sí,No Empalme,NO,NO,NO,NO,NO,NO,NO,NO,Sí,"Se genera empleo para 8 madres cabeza de familia, actividades ludicas, alimentacion adulto mayor."
26/11/2017,08,VILLA LILLIAM LAS ESTANCIAS,Calle 57B  7-5 Interior 110,SI,Bueno,Bueno,No especifica,No especifica,No especifica,Fundacion golondrinas,Bueno,"Rendiciones de cuentas, informes adtivos-corporativos-juridicos-ejecucion-gestion, asambleas, actividades de integracion con la comunidad",SI,Sí,Sí,"Mujeres, Hombres, Jóvenes, Adultos, Adultos Mayores",SI,Sí,SI,4,SI,No,"Mejorar la Infraestructura, Mejorar condiciones Medioambientales, Mejorar el acceso a los derechos, Fortalecer la Convivencia",jornadas de salud,cursos manualidades,cursos de convivencia,grupo deportes,,convites de aseo,cursos de convivencia,cursos de convivencia,,,15,Sí,5,09/08/2017,07/03/2016,21/10/2017,20/06/2017,,,Sí,Sí,Sí,Sí,Empalme Total,SI,SI,SI,SI,SI,SI,SI,SI,Sí,Mejorando la calidad de vida del sector
24/11/2017,08,BARRIO VILLA TURBAY,Cra 4 55F-46,SI,Regular,Bueno,No especifica,No especifica,Bueno,Metro,Bueno,"Asambleas, actividades comunitarias",SI,Sí,Sí,"Mujeres, Hombres, Jóvenes, Adultos, Adultos Mayores, Afrodescendientes, Victimas del conflicto, Población en Situación de Discapacidad",SI,Sí,NO,formulación y gestión de proyectos,SI,Sí,"Mejorar la Infraestructura, Mejorar condiciones Medioambientales, Mejorar el acceso a los derechos, Fortalecer la Convivencia",Brigadas de vacunacion,"cursos de ingles y portugues,Brigada de empleo","integracion dia del niño-padre-madre,Brigada de empleo",campeonato de futbol,"integracion dia del niño-padre-madre,campeonato de futbol",Brigada de limpieza,Brigada de empleo,integracion dia del niño-padre-madre,,,16,Sí,5,31/08/2017,31/08/2017,31/10/2017,15/10/2017,,,Sí,Sí,Sí,Sí,No Empalme,SI,NO,SI,SI,SI,SI,SI,SI,Sí,"En el mejoramiento de la calida de vida, salud, educacion de los habitantes del barrio. Desarrollo urbano del barrio y la interaccion permanente con la comunidad"
05/10/2017,50,JAC Vereda Potrera,Miserengo ,SI,Regular,Bueno,No especifica,No especifica,No especifica,No especifica,No especifica,"Navidad comunitaria, semana de la convivencia, mantenimiento de las vías, recreación y deporte ",SI,Sí,Sí,"Mujeres, Hombres, Jóvenes, Adultos, Adultos Mayores",SI,Sí,SI,4,SI,Sí,"Mejorar la Infraestructura, Mejorar condiciones Medioambientales, Fortalecer la Convivencia",Copaco y mesa de salud cortodoncia preventiva. ,,,,"Toma recreodeportiva, grupo danza ",,,Escuela de porrismo,,,13,Sí,3,Abril 01 de 2017 ,,Septiembre de 2017 ,01/10/2017,,,Sí,Sí,No,Sí,Empalme Parcial,,,SI,SI,NO,,NO,SI,Sí,"Ejecutando el plan de trabajo acorde al plan de desarrollo local, el cual se articula con toda la comunidad del sector  "
14/10/2017,50,JAC Vereda Volcana ,Guayabal ,SI,Regular,Bueno,No especifica,No especifica,No especifica,No especifica,No especifica,"Convites, bingos, asambleas, navidad comunitaria ",NO,Sí,Sí,"Mujeres, Hombres, Jóvenes, Adultos, Adultos Mayores",SI,Sí,SI,1,SI,No,"Mejorar la Infraestructura, Mejorar condiciones Medioambientales, Promover la productividad y el emprendimiento., Mejorar el acceso a los derechos, Fortalecer la Convivencia",Brigada de vacunacion ,,,,,,,,,,14,Sí,4,Abril de 2017 ,Marzo de 2014 ,Diciembre 28 de 2013 ,,,,Sí,No,No,Sí,Empalme Parcial,NO,,NO,,NO,,NO,,Sí,Desarrollando procesos de articulación comunitaria para mejorar las condiciones de vida 
20/10/2017,50,PALMITAS PARTE CENTRAL,Calle  20 nº35-103 ,SI,Bueno,Bueno,No especifica,No especifica,No especifica,No especifica,No especifica,"Se brindan espacios en la sede social para la realización de actividades agendadas por los diferentes grupos poblacionales, asambleas estatutarias, navidad comunitaria, día de la familia entre otros. ",SI,Sí,Sí,"Mujeres, Hombres, Jóvenes, Adultos, Adultos Mayores",SI,Sí,SI,7,SI,Sí,"Mejorar la Infraestructura, Mejorar condiciones Medioambientales, Mejorar el acceso a los derechos, Fortalecer la Convivencia",Promoción y prevención del embarazo a corta edad ,,,Campeonatos de fútbol salón y micro fútbol recreados con el INDER ,Campeonatos de fútbol salón y micro fútbol recreados con el INDER ,,,,TIC ,Promoción de las TIC  en los telecentros ,No responde ,No,No aplica,Abril 14 de 2016 ,Abril 8 de 2011,Agosto 21 de 2017 ,,,,No,Sí,No,Sí,Empalme Parcial,NO,NO,NO,NO,NO,NO,NO,NO,Sí,"Con la articulación de los grupos poblacionales del radio de acción, con la articulación de buena parte de la oferta institucional de la alcaldía de Medellin "
20/10/2017,50,VEREDA LA ALDEA,No especifica,SI,Bueno,Bueno,No especifica,No especifica,No especifica,No especifica,No especifica,"Buena comunicación con los habitantes del sector, brigadas, convites, asambleas.  ",SI,Sí,Sí,"Mujeres, Hombres, Jóvenes, Adultos, Adultos Mayores",SI,Sí,SI,5,SI,Sí,"Mejorar la Infraestructura, Mejorar condiciones Medioambientales, Fortalecer la Convivencia","Brigadas de salud visual, medicina general, odontología ",,Actividades en tomas pedagógicas de inclusión social ,,,"Tratamiento de posos sépticos, mantenimiento de alcantarillado ",,,,,14,Sí,3,Septiembre 8 de 2016 ,Mayo 15 de 2016,Octubre 19 de 2017,24/06/2017,,,Sí,Sí,No,Sí,Empalme Parcial,SI,SI,,,,,,,Sí,Inciden con su gestión dando participación e inclusión a toda la comunidad y grupos poblacionales de la vereda.
05/10/2017,50,VEREDA LA FRISOLA,vereda la frisola ,SI,No especifica,Regular,No especifica,No especifica,No especifica,No especifica,No especifica,"Navidad comunitaria, mantenimiento permanente del acueducto veredal roceria de la carretera ",NO,Sí,Sí,"Mujeres, Hombres, Jóvenes, Adultos, Adultos Mayores, Afrodescendientes, Victimas del conflicto",SI,Sí,SI,2,SI,No,"Mejorar la Infraestructura, Mejorar condiciones Medioambientales, Promover la productividad y el emprendimiento., Mejorar el acceso a los derechos, Fortalecer la Convivencia",,,,,,"Mantenimiento del acueducto veredal, mantenimiento a la vía de acceso a la vereda ",,,,,10,No,No aplica,No responde ,,Septiembre 20 de 2017 ,,,,Sí,No,No,Sí,Empalme Parcial,SI,NO,NO,NO,NO,NO,NO,NO,Sí,Mejorando las condiciones de vida de los casi habitantes del radio acción  
07/10/2017,50,VEREDA LA SUCIA - MORRÓN,No especifica,SI,No especifica,Bueno,No especifica,No especifica,No especifica,No especifica,No especifica,"Navidad comunitaria, Integración día de las madres ",SI,Sí,Sí,"Mujeres, Hombres, Jóvenes, Adultos",SI,Sí,SI,1,SI,No,"Mejorar la Infraestructura, Mejorar condiciones Medioambientales, Promover la productividad y el emprendimiento., Fortalecer la Convivencia",,,,,,"Arborizacion en cuencas y nacimientos de agua, arreglo de caminos ",,,,,No responde ,No,No aplica,No responde ,Agosto 21 de 2003 ,Octubre 03 de 2016 ,23/09/2017,,,Sí,No,No,Sí,Empalme Parcial,SI,SI,,,,,NO,NO,Sí,"Generando procesos sociales, económicos y de articulación con toda la comunidad "
10/10/2017,50,VEREDA LA SUIZA,Vereda la suiza ,NO,Regular,Regular,No especifica,No especifica,No especifica,No especifica,No especifica,"Navidad comunitaria, bingo, articulación con el INDER,  articulación con otras secretarias de la alcaldía de Medellin",NO,Sí,Sí,"Mujeres, Hombres, Jóvenes, Adultos, Adultos Mayores",SI,Sí,NO,formulación y gestión de proyectos,NO,Sí,"Mejorar la Infraestructura, Mejorar condiciones Medioambientales, Fortalecer la Convivencia",,Se articula la JAC  con el proceso educativo de la escuela la suiza ,,Se articulan procesos recreo-deportivos con el INDER ,Se articulan procesos recreo-deportivos con el INDER ,,,,,,15,Sí,4,Abril 02 de 2017 ,,No tienen libros de tesorería ,17/09/2017,,,Sí,No,No,Sí,No Empalme,,,,,,,,,Sí,"Se han generado espacios de diálogos con la comunidad para que participen en el proceso comunal, pero la participación es muy baja "
20/10/2017,50,VEREDA LA URQUITA,No especifica,SI,Regular,Bueno,No especifica,No especifica,No especifica,No especifica,No especifica,Asambleas,NO,Sí,Sí,"Mujeres, Hombres, Jóvenes, Adultos Mayores",SI,Sí,SI,5,SI,Sí,"Mejorar la Infraestructura, Mejorar condiciones Medioambientales",,,,,,,,,,,11,Sí,2,Mayo 05 de 2017,,Septiembre 11 de 2017,20/10/2017,,,Sí,Sí,No,Sí,Empalme Total,SI,SI,SI,SI,SI,SI,SI,SI,Sí,Articulando procesos sociales con los habitantes de la Vereda.
26/12/2017,12,BARRIO LA AMÉRICA,CALLE 44A N° 89-52,SI,Bueno,Bueno,No especifica,No especifica,No especifica,No especifica,No especifica,"Actividades de sensibilización y construcción de confianza, a través de eventos culturales, ambientales, de salud y promoción de los proyectos de Presupuesto Participativo (PP)",NO,Sí,Sí,"Mujeres, Hombres, LGTBI, Jóvenes, Adultos, Adultos Mayores, Población en Situación de Discapacidad",SI,Sí,SI,2,SI,Sí,"Mejorar la Infraestructura, Mejorar condiciones Medioambientales, Promover la productividad y el emprendimiento., Mejorar el acceso a los derechos, Fortalecer la Convivencia","Jornadas de vacunación, participación en el COPACO, auxilio para gafas y prótesis",Promoción del fondo camino a la educación Superior Sapiencia y fondo EPM. Capacitación en los Telecentros,,Apoyo a las actividades deportivas,,,,"Feria Cultural y Gastronómica, rotación agenda cultural",,,14,Sí,3,01/08/2016,Marzo de 2017,30/06/2017,17/05/2017,,,Sí,No,Sí,Sí,Empalme Total,NO,NO,NO,NO,NO,SI,NO,NO,Sí,Cuando se trae oferta institucional a los diferentes grupos poblacionales: Sapiencia- Salud- Deportes-Cultura.
22/09/2017,07,URBANIZACIÓN LUIS LÓPEZ DE MESA,cl 74# 83-04,SI,Bueno,Bueno,No especifica,No especifica,No especifica,No especifica,No especifica,"realizacion de asambleas, encuentros sociales, celebraciones especiales, talleres",SI,Sí,Sí,"Mujeres, Hombres, LGTBI, Jóvenes, Adultos, Adultos Mayores, Victimas del conflicto, Población en Situación de Discapacidad",SI,Sí,SI,10,SI,Sí,"Mejorar la Infraestructura, Mejorar condiciones Medioambientales, Promover la productividad y el emprendimiento., Mejorar el acceso a los derechos, Fortalecer la Convivencia",salud visual,,charlas para la mujer,equipo de futbol apoyado,salida recreativas,huerta,,,,,14,Sí,4,22/09/2017,07/06/2016,31/08/2017,17/09/2017,,,Sí,Sí,No,Sí,Empalme Total,SI,SI,SI,SI,SI,NO,SI,SI,Sí,"por medio de realizacion de diferentes actividades, conexión o puente con programas de la alcaldía, préstamo de espacio"
20/09/2017,05,URBANIZACIÓN PLAZA COLÓN,CR 63C No 110-09,NO,Regular,No especifica,No especifica,No especifica,No especifica,No especifica,No especifica,"ACTIVIDADES DE ASEO COMUNITARIO, ACTIVIDADES CULTURALES, ACTIVIDADES LUDICO DEPORTIVAS CON LOS NIÑOS DEL BARRIO, ",SI,Sí,Sí,"Mujeres, Hombres, Jóvenes, Adultos Mayores",SI,Sí,SI,2,NO,Sí,"Mejorar la Infraestructura, Mejorar condiciones Medioambientales",JORNADAS DE VACUNACION ,,,,"FESTIVAL DE LOS NIÑOS, Y ADULTO MAYOR ",,,,,,12,Sí,5,18-08-2017,,16-09-2017,13/03/2017,,,Sí,Sí,No,Sí,Empalme Parcial,SI,NO,SI,NO,NO,NO,NO,NO,Sí,CON LAS ACCIONES QUE SE REALIZAN PARA ATENDER LAS PROBLEMÁTICAS DEL BARRIO   
21/09/2017,07,URBANIZACIÓN LOS POMOS I,cll 76b # 90-32,SI,No especifica,No especifica,No especifica,No especifica,No especifica,Placa polideportiva,Regular,"asambleas, festivales, recreando, celebracion de fechas especiales",SI,Sí,Sí,"Mujeres, Hombres, Jóvenes, Adultos, Adultos Mayores",SI,Sí,NO,formulación y gestión de proyectos,SI,No,"Mejorar la Infraestructura, Mejorar condiciones Medioambientales, Mejorar el acceso a los derechos","convocatoria gafas, prótesis",,,Torneos de micro,Salidas recreativas,,,,,,15,Sí,4, abril 2016,sin regsitro,30 de Agosto 2017,,,,Sí,Sí,No,Sí,Empalme Total,NO,NO,NO,NO,NO,NO,NO,NO,Sí,Generando espacios de dialogo con los habitantes
07/09/2017,07,URBANIZACION VILLAS DE LA CAMPIÑA,cl 65bb # 94b-86,NO,Bueno,No especifica,No especifica,No especifica,No especifica,No especifica,No especifica,asambleas actividades de integración,NO,Sí,Sí,"Mujeres, Hombres, Jóvenes, Adultos, Adultos Mayores",SI,Sí,SI,2,NO,No,"Mejorar la Infraestructura, Mejorar condiciones Medioambientales",,,,,,control de basuras-limpieza,,Bingos,,,14,Sí,4,18/08/2016,10/03/2017,no se presentó,13/07/2017,,,Sí,No,No,Sí,Empalme Parcial,SI,NO,NO,SI,NO,NO,NO,NO,Sí,"mejora la calidad de vida de los habitantes, integración con la comunidad, dinamiza acciones de la institucionalidad"
13/09/2017,07,URBANIZACION VILLA FLORA,cl 76eb 82d-37 interior 201,SI,No especifica,Bueno,No especifica,No especifica,No especifica,ESUMER -Universidad,Bueno,No han logrado arrancar debido a problemas internos,NO,Sí,Sí,"Mujeres, Hombres, Adultos, Adultos Mayores, Victimas del conflicto",NO,Sí,NO,formulación y gestión de proyectos,NO,No,"Mejorar la Infraestructura, Mejorar condiciones Medioambientales",,,,,,,,,,,12,No,No aplica,no se aportó,no se aportó,"no se aportó, la señora tesorera aun no recibe los libros",13/07/2017,,,No,No,No,Sí,No Empalme,SI,SI,SI,SI,SI,SI,SI,SI,No,El técnico social no manifiesta observaciones.
12/10/2017,07,URBANIZACION VILLAS DE LA CAMPIÑA,calle 64a # 94b-06,SI,No especifica,No especifica,No especifica,No especifica,No especifica,No especifica,No especifica,Esta vigencia no se han realizado acciones,NO,Sí,Sí,"Mujeres, Hombres, Jóvenes, Adultos, Afrodescendientes",SI,Sí,SI,5,NO,No,Fortalecer la Convivencia,,,,,,,,,,,12,Sí,4,pendiente,pendiente,pendiente,,,,Sí,Sí,No,Sí,No Empalme,SI,SI,NO,SI,SI,SI,SI,SI,No,En la vigencia 2017 no han incidido
18/09/2017,70,VEREDA AGUAS FRÍAS PARTE ALTA,Vereda Aguas Frias,SI,Bueno,No especifica,No especifica,No especifica,No especifica,No especifica,No especifica,"Convites, Asambleas, Reuniones Informativas, actividades ludicas, paseos, deportes, decentralización de la JAC por sector, informes de gestión, refrigerios.",SI,Sí,Sí,"Mujeres, Hombres, Jóvenes, Adultos, Adultos Mayores, Victimas del conflicto",SI,Sí,SI,11,SI,No,"Mejorar la Infraestructura, Mejorar condiciones Medioambientales, Promover la productividad y el emprendimiento., Mejorar el acceso a los derechos, Fortalecer la Convivencia",gafas y prótesis.,artes plásticas,"apoyo a las abuelas, decentralización de sectores,",," paseos, bingos",caminatas de reconocimiento de quebradas. y convites.,,,,,10,Sí,3,12/05/2017,,,24/08/2017,,,Sí,No,No,Sí,No Empalme,NO,NO,NO,NO,NO,NO,NO,NO,Sí,Mejorando la calidad de vida de los asociados.
09/09/2017,60,SECTOR EL BOQUERÓN,Vereda Boqueron,SI,Bueno,Bueno,No especifica,No especifica,No especifica,Iglesia,Bueno,"Asambleas, planes de trabajo, limpieza cuencas, convites, semilleros, celebración días de la familia, la virgen, navidad",SI,Sí,Sí,"Mujeres, Hombres, Jóvenes, Adultos, Adultos Mayores",SI,Sí,SI,2,SI,No,"Mejorar la Infraestructura, Mejorar condiciones Medioambientales, Promover la productividad y el emprendimiento., Mejorar el acceso a los derechos, Fortalecer la Convivencia",Promocion y prevencion,Cursos de ingles,Discapacidad,Torneos y justas,Semillero,"Reforestacion, eco huertas, semillas",,canto y trueque de libros,"Eventos religiosos, huertas ecologicas","Celebración del día de la virgen, día de la familia, navidad, día del campesino",14,Sí,4,05/04/2017,03/02/2017,08/09/2017,07/08/2017,,,Sí,Sí,Sí,Sí,Empalme Total,SI,SI,SI,SI,SI,SI,SI,SI,Sí,"Generando oportunidades de progreso a los habitantes de la vereda en varios ámbitos como: acceso a la educación, cultura, recreacion,  participación del campesino en el mejoramiento del habitat corrigemental"
18/09/2017,80,VEREDA ASTILLEROS,"Sede Social, vereda Astillero.",NO,Bueno,Bueno,No especifica,No especifica,No especifica,VIAS RURALES,Regular,"Integración de la comunidad, Convites para el mantenimiento de las vías,  y Asambleas",SI,Sí,Sí,"Mujeres, Hombres, Jóvenes, Adultos, Adultos Mayores",SI,Sí,SI,6,SI,Sí,"Mejorar la Infraestructura, Mejorar condiciones Medioambientales, Promover la productividad y el emprendimiento., Mejorar el acceso a los derechos, Fortalecer la Convivencia",Botiquín comunal,cursos de capcitación a la comunidad con diferentes organizaciones,"Apoyo a personas en situación de discapacidad, y Mujeres, SALIDAS RECERATIVAS",Torneos deportivos con el INDER,Actividades recreativas con el INDER.,cuidado de las microcuencas y acueductos. manejo de basuras.,,,,,14,Sí,3,Abril del 2016,JULIO 2017,JULIO 2017,15/08/2017,,,Sí,No,No,Sí,No Empalme,,,,,,,,,Sí,"estar pendientes de lo que pasa en la vereda, ayuda mutua cuando se requiere,  transmitir la información que se recibe a la comunidad.  "
14/09/2017,60,VEREDA EL CARMELO,Vereda el Carmelo,SI,Bueno,Bueno,No especifica,No especifica,No especifica,"Capilla, Convento",Bueno,"Asambleas, actividades en salud, cultura, recreación, turismo, seguridad, crecimiento personal",SI,Sí,Sí,"Mujeres, Hombres, Jóvenes, Adultos, Adultos Mayores",SI,Sí,SI,1,NO,Sí,"Mejorar condiciones Medioambientales, Mejorar el acceso a los derechos, Fortalecer la Convivencia","Promoción y prevención, vacunacion peros y gatos, esterilizacion",,Campesino,,,Agroturismo,Actividades con los grupos católicos que hay en la vereda,Actividades con la biblioteca,Seguridad,Actividades conjuntas con la Policía para el cuidado de la vereda,14,Sí,3,24/04/2016,23/06/2017,04/08/2017,04/06/2017,,,Sí,Sí,No,Sí,Empalme Total,SI,SI,SI,SI,SI,SI,SI,SI,Sí,"En el mejoramiento de calidad de vida de los jóvenes, implementando actividades conjuntas con las comunidades religiosas encaminadas al crecimiento personal, generando oportunidades de empleo por medio del agroturismo"
24/08/2017,60,VEREDA EL LLANO,Vereda el Llano,NO,Bueno,Bueno,No especifica,No especifica,No especifica,Iglesia,Bueno,"Asambleas, convites comunitarios, integraciones navideñas",SI,Sí,Sí,"Mujeres, Hombres, Jóvenes, Adultos, Adultos Mayores, Campesinos",SI,Sí,NO,formulación y gestión de proyectos,NO,Sí,"Mejorar la Infraestructura, Mejorar condiciones Medioambientales, Fortalecer la Convivencia","Promocion y Prevencion: anteojos, protesis y ortodoncia. Jornadas vacunacion mascotas",Becas con PP y Sapiencia,Actividades con los campesinos,,,"Limpieza de cuencas, reparto de abono para el campo, mantenimiento de vias y andenes",,,Infraestructura,Construcción de muro de contension,16,Sí,5,30/07/2017,,17/08/2017,30/07/2017,,,Sí,No,No,Sí,Empalme Total,SI,SI,SI,SI,SI,SI,SI,SI,Sí,"En el impacto ambiental con el cuidado de las cuencas hidrograficas, cuidado de cultivos, limpieza de andenes, recoleccion residuos solidos. Promocion y prevencion, educacion para el campesino"
07/09/2017,60,VEREDA EL PATIO,Vereda el Patio,SI,No especifica,Bueno,No especifica,No especifica,No especifica,No especifica,No especifica,"Asambleas, convites, entrega insumos agrícolas, promoción fiestas del campesino, promoción campañas en contra de tala de arboles",SI,Sí,Sí,"Mujeres, Hombres, Jóvenes, Adultos, Adultos Mayores",SI,Sí,SI,1,SI,No,"Mejorar la Infraestructura, Mejorar condiciones Medioambientales, Mejorar el acceso a los derechos",Promoción y prevencion,,"Campesinado, adulto mayor",,Fútbol jóvenes y niños,"Campañas de limpieza, gestión vigilancia y control de poda de arboles, limpieza cuencas, vigilancia construcción de viviendas",,,Transporte,Gestión de transporte para la vereda,15,Sí,3,13/08/2017,07/05/2017,07/05/2017,29/05/2017,,,Sí,No,No,Sí,Empalme Total,,,SI,SI,SI,SI,SI,SI,Sí,Incide positivamente en la recuperación de los derechos de los campesinos a tener un mejor habitat y que se reconoza la importancia del campesino en los procesos agrícolas y medio ambientales
15/09/2017,60,VEREDA EL PICACHO SECTOR EL PARAISO NO.1,Vereda Paraiso 1,SI,No especifica,No especifica,No especifica,No especifica,No especifica,No especifica,No especifica,"Convites comunitarios, mesa de trabajo",SI,Sí,Sí,"Mujeres, Hombres, Jóvenes",NO,No,NO,formulación y gestión de proyectos,NO,No,"Mejorar la Infraestructura, Mejorar el acceso a los derechos",,,,,,,,,Infraesturctura,"Pavimentación de vías, gestion para obtener agua potable y luz",11,Sí,3,09/10/2016,,,27/08/2017,,,Sí,No,No,No,Empalme Total,SI,SI,SI,SI,SI,SI,SI,SI,Sí,"Mejoramiento de calidad de vida por medio de obras de infraestructura como adecuación de vías y cunetas, tutelas para el abastecimiento de agua potable"
27/09/2017,90,VEREDA EL PLAN,Vereda El Plan ,SI,Bueno,Bueno,No especifica,No especifica,No especifica,No especifica,No especifica,"trabajo en PL y PP, Brigadas, Convites, Torneos deportivos, mejoramiento ambiental",SI,Sí,Sí,"Mujeres, Hombres, Jóvenes, Adultos, Adultos Mayores",SI,Sí,SI,3,SI,Sí,"Mejorar la Infraestructura, Mejorar condiciones Medioambientales, Promover la productividad y el emprendimiento., Fortalecer la Convivencia",Brigadas de salud,Promoción a la educación superior,,Torneos,,,,,,,14,Sí,3,26/03/2017,29/06/2017,28/08/2017,30/08/2017,,,Sí,No,No,Sí,Empalme Parcial,NO,SI,NO,NO,NO,NO,NO,SI,Sí,"buen proceso social, debido al trabajo de articulación"
22/09/2017,80,VEREDA EL PRADITO PARTE ALTA,DIG 60D Nro 41 C Sur -59 CDS PRADITO.. ,SI,No especifica,Regular,Bueno,No especifica,No especifica,No especifica,No especifica,"Obras de Infraestructura como andes, Jornadas de integración y campañas de aseo",SI,Sí,No,"Mujeres, Hombres, Jóvenes, Adultos, Adultos Mayores",SI,Sí,SI,2,SI,No,"Mejorar la Infraestructura, Mejorar condiciones Medioambientales, Promover la productividad y el emprendimiento., Mejorar el acceso a los derechos, Fortalecer la Convivencia"," Motivar la comunidad a participar en las convocatorias de PP en tamizaje Visual,  Vacunación, ",gestión de becas en educación superior para los jóvenes. ,"Vida  Digna, ",,"Apoyo a los recreandos del barrio, ","Manejo de residuos sólidos, y de cuencas de quebradas. ",,,,,14,Sí,5,MAYO DEL  2017,25 de mayo del  2017,"en Blanco, no hay registros",06/08/2017,,,Sí,Sí,No,Sí,No Empalme,,,,,,,,,Sí,"Participar en actividades de PP, Escuchar la Comunidad, Participar en SER CAPAZ, Relación con las Autoridades, Integrar y articular la Comunidad. Gestión con diferentes Secretarias del municipio."
14/09/2017,70,JAC VEREDA EL REPOSO,Vereda El Reposo,NO,Bueno,No especifica,No especifica,No especifica,No especifica,No especifica,No especifica,"Informes, actividades deportivas y recreativas cada 8 días, paseos ( Días de sol), brigadas de salud, convites de limpieza.",NO,Sí,Sí,"Mujeres, Hombres, Jóvenes, Adultos, Adultos Mayores",SI,Sí,SI,7,SI,Sí,"Mejorar la Infraestructura, Mejorar condiciones Medioambientales, Mejorar el acceso a los derechos, Fortalecer la Convivencia","Protesis, ortodoncia, monturas y lentes (PL y PP),",,,torneo de ajadrez,"salidas de sol , actividades recreativas",vacunación de mascotas,,,,,14,Sí,3,,,01 de sept de 2017,30/06/2017,,,Sí,Sí,No,Sí,Empalme Total,NO,SI,SI,SI,SI,NO,SI,NO,Sí,"Mejoramiento de vías, limpieza, transporte escolar, alumbrados públicos, en general mejorando la calidad de vida."
18/09/2017,80,VEREDA EL SALADO,SEDE COMUNAL VEREDA EL SALADO,SI,Regular,Regular,No especifica,No especifica,No especifica,No especifica,No especifica,"Convites en la vía, Informar a la comunidad de diferentes convocatorias y oportunidades.",NO,Sí,Sí,"Mujeres, Hombres, Jóvenes, Adultos, Adultos Mayores",SI,Sí,SI,2,NO,Sí,"Mejorar la Infraestructura, Mejorar condiciones Medioambientales, Promover la productividad y el emprendimiento., Mejorar el acceso a los derechos, Fortalecer la Convivencia",Campaña de tamisaje visual y prótesis  dental y vacunación,,prótesis  dental.,Torneos deportivos,Torneos deportivos,"Producción limpia,   hurtas caseras, ",,,ACUEDUCTOS.VIAS,"Mantenimiento y mejoramiento del acueducto,  Roseria de la vía.",14,Sí,3,abril del  2016,No hay.,No lo llevan,24/04/2016,,,Sí,Sí,No,Sí,No Empalme,,,,,,,,,Sí,"PARTICIPACIÓN LAS DIFERENTES CONVOCATORIAS DE LA ALCALDIA, GESTIÓN CON ENTES EXTERNOS, Y TOMA DE DECISIONES. "
12/08/2017,60,VEREDA EL UVITO,vereda el uvito,NO,No especifica,No especifica,No especifica,No especifica,No especifica,No especifica,No especifica,"Mejoramiento de vías, fumigacion cultivos, asambleas comunitarias",SI,Sí,Sí,"Mujeres, Hombres, Jóvenes, Adultos, Adultos Mayores",SI,Sí,NO,formulación y gestión de proyectos,NO,No,"Mejorar la Infraestructura, Mejorar condiciones Medioambientales",Programas de prevencion y promocion de PP,,,,Fiesta recreativa con los niños,"Limpieza de vias, fumigacion, limpieza cuencas hidrograficas",,,,,9,Sí,3,08/07/2017,08/08/2017,02/06/2017,10/06/2017,,,Sí,No,No,Sí,Empalme Total,SI,SI,SI,SI,NO,NO,NO,NO,Sí,Mejoramiento de medio ambiente con limpieza de quebradas y tiene impacto de acuerdo al programa de promocion y prevencion
31/08/2017,60,VEREDA EL YOLOMBO,Vereda el Yolombo,NO,No especifica,No especifica,No especifica,No especifica,No especifica,Capilla,Regular,"Convites comunitarios, construcción capilla, asambleas informativas y de elecciones",SI,Sí,Sí,"Mujeres, Hombres, Jóvenes, Adultos, Adultos Mayores, Campesinos",SI,Sí,SI,1,SI,No,"Mejorar la Infraestructura, Mejorar condiciones Medioambientales, Mejorar el acceso a los derechos, Fortalecer la Convivencia","Promoción y prevención, vacunacion niños y adultos mayores","Becas PP Colegio Mayor, ITM, Pascual Bravo",Programa adulto mayor,,Semilleros infantiles,"Deposito basuras, limpieza cuencas",,,Campesino,"Reparto de abonaza, semillas y construccion tanques de agua",14,Sí,3,10/08/2017,,,30/07/2017,El tesorero anterior no ha entregado el libro de tesoreria,,Sí,Sí,Sí,Sí,Empalme Total,SI,SI,NO,,SI,SI,SI,SI,Sí,"Incide en el mejoramiento de la calidad de vida mediante procesos de convivencia, oportunidades de capacitación y recreación a los jóvenes y niños, cuidado del medio ambiente y mejorar mas oportunidades de progreso e inclusión al campesinado"
31/08/2017,60,VEREDA LA ILUSIÓN,Vereda la Ilusion,SI,Bueno,No especifica,No especifica,No especifica,No especifica,"Placa Polideportiva, parque infantil",Bueno,"Asambleas informativas, de elecciones, convites navideños, celebración día de la familia, dia del niño, actividades de convivencia con los misioneros",SI,Sí,Sí,"Mujeres, Hombres, Jóvenes, Adultos, Adultos Mayores",SI,Sí,SI,2,SI,No,"Mejorar la Infraestructura, Mejorar condiciones Medioambientales, Fortalecer la Convivencia",Promocion y prevencion,Becas PP,Programa adulto mayor,Campeonatos infantiles y juveniles,Recreacion con el INDEER,Cuidado y limpieza de cuencas,,,Transporte,Se consiguió por medio de la junta transporte escolar,7,Sí,2,13/05/2017,,20/08/2017,04/06/2017,,,Sí,Sí,No,Sí,Empalme Total,SI,SI,SI,SI,SI,SI,SI,SI,Sí,"Incide de manera positiva en el cuidado del medio ambiente mediante campañas de limpieza de cuencas y manejo de residuos sólidos, en actividades de convivencia y reflexión con las comunidades religiosas y con las familias del sector que ayudan al crecimiento personal y emocional de jóvenes y adultos"
14/09/2017,80,VEREDA LA LOMA,Calle 37 A Sur Nro 82D - 20,SI,No especifica,No especifica,No especifica,No especifica,No especifica,No especifica,No especifica,PROYECCIÓN SOCIAL A LA COMUNIDAD EN PREVENCIÓN AL CONSUMO DE SI-COACTIVOS.,SI,Sí,Sí,"Mujeres, Hombres, Jóvenes, Adultos",SI,Sí,SI,4,SI,No,"Mejorar la Infraestructura, Mejorar condiciones Medioambientales, Promover la productividad y el emprendimiento., Fortalecer la Convivencia",Apoyar Convocatoria de  Vacunas y lentes,,,,,,,,"Infraestructura- Vías, "," Construcción y Mejoramiento de Andenes, Cunetas, Muros de Contención, Riles",14,Sí,4,18 de agosto de 2017,NO TIENE,01 DE AGOSTO DEL 2016,23/02/2017,,,Sí,Sí,No,Sí,No Empalme,,,,,,,,,Sí,"Movilidad, agua, mejoramiento de vivienda, navidad comunitaria como estrategia para mejorar la convivencia."
17/08/2017,60,VEREDA LA PALMA,Vereda Palma Alta,SI,Bueno,Bueno,No especifica,No especifica,No especifica,Guarderia Buen Comienzo,Bueno,"Asambleas, Publicaciones Facebook, Gestion, Audiencia Publica",SI,Sí,Sí,"Mujeres, Hombres, Jóvenes, Adultos, Adultos Mayores",SI,Sí,SI,2,NO,No,"Mejorar la Infraestructura, Mejorar condiciones Medioambientales, Promover la productividad y el emprendimiento., Mejorar el acceso a los derechos, Fortalecer la Convivencia",Con recursos de PP programas de promoción y prevencion,,Actividades con el grupo adulto mayor grupo infancia misionera y en la capilla,Actividades con el Club deportivo la Palma,Actividades recreativas con el Grupo Adulto Mayor,Limpieza quebradas y residuos solidos,,,"Actividades con Transmaya para organizar lo del transporte a la vereda, Infraestructura para la pavimentación de la via",Actividades con la gerencia de corregimientos,15,Sí,4,15/07/2017,15/05/2017,16/08/2017,21/05/2017,,,Sí,Sí,No,Sí,Empalme Total,SI,SI,SI,SI,SI,SI,SI,SI,Sí,"En mejoramiento de calidad de vida, mejorando las condiciones de transporte, la condición de las vias, acceso a los derechos del campesino, mejoramiento de calidad del medio ambiente participando en procesos como la mesa del medio ambiente, realizando labores de reciclaje y limpieza de quebradas, promoción y prevención en salud"
03/09/2017,80,VEREDA LA VERDE,Carrera 60D Nro 36 Sur - 20,SI,No especifica,Regular,No especifica,No especifica,No especifica,No especifica,No especifica,"Día de la santa Cruz, Semana Santa, Recreación para niños y adultos, Navidad Comunitaria. En general informar y  Movilizar la comunidad entorno a oportunidades.",SI,Sí,Sí,"Mujeres, Hombres, Adultos Mayores, Población en Situación de Discapacidad",SI,Sí,SI,1,SI,No,"Mejorar la Infraestructura, Mejorar condiciones Medioambientales, Promover la productividad y el emprendimiento., Fortalecer la Convivencia","La vacunación para los niños, ",,,Campeonatos de micro.,"Integración con los niños del barrio, el futbol como espectador en las barras, ",Mejoramiento de los acueductos y protección de las microcuencias.,,Apoyo al grupo de danza juvenil.,Sector productivo con la umata,Mejorar la productividad.,4,Sí,3,Agosto del 2017,,,,,,Sí,No,No,Sí,Empalme Total,SI,SI,SI,SI,,,,,Sí,En apoyo a la infraestructura y educación medio ambiente en manejo de residuos sólidos.
14/09/2017,60,VEREDA LAS PLAYAS,Vereda la Playa,NO,No especifica,Bueno,No especifica,No especifica,No especifica,No especifica,No especifica,"Asambleas, convites, limpieza, fomenta la preservación de la agricultura y de la vida rural",SI,Sí,Sí,"Mujeres, Hombres, LGTBI, Jóvenes, Adultos, Adultos Mayores",SI,Sí,SI,2,SI,No,"Mejorar la Infraestructura, Mejorar condiciones Medioambientales, Mejorar el acceso a los derechos, Fortalecer la Convivencia, Campesino",Promocion y prevencion,Becas PP,Campesino y discapacitados,Aerobicos,,"Limpieza cuencas, preservacion arboles",,Dinamizar la cultura campesina,,,14,Sí,3,21/05/2017,,24/12/2014,21/05/2017,,,Sí,Sí,No,Sí,Empalme Total,SI,SI,SI,SI,SI,SI,SI,SI,Sí,"Ayudando al sector rural, dinamizando las temáticas del nodo y buscando mejorar las condiciones de mejoramiento del medio ambiente y el acceso a los derechos del campesinado"
17/09/2017,60,VEREDA LAS PLAYAS PARTE ALTA,Vereda Playa Alta,NO,No especifica,No especifica,No especifica,No especifica,No especifica,No especifica,No especifica,"Asambleas, convites de limpieza, gestion",SI,Sí,Sí,"Mujeres, Hombres, Jóvenes, Adultos Mayores",SI,Sí,NO,formulación y gestión de proyectos,NO,No,"Mejorar la Infraestructura, Mejorar condiciones Medioambientales, Mejorar el acceso a los derechos",,,Participación en mesa agricola y del campesino,,,"Actividades de limpieza cuencas, control corte de arboles y control urbanistico",,,,,11,No,No aplica,09/07/2017,,18/07/2017,30/07/2017,,,Sí,No,No,Sí,Empalme Total,SI,SI,SI,SI,SI,SI,SI,SI,Sí,En procesos de gestion para preservar el medio ambiente.
27/09/2017,90,VEREDA MAZO,Vereda Mazo,SI,Bueno,Bueno,No especifica,No especifica,No especifica,No especifica,No especifica,"Participación Plan de ordenamiento territorial, Plan de desarrollo local, PL y PP, eventos deportivos, articulación campesinos",SI,Sí,Sí,"Mujeres, Hombres, Adultos",SI,Sí,SI,1,NO,No,"Mejorar la Infraestructura, Mejorar condiciones Medioambientales, Mejorar el acceso a los derechos, Fortalecer la Convivencia",,,,TORNEOS DEPORTIVOS,ACTIVIDADES DE RECREACIÓN PARA NIÑOS,MEJORAMIENTO DE POZOS SEPTICOS,,,,,14,Sí,3,18703/2017,2016,04/09/2017,,,,Sí,No,No,Sí,Empalme Parcial,SI,SI,SI,SI,NO,NO,NO,NO,Sí,"mejoramiento ambiental, cultural, socio económico, infraestructura y con esto mejoran lazos de convivencia para mejor progreso comunitario"
17/09/2017,90,VEREDA MAZO SECTOR SAN ROQUE,san roque,SI,No especifica,No especifica,No especifica,No especifica,No especifica,No especifica,No especifica,"jornadas de integración, convites construcción de caminos, navidad comunitaria, Articulación UMATA",NO,Sí,Sí,"Mujeres, Hombres, Jóvenes, Adultos",SI,Sí,SI,2,NO,Sí,"Mejorar la Infraestructura, Mejorar condiciones Medioambientales, Promover la productividad y el emprendimiento.","prótesis, lentes",,,,,,,,,,10,Sí,2,01/10/2016,01/07/2014,31/08/2017,16/08/2017,,,Sí,No,No,Sí,Empalme Parcial,NO,NO,SI,SI,NO,SI,NO,SI,Sí,"mejoramiento de vías, senderos, medio ambiente, recreación y articulación con grupos poblacionales"
03/09/2017,60,VEREDA NARANJAL,Vereda el Naranjal,SI,Bueno,No especifica,No especifica,No especifica,No especifica,No especifica,No especifica,"Asambleas comunitarias, Censo Poblacional, Asambleas con el proyecto del tunel, Recreacion, ",SI,Sí,Sí,"Mujeres, Jóvenes, Adultos, Adultos Mayores",SI,Sí,SI,1,SI,No,"Mejorar la Infraestructura, Mejorar condiciones Medioambientales, Promover la productividad y el emprendimiento., Mejorar el acceso a los derechos, Fortalecer la Convivencia, Campesino",Promocion y prevencion,Capacitacion para la mujer campesina,"Programacion de actividades con la mujer campesina, programa adulto mayor",Inder: Iniciacion deportiva,"Cuadras recreativas, festival de la cometa",Gestión extractor de humos por contaminación del aire por construcción del tunel,Mesa de Derechos Humanos,,Infraestructura,Pavimentación vias,13,Sí,3,19/08/2017,08/07/2017,29/08/2017,27/08/2017,En el momento esta en proceso de inscripción de los cargos faltantes,,Sí,Sí,No,Sí,Empalme Total,SI,SI,SI,SI,SI,SI,SI,SI,Sí,"Incide en el mejoramiento de la infraestructura con la pavimentación de vias, en la convivencia participando activamente en procesos de paz con la mesa de derechos humanos, en el mejoramiento de la calidad de vida articulando actividades de mejoramiento del medio ambiente, participación de la mujer campesina en los diferentes procesos de participación de la mujer, y mejoramiento de calidad de vida del campesino"
31/08/2017,60,VEREDA PAJARITO,Cra 118 N° 64 C 52,SI,Bueno,Bueno,No especifica,No especifica,No especifica,"Iglesia, ludoteka",Bueno,"Asambleas, fiestas patronales, convites, celebración día del niño, día de la memoria histórica, obras de teatro, trueque",SI,Sí,Sí,"Mujeres, Hombres, Jóvenes, Adultos, Adultos Mayores",SI,Sí,SI,1,SI,No,"Mejorar la Infraestructura, Mejorar condiciones Medioambientales, Promover la productividad y el emprendimiento., Mejorar el acceso a los derechos, Fortalecer la Convivencia",Promocion y prevencion,"Becas ITMA, Pascual Bravo, Colegio Mayor",Adulto Mayor,"Juegos tradicionales, futbol",Semilleros INDER,Convites de limpieza,,"Obras de teatro, festival de poesia, trueque",,,14,Sí,3,12/05/2017,,22/08/2017,27/08/2017,,,Sí,Sí,No,Sí,Empalme Total,SI,SI,SI,SI,SI,SI,SI,SI,Sí,"Promoviendo acciones de mejoramiento a la calidad de vida: los programas apuntan a la convivencia e integracion con actividades como el trueque, juegos tradicionales como el trompo, encostalados. Igualdad de oportunidades como el acceso a la educacion y servicios de salud y a la cultura promoviendo actividades como el teatro y la poesia"
14/09/2017,60,PEDREGAL BAJO,Cra 115 N° 66 19,SI,Bueno,Bueno,No especifica,No especifica,No especifica,"Placa Polideportiva, gimnasio al aire libre",Bueno,"Asambleas, actividades recreativas, ludicas, deportivas, sociales y culturales",SI,Sí,Sí,"Mujeres, Hombres, LGTBI, Jóvenes, Adultos, Adultos Mayores",SI,Sí,SI,3,SI,No,"Mejorar la Infraestructura, Mejorar condiciones Medioambientales, Promover la productividad y el emprendimiento., Mejorar el acceso a los derechos, Fortalecer la Convivencia","Talleres cuidadores, promocion y prevencion","Becas PP, capacitación tesorero y conciliadores","Adulto mayor, jovenes, discapacitados, mujeres",Semillero deportivo de microfutbol,Semillero infantil,"Cuidado zonas verdes, limpieza quebradas, recolección excretas",Dialogos por espacios deportivos y sede con la JAC la Aurora,Talleres de lectoescritura,,,14,Sí,3,10/06/2017,,27/08/2017,19/06/2017,,,Sí,Sí,No,Sí,Empalme Total,SI,SI,SI,SI,SI,SI,SI,SI,Sí,"A través de sus estrategias, posibilita la participación por medio de la integración de la comunidad, logrando mayor participación en los procesos que se realizan para el bienestar común de todos los habitantes de la vereda"
16/09/2017,90,VEREDA PIEDRA GORDA,vereda piedra groda,SI,Bueno,Bueno,No especifica,No especifica,No especifica,No especifica,No especifica,"convites, navidad comunitaria, asambleas, articulación con ASOCOMUNAL Santa elena",SI,Sí,Sí,"Mujeres, Hombres, Jóvenes, Adultos, Adultos Mayores",SI,Sí,SI,1,NO,Sí,"Mejorar condiciones Medioambientales, Fortalecer la Convivencia",,defensa de los derechos humanos,,,,cuidado de la microcuenca la chiquero,,,,,14,Sí,4,29/04/2017,,15/09/2017,22/08/2017,,,Sí,No,No,Sí,Empalme Parcial,SI,NO,SI,NO,NO,NO,NO,NO,Sí,"en el mejoramiento ambiental, cultural y deportivo."
14/08/2017,80,VEREDA POTRERITOS,"Vereda Potrerito, sector escuela",NO,No especifica,Bueno,No especifica,No especifica,No especifica,Acueducto,Bueno,"Navidad Comunitaria,   programa de semilleros infantiles para la participación, con la secretaría de Participación Ciudadana",SI,Sí,Sí,"Mujeres, Hombres, Jóvenes, Adultos Mayores",NO,Sí,NO,formulación y gestión de proyectos,SI,No,"Mejorar la Infraestructura, Mejorar condiciones Medioambientales",,,,Torneos recreativos,,producción agropecuaria limpia,,,Infraestructura y participación,"Diseño tanques acueducto veredal,  rescatando tradiciones.",14,No,No aplica,10.04.2016,10.04.2016,10.07.2016,,,,Sí,No,No,Sí,Empalme Total,SI,NO,SI,NO,NO,NO,NO,NO,Sí,"En Generar espacios de integración de la comunidad con  torneos de futbol, romerías comunitarias, con la navidad comunitaria e informar a la comunidad de reuniones que se programen en el territorio con entidades públicas y privadas.-"
01/09/2017,80,VEREDA SAN JOSÉ,Calle 64 sur nro 67 - 02,SI,Regular,Bueno,No especifica,No especifica,No especifica,No especifica,No especifica,"por intermedio del: Semillero ambiental, articulación con el INDER, Tercera edad, día del abuelo y fiesta de la Navidad en Familia.",SI,Sí,Sí,"Mujeres, Hombres, Jóvenes, Adultos, Adultos Mayores, Población en Situación de Discapacidad",SI,Sí,NO,formulación y gestión de proyectos,SI,No,"Mejorar la Infraestructura, Mejorar condiciones Medioambientales, Mejorar el acceso a los derechos, Fortalecer la Convivencia","PROTESIS,",,"DERECHOS DE LOS NIÑOS, APOYO A LAS ACTIVIDADES DE LA TERCERA DAD. FAMILIAS RESILIENTES.",INDER PARTICIPAR EN TORNEOS ,"INDER RECREANDOS, SALIDAS RECREATIVAS, ",MANEJO RESPONSABLE DE RESIDUOS SÓLIDOS. Y CON PROROMEDAL CONSERVACIÓN DE QUEBRADS,,,,SEMILLEO AMBIENTAL,14,Sí,DOS,ABRIL  2016,1 SEPT DEL  2017,1 SEPT DEL  2017,03/03/2017,,,Sí,Sí,No,Sí,Empalme Total,NO,SI,SI,NO,NO,NO,NO,NO,Sí,"AMPLIACIÓN DEL COLEGIO, RECONOCIMIENTO DE LA VEREDA POR LAS INSTITUICIONES PÚBLICAS, "
03/09/2017,60,VEREDA TRAVESIAS,Vereda Travesias,SI,Bueno,Bueno,No especifica,No especifica,No especifica,No especifica,No especifica,"Asambleas comunitarias, programa adulto mayor, costurero comunal, ejecucion proyectos, celebración navideña",SI,Sí,Sí,"Mujeres, Hombres, Jóvenes, Adultos, Adultos Mayores, Victimas del conflicto",SI,Sí,SI,3,SI,Sí,"Mejorar la Infraestructura, Mejorar condiciones Medioambientales, Promover la productividad y el emprendimiento., Mejorar el acceso a los derechos, Fortalecer la Convivencia, Costurero comunal","Brigadas promoción y prevención, programa madres gestantes","Articulación con el programa SER escuela para adultos, programa becas PP","Costurero comunal, programa adulto mayor",Torneos vacacionales,"Semilleros infantiles, actividades con el INDER",Manejo integral de residuos solidos,Participación en las diferentes mesas de trabajo,Participación en la agenda cultural de la biblioteca,,,14,Sí,4,04/12/2016,21/06/2017,31/08/2017,30/07/2017,,,Sí,Sí,Sí,Sí,Empalme Total,SI,SI,SI,SI,SI,SI,SI,SI,Sí,Presentando proyectos que evidencian la excelente labor que cumple la junta en el territorio
27/08/2017,60,VEREDA TRAVESIAS SECTOR PALENQUE,Vereda Travesias Sector Palenque,SI,No especifica,No especifica,No especifica,No especifica,No especifica,No especifica,No especifica,"Actividades de promoción y prevención con recursos de PP, actividades recreativas",SI,Sí,Sí,"Mujeres, Hombres, Jóvenes, Adultos, Adultos Mayores",SI,Sí,SI,1,NO,No,"Mejorar la Infraestructura, Mejorar condiciones Medioambientales","Jornadas de vacunacion, protesis, anteojos ",,,,,,,,,,13,Sí,3,29/05/2016,,27/11/2016,12/11/2016,,,No,No,No,Sí,Empalme Parcial,SI,SI,SI,SI,,,,,Sí,"Mejorando las condiciones del medio ambiente con actividades de reciclaje, actividades de promoción y prevención en salud visual y bucal"
18/09/2017,80,VERGEL SECTOR CANTARRANA,CARRERA 67 A  47 SUR 63  INT 101,NO,No especifica,Bueno,No especifica,No especifica,No especifica,No especifica,No especifica,INFORMAR A LA COMUNIDAD LAS CONVOCATORIAS DE OTRAS ENTIDADES,SI,Sí,Sí,"Mujeres, Jóvenes, Adultos, Adultos Mayores",SI,Sí,NO,formulación y gestión de proyectos,SI,No,"Mejorar la Infraestructura, Mejorar condiciones Medioambientales, Mejorar el acceso a los derechos","Apoyo convocatorias de PP en salud, ",,COORDINACIÓN Y BUEN RELACIONAMIENTO CON LA TERCERA EDAD DEL BARRIO. ,Semillero de FUTBOL.. ,Semillero de FUTBOL.,"BUEN MANEJO DEL ACUEDUCTO Y EL ALCANTARILLADO,. ",,,,Convocatorias de la JAL.. ,14,Sí,4,abril 2016,Julio 2016,Julio  2016,06/12/2017,,,Sí,No,No,Sí,No Empalme,,,,,,,,,Sí,Ser el órgano que representa la comunidad.
25/09/2017,80,VERGEL SUR,CALLE 51 Sur  Parqueadero dos.,NO,Malo,No especifica,No especifica,No especifica,No especifica,IGLESIA EN CONSTRUCCION,Regular,"Trabajo social e integración de la comunidad, Eventos deportivos, asambleas de la JAC, Eventos Culturales, Gestión con las Instituciones públicas y privadas, Derechos de petición, Revaluación del estrato socio económico de las viviendas.",SI,Sí,Sí,"Mujeres, Hombres, Jóvenes, Adultos, Adultos Mayores, Afrodescendientes, Victimas del conflicto",SI,Sí,SI,4,SI,No,"Mejorar la Infraestructura, Mejorar condiciones Medioambientales, Promover la productividad y el emprendimiento., Fortalecer la Convivencia",,,programa cuidadores. e integración de la Comunidad.,"Participar en carreras Atléticas, ","Apoyo a los recreandos, ",,,,OBRAS:,"Senderos peatonales,  Mejoramiento de Vivienda, escenarios deportivos. ",15,Sí,15,12 de julio del  2017,30 de agosto del  2017,30 de agosto del  2017,16/09/2017,,,Sí,Sí,No,Sí,Empalme Parcial,,,,,SI,,,SI,Sí,"Comisiones sectoriales para atender la problemática de la comunidad, Hablar con la gente, dar propuestas para la problemática de los parqueaderos.
Generando Credibilidad ante la comunidad, Impactar con integraciones sociales. La re-evaluación de la estratifican socioeconómica."
22/08/2017,03,BARRIO VERSALLES NRO. 1 PARTE SUR,CL 31A 67 13 (Casa representante Legal),NO,No especifica,Bueno,No especifica,No especifica,No especifica,No especifica,No especifica,La Junta enfatiza mucho en los temas deportivos y de recreación.,NO,No,Sí,"Mujeres, Hombres, Adultos Mayores",SI,Sí,SI,4,SI,No,"Promover la productividad y el emprendimiento., Fortalecer la Convivencia",,,,Fútbol y porrismo,Civilitos y cuadra recreativa.,,,,,,14,Sí,3,16/04/2016,28/08/2016,No lo encontró en el momento de la aplicación de la ficha.,29/01/2017,,,Sí,No,No,Sí,No Empalme,NO,NO,NO,NO,NO,NO,NO,NO,Sí,teniendo en cuenta a la comunidad para los diferentes eventos que realizan
02/10/2017,80,VILLA ANGEL,Calle 39 sur 75B 18,NO,No especifica,No especifica,No especifica,No especifica,No especifica,No especifica,No especifica,"Iniciativas en beneficio de la comunidad, acciones de convivencia en parqueadero, manejo de basuras",NO,Sí,Sí,"Mujeres, Hombres, Adultos",SI,Sí,SI,1,SI,Sí,"Mejorar la Infraestructura, Mejorar condiciones Medioambientales, Promover la productividad y el emprendimiento., Mejorar el acceso a los derechos, Fortalecer la Convivencia",,,,club de futbol,integraciones y salidas,,,Navidad comunitaria y apoyo grupo cultural,,,14,Sí,3,12/12/2009,22/09/2016,,02/08/2017,,,Sí,Sí,No,Sí,Empalme Parcial,SI,SI,NO,SI,,NO,SI,NO,Sí,"cambio de actitud y aptitud de las familias afiliadas, saneamiento de la organización"
22/09/2017,07,BARRIO VILLA CLARET,calle 90 # 93-80 int 131,NO,No especifica,No especifica,No especifica,No especifica,No especifica,No especifica,No especifica,tramitar las necesidades de la comunidad,SI,Sí,Sí,"Mujeres, Hombres, Jóvenes, Adultos, Adultos Mayores, Afrodescendientes, Victimas del conflicto",NO,Sí,NO,formulación y gestión de proyectos,NO,No,"Mejorar condiciones Medioambientales, Fortalecer la Convivencia",,tramite de becas,,,,,,,,,14,Sí,3,abril 2016,,no se evidenció,,,,Sí,Sí,No,Sí,No Empalme,SI,SI,SI,NO,,SI,SI,SI,Sí,Tramitando soluciones básicas
15/09/2017,07,BARRIO VILLA DE LA CANDELARIA,transv 78a #88-06,SI,Bueno,Bueno,No especifica,No especifica,No especifica,Paroquia,Bueno,"participación en distintos espacios, seguimiento a la ejecución de recursos",SI,Sí,Sí,"Mujeres, Hombres, Jóvenes, Adultos, Adultos Mayores, Victimas del conflicto",SI,Sí,SI,4,SI,Sí,"Mejorar la Infraestructura, Mejorar condiciones Medioambientales, Promover la productividad y el emprendimiento., Mejorar el acceso a los derechos",,formacion para el empleo,,,salidas recreativas,convites,,,,,15,Sí,5,10/01/2017,11/07/2016,15/03/2017,30/08/2017,,,Sí,Sí,No,Sí,Empalme Total,NO,SI,NO,SI,SI,NO,NO,NO,Sí,"Mejoran la calidad de vida de lo shabitantes en materia de salud, recreación, deporte, movilidad, acciones de limpieza"
27/09/2017,80,VILLA LOMA SN. A. PRADO,Cra 69 Nro 41 B Sur - 13,SI,Bueno,Bueno,No especifica,No especifica,No especifica,No especifica,No especifica,"Conocer de forma directa las problemáticas de la comunidad, el Voz a Voz, Integración social, Deportiva, en la Asambleas de la JAC y de la Comunidad en geeral, ",SI,Sí,Sí,"Mujeres, Hombres, Jóvenes, Adultos",SI,Sí,SI,1,SI,No,"Mejorar la Infraestructura, Mejorar condiciones Medioambientales, Promover la productividad y el emprendimiento., Mejorar el acceso a los derechos, Fortalecer la Convivencia",Apoyar la convocatoria de Vacunación,Difusión de la convocatoria de educación superior y cursos en la sede.,"Apoyo a la Discapacidad, Apoyar la convocatoria con actividades de los grupos tercera edad en la sede.",Torneos deportivos,"Actividades  de tomas recreativas, Apoyo a los recreandos, ","Manejo de Residuos Sólidos, ",,,,,10,Sí,5,26 de junio de 2017,26 de octubre del 2016,26 de octubre del 2617,30/08/2017,,,Sí,Sí,No,Sí,Empalme Parcial,,,,SI,,,,,Sí,"Se  escucha la problemática en general de la Comunidad en el barrio, Instalación de Cámaras de observación en la sede,   con el telecentro "
03/10/2017,80,VILLA MARIA,Carrera 69 # 38B Sur 104,NO,Bueno,No especifica,No especifica,No especifica,No especifica,No especifica,No especifica,"cumplimiento de reglamento de PH, Reglamento de convivencia, Asambleas, Reuniones informátivas",SI,Sí,Sí,"Mujeres, Hombres, Jóvenes, Adultos, Victimas del conflicto",SI,Sí,SI,1,SI,Sí,"Mejorar la Infraestructura, Mejorar condiciones Medioambientales, Mejorar el acceso a los derechos, Fortalecer la Convivencia",brigadas de salud,,,,,protección de mascotas,,,,,14,Sí,4,30/08/2016,30/08/2016,31/08/2016,23/09/2017,,,Sí,Sí,No,Sí,Empalme Total,SI,SI,SI,SI,SI,SI,SI,SI,Sí,mejoramiento del entorno 
15/09/2017,80,VILLA PALLAVECINI,Calle   37D Sur Nro 75 - 08,NO,Bueno,No especifica,No especifica,No especifica,No especifica,No especifica,No especifica,"Asambleas, Boletín Circular informativo;  integración de la comunidad en fechas especiales,  y Rosario Catóico",NO,Sí,Sí,"Mujeres, Hombres, Jóvenes, Adultos",SI,Sí,SI,4,SI,Sí,"Mejorar la Infraestructura, Mejorar condiciones Medioambientales, Mejorar el acceso a los derechos, Fortalecer la Convivencia",Apoyar convocatoria  de PP en salud visual y prótesis,,Apoyar convocatoria  de PP en  prótesis,,Apoyar convocatoria  de PP y el INDER en actividades en las canchas cercanas a la urbanización,Campaña en manejo responsable de residuos sólidos y aseo en el barrio,,,CONVIVENCIA,TENENCIA RESPONSABLE DE MASCOTAS,14,Sí,3,12 de junio del 2017,Julio del 2016,agosto del 2017,15/08/2017,,,Sí,Sí,No,Sí,Empalme Parcial,,,,SI,,,,,Sí,"La JAC Es referente en el barrio,  Mejora situaciones de Convivencia, Integra la comunidad."
13/09/2017,07,BARRIO VILLA SOFIA-SEGUNDA ETAPA,calle 81 b # 39-37,NO,Bueno,No especifica,No especifica,No especifica,No especifica,No especifica,No especifica,"Manifiesta la señora presidente la imposibilidad de realizar acciones debido a la baja participación de los afiliados, bajo compromiso de los dignatarios y debido a los temas de orden público",NO,Sí,Sí,"Mujeres, Hombres, Jóvenes, Adultos, Adultos Mayores, Victimas del conflicto",NO,Sí,NO,formulación y gestión de proyectos,NO,No,Mejorar la Infraestructura,,apoyo a estudiantes becados de presupuesto participativo,,,,,,,,tramite de problemas viales,14,No,No aplica,16/04/2016,no registra fecha,no se reportó,16/08/2016,,,Sí,Sí,No,Sí,Empalme Parcial,SI,SI,SI,SI,SI,SI,SI,SI,Sí,tramite de soluciones a necesidades básicas
03/09/2017,60,VILLA SURAMERICANA CIUDADELA NUEVO OCCIDENTE,Urbanización Villa Suramericana Comuna 60,SI,Bueno,Bueno,No especifica,No especifica,No especifica,"UVA, Hospital, Parroquia, Estacion de Policia",Bueno,"Festival empresarial, bazares, asambleas informativas, asambleas de elecciones",SI,Sí,Sí,"Mujeres, Hombres, Jóvenes, Adultos, Adultos Mayores, Victimas del conflicto",SI,Sí,SI,2,SI,No,"Mejorar la Infraestructura, Mejorar condiciones Medioambientales, Promover la productividad y el emprendimiento., Mejorar el acceso a los derechos, Fortalecer la Convivencia","Promoción y prevención, actividades para prevención de drogadiccion",Capacitación a venteros informales,Peluquería gratuita para los habitantes de la unidad,Campeonato de futbol,Semilleros infantiles,Pedagogia casa en casa sobre el manejo de residuos solidos,,Bazares,,,14,Sí,3,04/08/2017,,16/08/2017,23/04/2017,,,Sí,No,No,Sí,Empalme Total,SI,SI,SI,SI,SI,SI,SI,SI,Sí,"Incide en el mejoramiento de calidad de vida mejorando las condiciones de movilidad, seguridad e inclusion social"
11/09/2017,09,BARRIO CAUNCES DE ORIENTE,CALLE 43E # 9D - 53,SI,Bueno,Regular,No especifica,No especifica,No especifica,No especifica,No especifica,"INTERVENCIÓN SOCIAL DE PUNTOS CRÍTICOS, ARTICULACIÓN CON LA CONSTITUCIONALIDAD, PROGRAMAS CON ADULTOS JÓVENES, DISCAPACITADOS E INICIACIÓN DEPORTIVA.",NO,Sí,Sí,No responde ,SI,Sí,SI,6,SI,No,"Mejorar la Infraestructura, Mejorar condiciones Medioambientales, Mejorar el acceso a los derechos, Fortalecer la Convivencia","JORNADAS DE CONTROL DE ROEDORES, VACUNACIÓN, INSPECCION SANITARIA DE AGUAS RESIDUALES, ACOPIOS DE BASURAS  ",,HIMNO DE LA JAC ,CAMPEONATOS DE MICRO ,ACTIVIDADES EN EL SERRÓ EL VOLADOR Y CONFAMA.,,,GRUPO DE TEATRO,,,15,Sí,2,15/07/2017,22/11/2016,,03/09/2017,,,Sí,Sí,No,Sí,Empalme Total,SI,SI,SI,SI,SI,SI,SI,SI,Sí,"SE A PROPENDIDO POR EL DESARROLLO DEL BARRIO EN TERMINOS DE SALUS, INFRAESTRUCTURA, M. AMBIENTE, MPVILIDAD Y CONVIVENCIA."
22/09/2017,80,PRADITO PARTE BAJA,Diagonal 60 D #41C Sur-59,SI,No especifica,Regular,Bueno,No especifica,No especifica,No especifica,No especifica,Obras de infraestructura (andenes) y jornadas o campañas de aseo.,SI,Sí,Sí,"Mujeres, Hombres, Niños(as), Jóvenes, Adultos, Adultos Mayores",SI,Sí,SI,2,SI,No,"Mejorar la Infraestructura, Mejorar condiciones Medioambientales, Promover la productividad y el emprendimiento., Mejorar el acceso a los derechos, Fortalecer la Convivencia",Gafas,Becas,Protección y vida digna,,,Residuos sólidos y protección de quebradas,,,,,14,Sí,2,20 de Mayo del 2017,25 de Mayo del 2017,Esta en blanco,06/08/2017,,,Sí,Sí,No,Sí,Empalme Total,SI,NO,SI,SI,SI,SI,SI,SI,Sí,"PP, escuchando la comunidad, participando en SER CAPAZ, relaciones con las autoridades, gestión ante las secretarías, integración y articulación con la comunidad"
16/02/2018,70,BARRIO EL CORAZÓN SECTOR LOS TANQUES,calle 34b # 130 142,SI,Bueno,No especifica,No especifica,No especifica,No especifica,No especifica,No especifica,"Asambleas y Reuniones mensuales donde se vincula a la población interesada, la participación oscila entre 30 y 40 personas, torneos de voleibol, semana de la juventud, etc.",SI,Sí,Sí,"Mujeres, Hombres, LGTBI, Niños(as), Jóvenes, Adultos, Adultos Mayores, Victimas del Conflicto armado",SI,Sí,SI,10,SI,Sí,"Mejorar la Infraestructura, Mejorar condiciones Medioambientales, Promover la productividad y el emprendimiento., Mejorar el acceso a los derechos, Fortalecer la Convivencia","Campañas de salud visual, programas de odontología.","Promoción de la educación superior y bachillerato rural, ",,torneos de voleibol,Recreación para el adulto mayor vida saludable INDER.,jornadas de siembra arboles,,,,,21,Sí,2,,,,01/09/2017,,,Sí,Sí,No,Sí,Empalme Total,SI,SI,SI,SI,SI,SI,SI,SI,Sí,"En la promoción de la educación como eje y factor de cambio para el futuro de las nuevas generaciones, en el cuidado del medio ambiente sembrando arboles y la separando residuos, en la promoción del deporte para la salud de cuerpo y la sana convivencia en valores, mejoramiento de la infraestructura para la movilidad."
30/01/2018,16,BARRIO LOS ALPES,Calle 28 # 84-195,SI,No especifica,No especifica,No especifica,No especifica,No especifica,No especifica,No especifica,"Comité de aseo, asamblea, reuniones ",NO,Sí,No,No responde ,NO,No,SI,2,SI,No,"Mejorar la Infraestructura, Mejorar condiciones Medioambientales",Vacunación y esterilización de mascotas ,,,"Futbol, actividades con el inder ",,Mejoramiento de calles y alumbrado publico ,,,,,14,Sí,3,,,,,,,Sí,No,Sí,Sí,Empalme Total,SI,SI,SI,SI,SI,SI,SI,SI,Sí,Con actividades que desarrollan la comunidad 
25/08/2017,16,BARRIO LOS ROSALES,Jac Belen Rosales ,NO,No especifica,No especifica,No especifica,No especifica,Bueno,Telecentros ,Bueno,"Capacitaciones, actividad adulto mayor, aseo, yoga",SI,Sí,Sí,"Mujeres, Hombres, LGTBI, Niños(as), Jóvenes, Adultos, Adultos Mayores, Población en Situación de Discapacidad",SI,Sí,SI,10,SI,No,"Mejorar la Infraestructura, Mejorar condiciones Medioambientales",,Telecentros ,,Futbol,Manualidades ,,,,,,16,Sí,3,8 abril 2017 ,18 junio 2016 ,31 marzo 2017 ,18/07/2017,,,Sí,Sí,Sí,Sí,Empalme Total,SI,SI,SI,SI,SI,SI,SI,SI,Sí,Actividades 
12/12/2017,16,CIUDADELA SAN MIGUEL,Calle 1 B # 78-39 ,SI,No especifica,Bueno,Regular,No especifica,No especifica,No especifica,No especifica,"Actividades civicas, comite de deportes, trabajo social ",SI,Sí,No,"Mujeres, Hombres, Niños(as), Jóvenes, Adultos, Adultos Mayores, Victimas del Conflicto armado, Población en Situación de Discapacidad",SI,Sí,SI,6,SI,No,Mejorar la Infraestructura,Jornada de la salud ,Becas PP,,Futbol,Danzas ,,,"comités de aseo, mejoramiento de andenes ",,,14,Sí,4,Libro en participación ciudadana ,no tiene libro ,diciembre 2013,07/11/2017,,,Sí,No,Sí,Sí,Empalme Parcial,SI,SI,SI,SI,SI,NO,SI,SI,Sí,"Las acciones, con ahorro "
30/01/2018,16,BARRIO EL NOGAL,Calle 32 E # 76-152,SI,Bueno,Bueno,No especifica,No especifica,No especifica,No especifica,No especifica,"Comités, soluciona problemas de la caridad, calles, salud ",NO,Sí,Sí,No responde ,NO,No,SI,6,SI,No,"Mejorar la Infraestructura, Mejorar condiciones Medioambientales, Promover la productividad y el emprendimiento., Seguridad policía nacional ",Vacunación ,PP,Adulto mayor ,,,,,,,,11,No,Ninguna ,No especifica ,No especifica ,No especifica ,,,,Sí,No,No,Sí,Empalme Total,SI,SI,SI,SI,SI,SI,SI,SI,Sí,Las actividades de la comunidad 
29/10/2017,15,"MALLORCA, QUINTAS DE MALLORCA Y MANZANARES DOS",Calle 1 n-65a-86,NO,No especifica,No especifica,No especifica,No especifica,No especifica,No especifica,No especifica,"planes de trabajo dirigidos ala familia, mujeres, niños,mascotas.",SI,Sí,Sí,"Mujeres, Hombres, LGTBI, Niños(as), Jóvenes, Adultos, Adultos Mayores, Afrodescendientes",SI,Sí,SI,2,NO,No,"Mejorar la Infraestructura, Mejorar condiciones Medioambientales","Acompañamiento a campañas visuales, prótesis dentales.",acompañamiento a jóvenes para gestión de becas.,,,"Caminatas, salidas pedagógicas",Eco huertas.,,,,,12,Sí,3,27-01-2004,21-04-2015,01-04-2002,27/01/2004,,,Sí,Sí,No,Sí,Empalme Parcial,SI,NO,SI,NO,SI,NO,NO,SI,Sí,"Se ha ganado credibilidad, se logra que lleguen los beneficios a los afiliados, actividades en pro de la comunidad."
10/09/2017,13,BARRIO BELENCITO,Cra 93 No. 34AA-57,SI,No especifica,Bueno,Bueno,No especifica,No especifica,"No se tiene sede social, el establecimiento educativo y centro de desarrollo social están en buen estado ",Bueno,"""Estamos presentes en todas las actividades que organiza la comunidad y fundaciones, participan en la feria de la Antioqueñidad, cumpleaños de la Institución Educativa la  América de la comuna 12 etc.""",SI,Sí,Sí,"Mujeres, Hombres, LGTBI, Niños(as), Jóvenes, Adultos, Adultos Mayores, Afrodescendientes, Victimas del Conflicto armado, Población en Situación de Discapacidad",SI,No,SI,2,SI,No,"Mejorar la Infraestructura, Mejorar condiciones Medioambientales, Promover la productividad y el emprendimiento., Mejorar el acceso a los derechos, Fortalecer la Convivencia",Promoción y prevención en salud visual y ortodoncia articulados con la secretaria de salud,Se gestionan las becas de Sapiensa,Se realiza actividades dirigidas a toda la comunidad en mejoramiento de la calidad de vida,Con el Inder en la cancha apoya a los jóvenes ,Actividades que se celebran en el barrio a niños y adultos,"Actividades de cuidado del medio ambiente, convites etc.",No refiere,Articulación con las fiestas de la Antioqueñidad,No refiere,Ver lo antes mencionado,6,Sí,2,16/07/2017,No tiene a cargo enseres. libro en blanco,"31/1272016, se sugiere registrar ingresos y egresos y en los Planes de Trabajo colocar el valor de las actividades a realizar",01/02/2017,No poseen,No poseen,Sí,No,No,Sí,No Empalme,NO,NO,NO,NO,NO,NO,NO,NO,Sí,"""Con actividades de integración con la comunidad y en el Parque Lineal"", sitio donde se realiza las actividades."
09/10/2017,16,VILLAS DEL JORDAN,Carrera 81 # 5 sur-72 INT 103,SI,Bueno,Bueno,No especifica,No especifica,No especifica,No especifica,No especifica,"Las acciones que desarrolla La junta de vivienda comunitaria son: labor social con estudiantes, brigadas de salud visual y apoyo con psicólogos, convites.",SI,Sí,Sí,"Mujeres, Hombres, Jóvenes, Adultos, Adultos Mayores",SI,Sí,SI,10,SI,Sí,"Mejorar la Infraestructura, Mejorar condiciones Medioambientales, Promover la productividad y el emprendimiento., Fortalecer la Convivencia","Jornadas de salud visual, vacunación de mascotas.","Becas de presupuesto participativo, jóvenes de trabajo social.",,Actividades de rumba aerobica,Recreación y actividades con los niños.,Manejo de residuos sólidos.,,"Día del niño, grupo sol naciente.",,,19,Sí,8,16 de abril de 2016 ,noviembre 17 de 2015,no presenta,25/03/2017,,,Sí,Sí,No,Sí,Empalme Total,SI,SI,SI,SI,SI,SI,SI,SI,Sí,LA organización incide en el territorio con las acciones que realiza con los afiliados y trabajo para ayudarlos.
